-- phpMyAdmin SQL Dump
-- version 4.1.12
-- http://www.phpmyadmin.net
--
-- Host: 127.0.0.1
-- Generation Time: 2015 年 5 譛・11 日 14:16
-- サーバのバージョン： 5.6.16
-- PHP Version: 5.5.11

SET SQL_MODE = "NO_AUTO_VALUE_ON_ZERO";
SET time_zone = "+00:00";


/*!40101 SET @OLD_CHARACTER_SET_CLIENT=@@CHARACTER_SET_CLIENT */;
/*!40101 SET @OLD_CHARACTER_SET_RESULTS=@@CHARACTER_SET_RESULTS */;
/*!40101 SET @OLD_COLLATION_CONNECTION=@@COLLATION_CONNECTION */;
/*!40101 SET NAMES utf8 */;

--
-- Database: `point`
--

-- --------------------------------------------------------

--
-- テーブルの構造 `account`
--

CREATE TABLE IF NOT EXISTS `account` (
  `account_id` bigint(20) NOT NULL AUTO_INCREMENT COMMENT 'アカウントID',
  `account_name` varchar(50) NOT NULL COMMENT 'アカウント名',
  `login_id` varchar(20) NOT NULL COMMENT 'ログインID',
  `login_password` varchar(20) DEFAULT NULL COMMENT 'ログインパスワード',
  `permission_kind` tinyint(4) NOT NULL DEFAULT '1' COMMENT '権限種類 : 1：WebサイトGuest、2：Webサイト管理者',
  `status_id` tinyint(4) NOT NULL DEFAULT '1' COMMENT 'ステータス : 1：利用可能、9：利用不可(ロック)',
  `latest_login_date` datetime DEFAULT NULL COMMENT '最終ログイン日時',
  `regist_date` datetime NOT NULL COMMENT '登録日時',
  `update_date` datetime NOT NULL COMMENT '変更日時',
  `delete_flg` tinyint(4) NOT NULL DEFAULT '0' COMMENT '削除フラグ : 0：未削除、1：削除済み',
  PRIMARY KEY (`account_id`)
) ENGINE=InnoDB  DEFAULT CHARSET=utf8 COMMENT='アカウント情報' AUTO_INCREMENT=3 ;

--
-- テーブルのデータのダンプ `account`
--

INSERT INTO `account` (`account_id`, `account_name`, `login_id`, `login_password`, `permission_kind`, `status_id`, `latest_login_date`, `regist_date`, `update_date`, `delete_flg`) VALUES
(1, '高橋 <br />', 'testadmin', 'REm0ql7HNzY=', 2, 1, '2015-05-09 00:00:00', '2015-05-09 00:00:00', '2015-05-10 16:53:13', 0),
(2, 'テスト太郎', 'testguest', 'REm0ql7HNzY=', 1, 1, NULL, '2015-05-10 00:34:02', '2015-05-10 11:40:37', 1);

-- --------------------------------------------------------

--
-- テーブルの構造 `area_first`
--

CREATE TABLE IF NOT EXISTS `area_first` (
  `area_first_id` smallint(6) NOT NULL AUTO_INCREMENT COMMENT '第１エリアID',
  `category_large_id` tinyint(4) NOT NULL COMMENT '大カテゴリーID',
  `region_id` tinyint(4) NOT NULL COMMENT '地域ID',
  `prefectures_id` tinyint(4) DEFAULT NULL COMMENT '都道府県ID',
  `area_first_name` varchar(50) DEFAULT NULL COMMENT '第１エリア名',
  `delivery` char(1) NOT NULL COMMENT 'デリバリー',
  `rank` smallint(6) DEFAULT NULL COMMENT 'ランク順',
  `regist_date` datetime NOT NULL COMMENT '登録日時',
  `update_date` datetime NOT NULL COMMENT '変更日時',
  `delete_flg` tinyint(4) NOT NULL DEFAULT '0' COMMENT '削除フラグ : 0：未削除、1：削除済み',
  PRIMARY KEY (`area_first_id`)
) ENGINE=InnoDB  DEFAULT CHARSET=utf8 COMMENT='第１エリアマスター' AUTO_INCREMENT=189 ;

--
-- テーブルのデータのダンプ `area_first`
--

INSERT INTO `area_first` (`area_first_id`, `category_large_id`, `region_id`, `prefectures_id`, `area_first_name`, `delivery`, `rank`, `regist_date`, `update_date`, `delete_flg`) VALUES
(1, 1, 1, 1, '北海道', '0', NULL, '2015-05-25 14:06:59', '2015-05-25 14:06:59', 0),
(2, 1, 1, 1, '北海道', '1', NULL, '2015-05-25 14:06:59', '2015-05-25 14:06:59', 0),
(3, 1, 2, 2, '宮城県', '0', NULL, '2015-05-25 14:06:59', '2015-05-25 14:06:59', 0),
(4, 1, 2, 3, '福島県', '0', NULL, '2015-05-25 14:06:59', '2015-05-25 14:06:59', 0),
(5, 1, 2, 6, '青森県', '0', NULL, '2015-05-25 14:06:59', '2015-05-25 14:06:59', 0),
(6, 1, 2, 4, '岩手県', '0', NULL, '2015-05-25 14:06:59', '2015-05-25 14:06:59', 0),
(7, 1, 2, 5, '秋田県', '0', NULL, '2015-05-25 14:06:59', '2015-05-25 14:06:59', 0),
(8, 1, 2, 7, '山形県', '0', NULL, '2015-05-25 14:06:59', '2015-05-25 14:06:59', 0),
(9, 1, 2, 2, '宮城県', '1', NULL, '2015-05-25 14:06:59', '2015-05-25 14:06:59', 0),
(10, 1, 2, 3, '福島県', '1', NULL, '2015-05-25 14:06:59', '2015-05-25 14:06:59', 0),
(11, 1, 2, 6, '青森県', '1', NULL, '2015-05-25 14:06:59', '2015-05-25 14:06:59', 0),
(12, 1, 2, 4, '岩手県', '1', NULL, '2015-05-25 14:06:59', '2015-05-25 14:06:59', 0),
(13, 1, 2, 5, '秋田県', '1', NULL, '2015-05-25 14:06:59', '2015-05-25 14:06:59', 0),
(14, 1, 2, 7, '山形県', '1', NULL, '2015-05-25 14:06:59', '2015-05-25 14:06:59', 0),
(15, 1, 3, 8, '新潟県', '0', NULL, '2015-05-25 14:06:59', '2015-05-25 14:06:59', 0),
(16, 1, 3, 9, '山梨県', '0', NULL, '2015-05-25 14:06:59', '2015-05-25 14:06:59', 0),
(17, 1, 3, 10, '長野県', '0', NULL, '2015-05-25 14:06:59', '2015-05-25 14:06:59', 0),
(18, 1, 3, 8, '新潟県', '1', NULL, '2015-05-25 14:06:59', '2015-05-25 14:06:59', 0),
(19, 1, 3, 9, '山梨県', '1', NULL, '2015-05-25 14:06:59', '2015-05-25 14:06:59', 0),
(20, 1, 3, 10, '長野県', '1', NULL, '2015-05-25 14:06:59', '2015-05-25 14:06:59', 0),
(21, 1, 4, 11, '石川県', '0', NULL, '2015-05-25 14:06:59', '2015-05-25 14:06:59', 0),
(22, 1, 4, 12, '富山県', '0', NULL, '2015-05-25 14:06:59', '2015-05-25 14:06:59', 0),
(23, 1, 4, 13, '福井県', '0', NULL, '2015-05-25 14:06:59', '2015-05-25 14:06:59', 0),
(24, 1, 4, 11, '石川県', '1', NULL, '2015-05-25 14:06:59', '2015-05-25 14:06:59', 0),
(25, 1, 4, 12, '富山県', '1', NULL, '2015-05-25 14:06:59', '2015-05-25 14:06:59', 0),
(26, 1, 4, 13, '福井県', '1', NULL, '2015-05-25 14:06:59', '2015-05-25 14:06:59', 0),
(27, 1, 5, 14, '茨城県', '0', NULL, '2015-05-25 14:06:59', '2015-05-25 14:06:59', 0),
(28, 1, 5, 15, '栃木県', '0', NULL, '2015-05-25 14:06:59', '2015-05-25 14:06:59', 0),
(29, 1, 5, 14, '茨城県', '1', NULL, '2015-05-25 14:06:59', '2015-05-25 14:06:59', 0),
(30, 1, 5, 15, '栃木県', '1', NULL, '2015-05-25 14:06:59', '2015-05-25 14:06:59', 0),
(31, 1, 6, 16, '埼玉県', '0', NULL, '2015-05-25 14:06:59', '2015-05-25 14:06:59', 0),
(32, 1, 6, 17, '群馬県', '0', NULL, '2015-05-25 14:06:59', '2015-05-25 14:06:59', 0),
(33, 1, 6, 16, '埼玉県', '1', NULL, '2015-05-25 14:06:59', '2015-05-25 14:06:59', 0),
(34, 1, 6, 17, '群馬県', '1', NULL, '2015-05-25 14:06:59', '2015-05-25 14:06:59', 0),
(35, 1, 7, 18, '千葉県', '0', NULL, '2015-05-25 14:06:59', '2015-05-25 14:06:59', 0),
(36, 1, 7, 18, '千葉県', '1', NULL, '2015-05-25 14:06:59', '2015-05-25 14:06:59', 0),
(37, 1, 8, 19, '東京都', '0', NULL, '2015-05-25 14:06:59', '2015-05-25 14:06:59', 0),
(38, 1, 8, 19, '東京都', '1', NULL, '2015-05-25 14:06:59', '2015-05-25 14:06:59', 0),
(39, 1, 9, 20, '神奈川県', '0', NULL, '2015-05-25 14:06:59', '2015-05-25 14:06:59', 0),
(40, 1, 9, 20, '神奈川県', '1', NULL, '2015-05-25 14:06:59', '2015-05-25 14:06:59', 0),
(41, 1, 10, 21, '静岡県', '0', NULL, '2015-05-25 14:06:59', '2015-05-25 14:06:59', 0),
(42, 1, 10, 21, '静岡県', '1', NULL, '2015-05-25 14:06:59', '2015-05-25 14:06:59', 0),
(43, 1, 11, 22, '愛知県', '0', NULL, '2015-05-25 14:06:59', '2015-05-25 14:06:59', 0),
(44, 1, 11, 23, '岐阜県', '0', NULL, '2015-05-25 14:06:59', '2015-05-25 14:06:59', 0),
(45, 1, 11, 24, '三重県', '0', NULL, '2015-05-25 14:06:59', '2015-05-25 14:06:59', 0),
(46, 1, 11, 22, '愛知県', '1', NULL, '2015-05-25 14:06:59', '2015-05-25 14:06:59', 0),
(47, 1, 11, 23, '岐阜県', '1', NULL, '2015-05-25 14:06:59', '2015-05-25 14:06:59', 0),
(48, 1, 11, 24, '三重県', '1', NULL, '2015-05-25 14:06:59', '2015-05-25 14:06:59', 0),
(49, 1, 12, 25, '京都府', '0', NULL, '2015-05-25 14:06:59', '2015-05-25 14:06:59', 0),
(50, 1, 12, 26, '滋賀県', '0', NULL, '2015-05-25 14:06:59', '2015-05-25 14:06:59', 0),
(51, 1, 12, 27, '和歌山県', '0', NULL, '2015-05-25 14:06:59', '2015-05-25 14:06:59', 0),
(52, 1, 12, 28, '奈良県', '0', NULL, '2015-05-25 14:06:59', '2015-05-25 14:06:59', 0),
(53, 1, 12, 25, '京都府', '1', NULL, '2015-05-25 14:06:59', '2015-05-25 14:06:59', 0),
(54, 1, 12, 26, '滋賀県', '1', NULL, '2015-05-25 14:06:59', '2015-05-25 14:06:59', 0),
(55, 1, 12, 27, '和歌山県', '1', NULL, '2015-05-25 14:06:59', '2015-05-25 14:06:59', 0),
(56, 1, 12, 28, '奈良県', '1', NULL, '2015-05-25 14:06:59', '2015-05-25 14:06:59', 0),
(57, 1, 13, 29, '大阪府', '0', NULL, '2015-05-25 14:06:59', '2015-05-25 14:06:59', 0),
(58, 1, 13, 29, '大阪府', '1', NULL, '2015-05-25 14:06:59', '2015-05-25 14:06:59', 0),
(59, 1, 14, 30, '兵庫県', '0', NULL, '2015-05-25 14:06:59', '2015-05-25 14:06:59', 0),
(60, 1, 14, 30, '兵庫県', '1', NULL, '2015-05-25 14:06:59', '2015-05-25 14:06:59', 0),
(61, 1, 15, 31, '広島県', '0', NULL, '2015-05-25 14:06:59', '2015-05-25 14:06:59', 0),
(62, 1, 15, 32, '岡山県', '0', NULL, '2015-05-25 14:06:59', '2015-05-25 14:06:59', 0),
(63, 1, 15, 33, '鳥取県', '0', NULL, '2015-05-25 14:06:59', '2015-05-25 14:06:59', 0),
(64, 1, 15, 34, '島根県', '0', NULL, '2015-05-25 14:06:59', '2015-05-25 14:06:59', 0),
(65, 1, 15, 35, '山口県', '0', NULL, '2015-05-25 14:06:59', '2015-05-25 14:06:59', 0),
(66, 1, 15, 31, '広島県', '1', NULL, '2015-05-25 14:06:59', '2015-05-25 14:06:59', 0),
(67, 1, 15, 32, '岡山県', '1', NULL, '2015-05-25 14:06:59', '2015-05-25 14:06:59', 0),
(68, 1, 15, 33, '鳥取県', '1', NULL, '2015-05-25 14:06:59', '2015-05-25 14:06:59', 0),
(69, 1, 15, 34, '島根県', '1', NULL, '2015-05-25 14:06:59', '2015-05-25 14:06:59', 0),
(70, 1, 15, 35, '山口県', '1', NULL, '2015-05-25 14:06:59', '2015-05-25 14:06:59', 0),
(71, 1, 16, 36, '愛媛県', '0', NULL, '2015-05-25 14:06:59', '2015-05-25 14:06:59', 0),
(72, 1, 16, 37, '香川県', '0', NULL, '2015-05-25 14:06:59', '2015-05-25 14:06:59', 0),
(73, 1, 16, 38, '徳島県', '0', NULL, '2015-05-25 14:06:59', '2015-05-25 14:06:59', 0),
(74, 1, 16, 39, '高知県', '0', NULL, '2015-05-25 14:06:59', '2015-05-25 14:06:59', 0),
(75, 1, 16, 36, '愛媛県', '1', NULL, '2015-05-25 14:06:59', '2015-05-25 14:06:59', 0),
(76, 1, 16, 37, '香川県', '1', NULL, '2015-05-25 14:06:59', '2015-05-25 14:06:59', 0),
(77, 1, 16, 38, '徳島県', '1', NULL, '2015-05-25 14:06:59', '2015-05-25 14:06:59', 0),
(78, 1, 16, 39, '高知県', '1', NULL, '2015-05-25 14:06:59', '2015-05-25 14:06:59', 0),
(79, 1, 17, 40, '福岡県', '0', NULL, '2015-05-25 14:06:59', '2015-05-25 14:06:59', 0),
(80, 1, 17, 41, '佐賀県', '0', NULL, '2015-05-25 14:06:59', '2015-05-25 14:06:59', 0),
(81, 1, 17, 42, '大分県', '0', NULL, '2015-05-25 14:06:59', '2015-05-25 14:06:59', 0),
(82, 1, 17, 43, '長崎県', '0', NULL, '2015-05-25 14:06:59', '2015-05-25 14:06:59', 0),
(83, 1, 17, 40, '福岡県', '1', NULL, '2015-05-25 14:06:59', '2015-05-25 14:06:59', 0),
(84, 1, 17, 41, '佐賀県', '1', NULL, '2015-05-25 14:06:59', '2015-05-25 14:06:59', 0),
(85, 1, 17, 42, '大分県', '1', NULL, '2015-05-25 14:06:59', '2015-05-25 14:06:59', 0),
(86, 1, 17, 43, '長崎県', '1', NULL, '2015-05-25 14:06:59', '2015-05-25 14:06:59', 0),
(87, 1, 18, 44, '熊本県', '0', NULL, '2015-05-25 14:06:59', '2015-05-25 14:06:59', 0),
(88, 1, 18, 45, '宮崎県', '0', NULL, '2015-05-25 14:06:59', '2015-05-25 14:06:59', 0),
(89, 1, 18, 46, '鹿児島県', '0', NULL, '2015-05-25 14:06:59', '2015-05-25 14:06:59', 0),
(90, 1, 18, 44, '熊本県', '1', NULL, '2015-05-25 14:06:59', '2015-05-25 14:06:59', 0),
(91, 1, 18, 45, '宮崎県', '1', NULL, '2015-05-25 14:06:59', '2015-05-25 14:06:59', 0),
(92, 1, 18, 46, '鹿児島県', '1', NULL, '2015-05-25 14:06:59', '2015-05-25 14:06:59', 0),
(93, 1, 19, 47, '沖縄県', '0', NULL, '2015-05-25 14:06:59', '2015-05-25 14:06:59', 0),
(94, 1, 19, 47, '沖縄県', '1', NULL, '2015-05-25 14:06:59', '2015-05-25 14:06:59', 0),
(95, 2, 1, 1, '北海道', '0', NULL, '2015-05-25 14:06:59', '2015-05-25 14:06:59', 0),
(96, 2, 2, 2, '宮城県', '0', NULL, '2015-05-25 14:06:59', '2015-05-25 14:06:59', 0),
(97, 2, 2, 3, '福島県', '0', NULL, '2015-05-25 14:06:59', '2015-05-25 14:06:59', 0),
(98, 2, 2, 4, '岩手県', '0', NULL, '2015-05-25 14:06:59', '2015-05-25 14:06:59', 0),
(99, 2, 2, 5, '秋田県', '0', NULL, '2015-05-25 14:06:59', '2015-05-25 14:06:59', 0),
(100, 2, 2, 6, '青森県', '0', NULL, '2015-05-25 14:06:59', '2015-05-25 14:06:59', 0),
(101, 2, 2, 7, '山形県', '0', NULL, '2015-05-25 14:06:59', '2015-05-25 14:06:59', 0),
(102, 2, 3, 8, '新潟県', '0', NULL, '2015-05-25 14:06:59', '2015-05-25 14:06:59', 0),
(103, 2, 3, 9, '山梨県', '0', NULL, '2015-05-25 14:06:59', '2015-05-25 14:06:59', 0),
(104, 2, 3, 10, '長野県', '0', NULL, '2015-05-25 14:06:59', '2015-05-25 14:06:59', 0),
(105, 2, 4, 11, '石川県', '0', NULL, '2015-05-25 14:06:59', '2015-05-25 14:06:59', 0),
(106, 2, 4, 12, '富山県', '0', NULL, '2015-05-25 14:06:59', '2015-05-25 14:06:59', 0),
(107, 2, 4, 13, '福井県', '0', NULL, '2015-05-25 14:06:59', '2015-05-25 14:06:59', 0),
(108, 2, 5, 14, '茨城県', '0', NULL, '2015-05-25 14:06:59', '2015-05-25 14:06:59', 0),
(109, 2, 5, 15, '栃木県', '0', NULL, '2015-05-25 14:06:59', '2015-05-25 14:06:59', 0),
(110, 2, 6, 16, '埼玉県', '0', NULL, '2015-05-25 14:06:59', '2015-05-25 14:06:59', 0),
(111, 2, 6, 17, '群馬県', '0', NULL, '2015-05-25 14:06:59', '2015-05-25 14:06:59', 0),
(112, 2, 7, 18, '千葉県', '0', NULL, '2015-05-25 14:06:59', '2015-05-25 14:06:59', 0),
(113, 2, 8, 19, '東京都', '0', NULL, '2015-05-25 14:06:59', '2015-05-25 14:06:59', 0),
(114, 2, 9, 20, '神奈川県', '0', NULL, '2015-05-25 14:06:59', '2015-05-25 14:06:59', 0),
(115, 2, 10, 21, '静岡県', '0', NULL, '2015-05-25 14:06:59', '2015-05-25 14:06:59', 0),
(116, 2, 11, 22, '愛知県', '0', NULL, '2015-05-25 14:06:59', '2015-05-25 14:06:59', 0),
(117, 2, 11, 23, '岐阜県', '0', NULL, '2015-05-25 14:06:59', '2015-05-25 14:06:59', 0),
(118, 2, 11, 24, '三重県', '0', NULL, '2015-05-25 14:06:59', '2015-05-25 14:06:59', 0),
(119, 2, 12, 25, '京都府', '0', NULL, '2015-05-25 14:06:59', '2015-05-25 14:06:59', 0),
(120, 2, 12, 28, '奈良県', '0', NULL, '2015-05-25 14:06:59', '2015-05-25 14:06:59', 0),
(121, 2, 12, 26, '滋賀県', '0', NULL, '2015-05-25 14:06:59', '2015-05-25 14:06:59', 0),
(122, 2, 12, 27, '和歌山県', '0', NULL, '2015-05-25 14:06:59', '2015-05-25 14:06:59', 0),
(123, 2, 13, 29, '大阪府', '0', NULL, '2015-05-25 14:06:59', '2015-05-25 14:06:59', 0),
(124, 2, 14, 30, '兵庫県', '0', NULL, '2015-05-25 14:06:59', '2015-05-25 14:06:59', 0),
(125, 2, 15, 31, '広島県', '0', NULL, '2015-05-25 14:06:59', '2015-05-25 14:06:59', 0),
(126, 2, 15, 32, '岡山県', '0', NULL, '2015-05-25 14:06:59', '2015-05-25 14:06:59', 0),
(127, 2, 15, 33, '鳥取県', '0', NULL, '2015-05-25 14:06:59', '2015-05-25 14:06:59', 0),
(128, 2, 15, 34, '島根県', '0', NULL, '2015-05-25 14:06:59', '2015-05-25 14:06:59', 0),
(129, 2, 15, 35, '山口県', '0', NULL, '2015-05-25 14:06:59', '2015-05-25 14:06:59', 0),
(130, 2, 16, 36, '愛媛県', '0', NULL, '2015-05-25 14:06:59', '2015-05-25 14:06:59', 0),
(131, 2, 16, 37, '香川県', '0', NULL, '2015-05-25 14:06:59', '2015-05-25 14:06:59', 0),
(132, 2, 16, 38, '徳島県', '0', NULL, '2015-05-25 14:06:59', '2015-05-25 14:06:59', 0),
(133, 2, 16, 39, '高知県', '0', NULL, '2015-05-25 14:06:59', '2015-05-25 14:06:59', 0),
(134, 2, 17, 40, '福岡県', '0', NULL, '2015-05-25 14:06:59', '2015-05-25 14:06:59', 0),
(135, 2, 17, 41, '佐賀県', '0', NULL, '2015-05-25 14:06:59', '2015-05-25 14:06:59', 0),
(136, 2, 17, 42, '大分県', '0', NULL, '2015-05-25 14:06:59', '2015-05-25 14:06:59', 0),
(137, 2, 17, 43, '長崎県', '0', NULL, '2015-05-25 14:06:59', '2015-05-25 14:06:59', 0),
(138, 2, 18, 44, '熊本県', '0', NULL, '2015-05-25 14:06:59', '2015-05-25 14:06:59', 0),
(139, 2, 18, 45, '宮崎県', '0', NULL, '2015-05-25 14:06:59', '2015-05-25 14:06:59', 0),
(140, 2, 18, 46, '鹿児島県', '0', NULL, '2015-05-25 14:06:59', '2015-05-25 14:06:59', 0),
(141, 2, 19, 47, '沖縄県', '0', NULL, '2015-05-25 14:06:59', '2015-05-25 14:06:59', 0),
(142, 3, 1, 1, '北海道', '0', NULL, '2015-05-25 14:06:59', '2015-05-25 14:06:59', 0),
(143, 3, 2, 2, '宮城県', '0', NULL, '2015-05-25 14:06:59', '2015-05-25 14:06:59', 0),
(144, 3, 2, 4, '岩手県', '0', NULL, '2015-05-25 14:06:59', '2015-05-25 14:06:59', 0),
(145, 3, 2, 7, '山形県', '0', NULL, '2015-05-25 14:06:59', '2015-05-25 14:06:59', 0),
(146, 3, 2, 3, '福島県', '0', NULL, '2015-05-25 14:06:59', '2015-05-25 14:06:59', 0),
(147, 3, 2, 5, '秋田県', '0', NULL, '2015-05-25 14:06:59', '2015-05-25 14:06:59', 0),
(148, 3, 2, 6, '青森県', '0', NULL, '2015-05-25 14:06:59', '2015-05-25 14:06:59', 0),
(149, 3, 3, 8, '新潟県', '0', NULL, '2015-05-25 14:06:59', '2015-05-25 14:06:59', 0),
(150, 3, 3, 9, '山梨県', '0', NULL, '2015-05-25 14:06:59', '2015-05-25 14:06:59', 0),
(151, 3, 3, 10, '長野県', '0', NULL, '2015-05-25 14:06:59', '2015-05-25 14:06:59', 0),
(152, 3, 4, 11, '石川県', '0', NULL, '2015-05-25 14:06:59', '2015-05-25 14:06:59', 0),
(153, 3, 4, 12, '富山県', '0', NULL, '2015-05-25 14:06:59', '2015-05-25 14:06:59', 0),
(154, 3, 4, 13, '福井県', '0', NULL, '2015-05-25 14:06:59', '2015-05-25 14:06:59', 0),
(155, 3, 5, 15, '栃木県', '0', NULL, '2015-05-25 14:06:59', '2015-05-25 14:06:59', 0),
(156, 3, 5, 14, '茨城県', '0', NULL, '2015-05-25 14:06:59', '2015-05-25 14:06:59', 0),
(157, 3, 6, 17, '群馬県', '0', NULL, '2015-05-25 14:06:59', '2015-05-25 14:06:59', 0),
(158, 3, 6, 16, '埼玉県', '0', NULL, '2015-05-25 14:06:59', '2015-05-25 14:06:59', 0),
(159, 3, 7, 18, '千葉県', '0', NULL, '2015-05-25 14:06:59', '2015-05-25 14:06:59', 0),
(160, 3, 8, 19, '東京都', '0', NULL, '2015-05-25 14:06:59', '2015-05-25 14:06:59', 0),
(161, 3, 9, 20, '神奈川県', '0', NULL, '2015-05-25 14:06:59', '2015-05-25 14:06:59', 0),
(162, 3, 10, 21, '静岡県', '0', NULL, '2015-05-25 14:06:59', '2015-05-25 14:06:59', 0),
(163, 3, 11, 22, '愛知県', '0', NULL, '2015-05-25 14:06:59', '2015-05-25 14:06:59', 0),
(164, 3, 11, 23, '岐阜県', '0', NULL, '2015-05-25 14:06:59', '2015-05-25 14:06:59', 0),
(165, 3, 11, 24, '三重県', '0', NULL, '2015-05-25 14:06:59', '2015-05-25 14:06:59', 0),
(166, 3, 12, 25, '京都府', '0', NULL, '2015-05-25 14:06:59', '2015-05-25 14:06:59', 0),
(167, 3, 12, 26, '滋賀県', '0', NULL, '2015-05-25 14:06:59', '2015-05-25 14:06:59', 0),
(168, 3, 12, 27, '和歌山県', '0', NULL, '2015-05-25 14:06:59', '2015-05-25 14:06:59', 0),
(169, 3, 12, 28, '奈良県', '0', NULL, '2015-05-25 14:06:59', '2015-05-25 14:06:59', 0),
(170, 3, 13, 29, '大阪府', '0', NULL, '2015-05-25 14:06:59', '2015-05-25 14:06:59', 0),
(171, 3, 14, 30, '兵庫県', '0', NULL, '2015-05-25 14:06:59', '2015-05-25 14:06:59', 0),
(172, 3, 15, 31, '広島県', '0', NULL, '2015-05-25 14:06:59', '2015-05-25 14:06:59', 0),
(173, 3, 15, 32, '岡山県', '0', NULL, '2015-05-25 14:06:59', '2015-05-25 14:06:59', 0),
(174, 3, 15, 33, '鳥取県', '0', NULL, '2015-05-25 14:06:59', '2015-05-25 14:06:59', 0),
(175, 3, 15, 34, '島根県', '0', NULL, '2015-05-25 14:06:59', '2015-05-25 14:06:59', 0),
(176, 3, 15, 35, '山口県', '0', NULL, '2015-05-25 14:06:59', '2015-05-25 14:06:59', 0),
(177, 3, 16, 36, '愛媛県', '0', NULL, '2015-05-25 14:06:59', '2015-05-25 14:06:59', 0),
(178, 3, 16, 37, '香川県', '0', NULL, '2015-05-25 14:06:59', '2015-05-25 14:06:59', 0),
(179, 3, 16, 38, '徳島県', '0', NULL, '2015-05-25 14:06:59', '2015-05-25 14:06:59', 0),
(180, 3, 16, 39, '高知県', '0', NULL, '2015-05-25 14:06:59', '2015-05-25 14:06:59', 0),
(181, 3, 17, 40, '福岡県', '0', NULL, '2015-05-25 14:06:59', '2015-05-25 14:06:59', 0),
(182, 3, 17, 41, '佐賀県', '0', NULL, '2015-05-25 14:06:59', '2015-05-25 14:06:59', 0),
(183, 3, 17, 42, '大分県', '0', NULL, '2015-05-25 14:06:59', '2015-05-25 14:06:59', 0),
(184, 3, 17, 43, '長崎県', '0', NULL, '2015-05-25 14:06:59', '2015-05-25 14:06:59', 0),
(185, 3, 18, 44, '熊本県', '0', NULL, '2015-05-25 14:06:59', '2015-05-25 14:06:59', 0),
(186, 3, 18, 45, '宮崎県', '0', NULL, '2015-05-25 14:06:59', '2015-05-25 14:06:59', 0),
(187, 3, 18, 46, '鹿児島県', '0', NULL, '2015-05-25 14:06:59', '2015-05-25 14:06:59', 0),
(188, 3, 19, 47, '沖縄県', '0', NULL, '2015-05-25 14:06:59', '2015-05-25 14:06:59', 0);

-- --------------------------------------------------------

--
-- テーブルの構造 `area_second`
--

CREATE TABLE IF NOT EXISTS `area_second` (
  `area_second_id` smallint(6) NOT NULL AUTO_INCREMENT COMMENT '第２エリアID',
  `area_first_id` smallint(6) NOT NULL COMMENT '第１エリアID',
  `area_second_name` varchar(50) NOT NULL COMMENT '第２エリア名',
  `delivery` char(1) NOT NULL COMMENT 'デリバリー : 0：通常、1：デリバリー',
  `rank` smallint(6) DEFAULT NULL COMMENT 'ランク順',
  `regist_date` datetime NOT NULL COMMENT '登録日時',
  `update_date` datetime NOT NULL COMMENT '変更日時',
  `delete_flg` tinyint(4) NOT NULL DEFAULT '0' COMMENT '削除フラグ : 0：未削除、1：削除済み',
  PRIMARY KEY (`area_second_id`)
) ENGINE=InnoDB  DEFAULT CHARSET=utf8 COMMENT='第２エリアマスター' AUTO_INCREMENT=227 ;

--
-- テーブルのデータのダンプ `area_second`
--

INSERT INTO `area_second` (`area_second_id`, `area_first_id`, `area_second_name`, `delivery`, `rank`, `regist_date`, `update_date`, `delete_flg`) VALUES
(1, 1, '札幌市', '0', NULL, '2015-05-11 17:56:52', '2015-05-11 17:56:52', 0),
(2, 2, '札幌市', '1', NULL, '2015-05-11 17:56:52', '2015-05-11 17:56:52', 0),
(3, 2, '石狩地方', '1', NULL, '2015-05-11 17:56:52', '2015-05-11 17:56:52', 0),
(4, 2, '函館市', '1', NULL, '2015-05-11 17:56:52', '2015-05-11 17:56:52', 0),
(5, 2, '旭川市', '1', NULL, '2015-05-11 17:56:52', '2015-05-11 17:56:52', 0),
(6, 2, '胆振地方', '1', NULL, '2015-05-11 17:56:52', '2015-05-11 17:56:52', 0),
(7, 2, '網走地方', '1', NULL, '2015-05-11 17:56:52', '2015-05-11 17:56:52', 0),
(8, 2, '帯広市', '1', NULL, '2015-05-11 17:56:52', '2015-05-11 17:56:52', 0),
(9, 2, '根室地方', '1', NULL, '2015-05-11 17:56:52', '2015-05-11 17:56:52', 0),
(10, 2, '釧路地方', '1', NULL, '2015-05-11 17:56:52', '2015-05-11 17:56:52', 0),
(11, 3, '仙台エリア', '0', NULL, '2015-05-11 17:56:52', '2015-05-11 17:56:52', 0),
(12, 4, '郡山エリア', '0', NULL, '2015-05-11 17:56:52', '2015-05-11 17:56:52', 0),
(13, 4, 'いわきエリア', '0', NULL, '2015-05-11 17:56:52', '2015-05-11 17:56:52', 0),
(14, 6, '盛岡エリア', '0', NULL, '2015-05-11 17:56:52', '2015-05-11 17:56:52', 0),
(15, 7, '秋田エリア', '0', NULL, '2015-05-11 17:56:52', '2015-05-11 17:56:52', 0),
(16, 9, '仙台エリア', '1', NULL, '2015-05-11 17:56:52', '2015-05-11 17:56:52', 0),
(17, 9, '仙南エリア', '1', NULL, '2015-05-11 17:56:52', '2015-05-11 17:56:52', 0),
(18, 9, '大崎・県北・黒川郡エリア', '1', NULL, '2015-05-11 17:56:52', '2015-05-11 17:56:52', 0),
(19, 9, '石巻エリア', '1', NULL, '2015-05-11 17:56:52', '2015-05-11 17:56:52', 0),
(20, 9, '気仙沼エリア', '1', NULL, '2015-05-11 17:56:52', '2015-05-11 17:56:52', 0),
(21, 10, '福島エリア', '1', NULL, '2015-05-11 17:56:52', '2015-05-11 17:56:52', 0),
(22, 10, '郡山エリア', '1', NULL, '2015-05-11 17:56:52', '2015-05-11 17:56:52', 0),
(23, 10, 'いわきエリア', '1', NULL, '2015-05-11 17:56:52', '2015-05-11 17:56:52', 0),
(24, 10, '会津エリア', '1', NULL, '2015-05-11 17:56:52', '2015-05-11 17:56:52', 0),
(25, 10, '白河エリア', '1', NULL, '2015-05-11 17:56:52', '2015-05-11 17:56:52', 0),
(26, 10, '相双エリア', '1', NULL, '2015-05-11 17:56:52', '2015-05-11 17:56:52', 0),
(27, 11, '青森エリア', '1', NULL, '2015-05-11 17:56:52', '2015-05-11 17:56:52', 0),
(28, 12, '盛岡エリア', '1', NULL, '2015-05-11 17:56:52', '2015-05-11 17:56:52', 0),
(29, 12, '北上エリア', '1', NULL, '2015-05-11 17:56:52', '2015-05-11 17:56:52', 0),
(30, 12, '一関エリア', '1', NULL, '2015-05-11 17:56:52', '2015-05-11 17:56:52', 0),
(31, 13, '秋田エリア', '1', NULL, '2015-05-11 17:56:52', '2015-05-11 17:56:52', 0),
(32, 14, '山形エリア', '1', NULL, '2015-05-11 17:56:52', '2015-05-11 17:56:52', 0),
(33, 15, '下越', '0', NULL, '2015-05-11 17:56:52', '2015-05-11 17:56:52', 0),
(34, 18, '下越', '1', NULL, '2015-05-11 17:56:52', '2015-05-11 17:56:52', 0),
(35, 18, '中越', '1', NULL, '2015-05-11 17:56:52', '2015-05-11 17:56:52', 0),
(36, 18, '上越', '1', NULL, '2015-05-11 17:56:52', '2015-05-11 17:56:52', 0),
(37, 21, '石川県', '0', NULL, '2015-05-11 17:56:52', '2015-05-11 17:56:52', 0),
(38, 22, '富山県', '0', NULL, '2015-05-11 17:56:52', '2015-05-11 17:56:52', 0),
(39, 23, '福井県', '0', NULL, '2015-05-11 17:56:52', '2015-05-11 17:56:52', 0),
(40, 24, '石川県', '1', NULL, '2015-05-11 17:56:52', '2015-05-11 17:56:52', 0),
(41, 25, '富山県', '1', NULL, '2015-05-11 17:56:52', '2015-05-11 17:56:52', 0),
(42, 26, '福井県', '1', NULL, '2015-05-11 17:56:52', '2015-05-11 17:56:52', 0),
(43, 27, '茨城', '0', NULL, '2015-05-11 17:56:52', '2015-05-11 17:56:52', 0),
(44, 29, '茨城', '1', NULL, '2015-05-11 17:56:52', '2015-05-11 17:56:52', 0),
(45, 30, '栃木', '1', NULL, '2015-05-11 17:56:52', '2015-05-11 17:56:52', 0),
(46, 31, '大宮・さいたま', '0', NULL, '2015-05-11 17:56:52', '2015-05-11 17:56:52', 0),
(47, 31, '川口・蕨・戸田', '0', NULL, '2015-05-11 17:56:52', '2015-05-11 17:56:52', 0),
(48, 31, '越谷・春日部・久喜', '0', NULL, '2015-05-11 17:56:52', '2015-05-11 17:56:52', 0),
(49, 33, '大宮・さいたま', '1', NULL, '2015-05-11 17:56:52', '2015-05-11 17:56:52', 0),
(50, 33, '川口・蕨・戸田', '1', NULL, '2015-05-11 17:56:52', '2015-05-11 17:56:52', 0),
(51, 33, '越谷・春日部・久喜', '1', NULL, '2015-05-11 17:56:52', '2015-05-11 17:56:52', 0),
(52, 33, '川越・所沢・朝霞', '1', NULL, '2015-05-11 17:56:52', '2015-05-11 17:56:52', 0),
(53, 33, '熊谷・本庄', '1', NULL, '2015-05-11 17:56:52', '2015-05-11 17:56:52', 0),
(54, 34, '群馬', '1', NULL, '2015-05-11 17:56:52', '2015-05-11 17:56:52', 0),
(55, 35, '千葉・幕張', '0', NULL, '2015-05-11 17:56:52', '2015-05-11 17:56:52', 0),
(56, 35, '船橋・市川・浦安', '0', NULL, '2015-05-11 17:56:52', '2015-05-11 17:56:52', 0),
(57, 35, '松戸・柏', '0', NULL, '2015-05-11 17:56:52', '2015-05-11 17:56:52', 0),
(58, 35, '市原・君津・房総', '0', NULL, '2015-05-11 17:56:52', '2015-05-11 17:56:52', 0),
(59, 36, '千葉・幕張', '1', NULL, '2015-05-11 17:56:52', '2015-05-11 17:56:52', 0),
(60, 36, '船橋・市川・浦安', '1', NULL, '2015-05-11 17:56:52', '2015-05-11 17:56:52', 0),
(61, 36, '松戸・柏', '1', NULL, '2015-05-11 17:56:52', '2015-05-11 17:56:52', 0),
(62, 36, '成田・北部', '1', NULL, '2015-05-11 17:56:52', '2015-05-11 17:56:52', 0),
(63, 36, '市原・君津・房総', '1', NULL, '2015-05-11 17:56:52', '2015-05-11 17:56:52', 0),
(64, 37, '池袋～大塚～巣鴨', '0', NULL, '2015-05-11 17:56:52', '2015-05-11 17:56:52', 0),
(65, 37, '新宿～新大久保～高田馬場', '0', NULL, '2015-05-11 17:56:52', '2015-05-11 17:56:52', 0),
(66, 37, '恵比寿～渋谷～六本木', '0', NULL, '2015-05-11 17:56:52', '2015-05-11 17:56:52', 0),
(67, 37, '五反田～品川～新橋～蒲田', '0', NULL, '2015-05-11 17:56:52', '2015-05-11 17:56:52', 0),
(68, 37, '日暮里～鶯谷～上野', '0', NULL, '2015-05-11 17:56:52', '2015-05-11 17:56:52', 0),
(69, 37, '神田～錦糸町～小岩', '0', NULL, '2015-05-11 17:56:52', '2015-05-11 17:56:52', 0),
(70, 37, '吉原', '0', NULL, '2015-05-11 17:56:52', '2015-05-11 17:56:52', 0),
(71, 37, '西東京', '0', NULL, '2015-05-11 17:56:52', '2015-05-11 17:56:52', 0),
(72, 38, '池袋～大塚～巣鴨', '1', NULL, '2015-05-11 17:56:52', '2015-05-11 17:56:52', 0),
(73, 38, '新宿～新大久保～高田馬場', '1', NULL, '2015-05-11 17:56:52', '2015-05-11 17:56:52', 0),
(74, 38, '恵比寿～渋谷～六本木', '1', NULL, '2015-05-11 17:56:52', '2015-05-11 17:56:52', 0),
(75, 38, '五反田～品川～新橋～蒲田', '1', NULL, '2015-05-11 17:56:52', '2015-05-11 17:56:52', 0),
(76, 38, '日暮里～鶯谷～上野', '1', NULL, '2015-05-11 17:56:52', '2015-05-11 17:56:52', 0),
(77, 38, '神田～錦糸町～小岩', '1', NULL, '2015-05-11 17:56:52', '2015-05-11 17:56:52', 0),
(78, 38, '西東京', '1', NULL, '2015-05-11 17:56:52', '2015-05-11 17:56:52', 0),
(79, 39, '横浜市', '0', NULL, '2015-05-11 17:56:52', '2015-05-11 17:56:52', 0),
(80, 39, '川崎市', '0', NULL, '2015-05-11 17:56:52', '2015-05-11 17:56:52', 0),
(81, 39, '厚木・大和', '0', NULL, '2015-05-11 17:56:52', '2015-05-11 17:56:52', 0),
(82, 39, '町田・相模原', '0', NULL, '2015-05-11 17:56:52', '2015-05-11 17:56:52', 0),
(83, 40, '横浜市', '1', NULL, '2015-05-11 17:56:52', '2015-05-11 17:56:52', 0),
(84, 40, '川崎市', '1', NULL, '2015-05-11 17:56:52', '2015-05-11 17:56:52', 0),
(85, 40, '平塚・藤沢', '1', NULL, '2015-05-11 17:56:52', '2015-05-11 17:56:52', 0),
(86, 40, '横須賀・三浦', '1', NULL, '2015-05-11 17:56:52', '2015-05-11 17:56:52', 0),
(87, 40, '厚木・大和', '1', NULL, '2015-05-11 17:56:52', '2015-05-11 17:56:52', 0),
(88, 40, '町田・相模原', '1', NULL, '2015-05-11 17:56:52', '2015-05-11 17:56:52', 0),
(89, 40, '小田原・西湘', '1', NULL, '2015-05-11 17:56:52', '2015-05-11 17:56:52', 0),
(90, 41, '静岡中部', '0', NULL, '2015-05-11 17:56:52', '2015-05-11 17:56:52', 0),
(91, 41, '静岡西部', '0', NULL, '2015-05-11 17:56:52', '2015-05-11 17:56:52', 0),
(92, 41, '静岡東部', '0', NULL, '2015-05-11 17:56:52', '2015-05-11 17:56:52', 0),
(93, 42, '静岡中部', '1', NULL, '2015-05-11 17:56:52', '2015-05-11 17:56:52', 0),
(94, 42, '静岡西部', '1', NULL, '2015-05-11 17:56:52', '2015-05-11 17:56:52', 0),
(95, 42, '静岡東部', '1', NULL, '2015-05-11 17:56:52', '2015-05-11 17:56:52', 0),
(96, 43, '名古屋市', '0', NULL, '2015-05-11 17:56:52', '2015-05-11 17:56:52', 0),
(97, 43, '西三河・知多地区', '0', NULL, '2015-05-11 17:56:52', '2015-05-11 17:56:52', 0),
(98, 43, '東三河地区', '0', NULL, '2015-05-11 17:56:52', '2015-05-11 17:56:52', 0),
(99, 43, '尾張地区', '0', NULL, '2015-05-11 17:56:52', '2015-05-11 17:56:52', 0),
(100, 44, '岐阜県', '0', NULL, '2015-05-11 17:56:52', '2015-05-11 17:56:52', 0),
(101, 45, '三重県', '0', NULL, '2015-05-11 17:56:52', '2015-05-11 17:56:52', 0),
(102, 46, '名古屋市', '1', NULL, '2015-05-11 17:56:52', '2015-05-11 17:56:52', 0),
(103, 46, '西三川・知多地区', '1', NULL, '2015-05-11 17:56:52', '2015-05-11 17:56:52', 0),
(104, 46, '東三河地区', '1', NULL, '2015-05-11 17:56:52', '2015-05-11 17:56:52', 0),
(105, 46, '尾張地区', '1', NULL, '2015-05-11 17:56:52', '2015-05-11 17:56:52', 0),
(106, 47, '岐阜県', '1', NULL, '2015-05-11 17:56:52', '2015-05-11 17:56:52', 0),
(107, 48, '三重県', '1', NULL, '2015-05-11 17:56:52', '2015-05-11 17:56:52', 0),
(108, 49, '京都', '0', NULL, '2015-05-11 17:56:52', '2015-05-11 17:56:52', 0),
(109, 50, '雄琴', '0', NULL, '2015-05-11 17:56:52', '2015-05-11 17:56:52', 0),
(110, 51, '和歌山県', '0', NULL, '2015-05-11 17:56:52', '2015-05-11 17:56:52', 0),
(111, 53, '京都', '1', NULL, '2015-05-11 17:56:52', '2015-05-11 17:56:52', 0),
(112, 53, '舞鶴・福知山', '1', NULL, '2015-05-11 17:56:52', '2015-05-11 17:56:52', 0),
(113, 54, '大津', '1', NULL, '2015-05-11 17:56:52', '2015-05-11 17:56:52', 0),
(114, 54, '草津・守山', '1', NULL, '2015-05-11 17:56:52', '2015-05-11 17:56:52', 0),
(115, 54, '彦根・米原・長浜', '1', NULL, '2015-05-11 17:56:52', '2015-05-11 17:56:52', 0),
(116, 55, '和歌山県', '1', NULL, '2015-05-11 17:56:52', '2015-05-11 17:56:52', 0),
(117, 56, '奈良県', '1', NULL, '2015-05-11 17:56:52', '2015-05-11 17:56:52', 0),
(118, 57, '大阪市', '0', NULL, '2015-05-11 17:56:52', '2015-05-11 17:56:52', 0),
(119, 57, '南大阪', '0', NULL, '2015-05-11 17:56:52', '2015-05-11 17:56:52', 0),
(120, 57, '東大阪', '0', NULL, '2015-05-11 17:56:52', '2015-05-11 17:56:52', 0),
(121, 58, '大阪市', '1', NULL, '2015-05-11 17:56:52', '2015-05-11 17:56:52', 0),
(122, 58, '南大阪', '1', NULL, '2015-05-11 17:56:52', '2015-05-11 17:56:52', 0),
(123, 58, '北大阪', '1', NULL, '2015-05-11 17:56:52', '2015-05-11 17:56:52', 0),
(124, 58, '東大阪', '1', NULL, '2015-05-11 17:56:52', '2015-05-11 17:56:52', 0),
(125, 59, '神戸', '0', NULL, '2015-05-11 17:56:52', '2015-05-11 17:56:52', 0),
(126, 59, '阪神', '0', NULL, '2015-05-11 17:56:52', '2015-05-11 17:56:52', 0),
(127, 59, '姫路・加古川・明石', '0', NULL, '2015-05-11 17:56:52', '2015-05-11 17:56:52', 0),
(128, 60, '神戸', '1', NULL, '2015-05-11 17:56:52', '2015-05-11 17:56:52', 0),
(129, 60, '阪神', '1', NULL, '2015-05-11 17:56:52', '2015-05-11 17:56:52', 0),
(130, 60, '姫路・加古川・明石', '1', NULL, '2015-05-11 17:56:52', '2015-05-11 17:56:52', 0),
(131, 61, '広島県', '0', NULL, '2015-05-11 17:56:52', '2015-05-11 17:56:52', 0),
(132, 63, '鳥取県', '0', NULL, '2015-05-11 17:56:52', '2015-05-11 17:56:52', 0),
(133, 64, '島根県', '0', NULL, '2015-05-11 17:56:52', '2015-05-11 17:56:52', 0),
(134, 66, '広島県', '1', NULL, '2015-05-11 17:56:52', '2015-05-11 17:56:52', 0),
(135, 67, '岡山県', '1', NULL, '2015-05-11 17:56:52', '2015-05-11 17:56:52', 0),
(136, 68, '鳥取県', '1', NULL, '2015-05-11 17:56:52', '2015-05-11 17:56:52', 0),
(137, 69, '島根県', '1', NULL, '2015-05-11 17:56:52', '2015-05-11 17:56:52', 0),
(138, 70, '山口県', '1', NULL, '2015-05-11 17:56:52', '2015-05-11 17:56:52', 0),
(139, 71, '愛媛県', '0', NULL, '2015-05-11 17:56:52', '2015-05-11 17:56:52', 0),
(140, 72, '香川県', '0', NULL, '2015-05-11 17:56:52', '2015-05-11 17:56:52', 0),
(141, 73, '徳島県', '0', NULL, '2015-05-11 17:56:52', '2015-05-11 17:56:52', 0),
(142, 74, '高知県', '0', NULL, '2015-05-11 17:56:52', '2015-05-11 17:56:52', 0),
(143, 75, '愛媛県', '1', NULL, '2015-05-11 17:56:52', '2015-05-11 17:56:52', 0),
(144, 76, '香川県', '1', NULL, '2015-05-11 17:56:52', '2015-05-11 17:56:52', 0),
(145, 77, '徳島県', '1', NULL, '2015-05-11 17:56:52', '2015-05-11 17:56:52', 0),
(146, 78, '高知県', '1', NULL, '2015-05-11 17:56:52', '2015-05-11 17:56:52', 0),
(147, 79, '福岡市', '0', NULL, '2015-05-11 17:56:52', '2015-05-11 17:56:52', 0),
(148, 79, '久留米・越後地方', '0', NULL, '2015-05-11 17:56:52', '2015-05-11 17:56:52', 0),
(149, 79, '北九州市', '0', NULL, '2015-05-11 17:56:52', '2015-05-11 17:56:52', 0),
(150, 79, '山口県', '0', NULL, '2015-05-11 17:56:52', '2015-05-11 17:56:52', 0),
(151, 80, '佐賀県', '0', NULL, '2015-05-11 17:56:52', '2015-05-11 17:56:52', 0),
(152, 81, '大分県', '0', NULL, '2015-05-11 17:56:52', '2015-05-11 17:56:52', 0),
(153, 83, '福岡市', '1', NULL, '2015-05-11 17:56:52', '2015-05-11 17:56:52', 0),
(154, 83, '久留米・越後地方', '1', NULL, '2015-05-11 17:56:52', '2015-05-11 17:56:52', 0),
(155, 83, '北九州市', '1', NULL, '2015-05-11 17:56:52', '2015-05-11 17:56:52', 0),
(156, 83, '筑豊地方', '1', NULL, '2015-05-11 17:56:52', '2015-05-11 17:56:52', 0),
(157, 84, '佐賀県', '1', NULL, '2015-05-11 17:56:52', '2015-05-11 17:56:52', 0),
(158, 85, '大分県', '1', NULL, '2015-05-11 17:56:52', '2015-05-11 17:56:52', 0),
(159, 86, '長崎県', '1', NULL, '2015-05-11 17:56:52', '2015-05-11 17:56:52', 0),
(160, 87, '熊本県', '0', NULL, '2015-05-11 17:56:52', '2015-05-11 17:56:52', 0),
(161, 88, '宮崎県', '0', NULL, '2015-05-11 17:56:52', '2015-05-11 17:56:52', 0),
(162, 89, '鹿児島県', '0', NULL, '2015-05-11 17:56:52', '2015-05-11 17:56:52', 0),
(163, 90, '熊本県', '1', NULL, '2015-05-11 17:56:52', '2015-05-11 17:56:52', 0),
(164, 91, '宮崎県', '1', NULL, '2015-05-11 17:56:52', '2015-05-11 17:56:52', 0),
(165, 92, '鹿児島県', '1', NULL, '2015-05-11 17:56:52', '2015-05-11 17:56:52', 0),
(166, 93, '沖縄県', '0', NULL, '2015-05-11 17:56:52', '2015-05-11 17:56:52', 0),
(167, 94, '沖縄県', '1', NULL, '2015-05-11 17:56:52', '2015-05-11 17:56:52', 0),
(168, 95, '札幌市', '0', NULL, '2015-05-11 17:56:52', '2015-05-11 17:56:52', 0),
(169, 95, '千歳市', '0', NULL, '2015-05-11 17:56:52', '2015-05-11 17:56:52', 0),
(170, 95, '旭川市', '0', NULL, '2015-05-11 17:56:52', '2015-05-11 17:56:52', 0),
(171, 95, '函館市', '0', NULL, '2015-05-11 17:56:52', '2015-05-11 17:56:52', 0),
(172, 95, '帯広市', '0', NULL, '2015-05-11 17:56:52', '2015-05-11 17:56:52', 0),
(173, 95, '釧路市', '0', NULL, '2015-05-11 17:56:52', '2015-05-11 17:56:52', 0),
(174, 96, '宮城県', '0', NULL, '2015-05-11 17:56:52', '2015-05-11 17:56:52', 0),
(175, 97, '福島県', '0', NULL, '2015-05-11 17:56:52', '2015-05-11 17:56:52', 0),
(176, 98, '岩手県', '0', NULL, '2015-05-11 17:56:52', '2015-05-11 17:56:52', 0),
(177, 102, '新潟県', '0', NULL, '2015-05-11 17:56:52', '2015-05-11 17:56:52', 0),
(178, 105, '石川県', '0', NULL, '2015-05-11 17:56:52', '2015-05-11 17:56:52', 0),
(179, 106, '富山県', '0', NULL, '2015-05-11 17:56:52', '2015-05-11 17:56:52', 0),
(180, 107, '福井県', '0', NULL, '2015-05-11 17:56:52', '2015-05-11 17:56:52', 0),
(181, 113, '東京都', '0', NULL, '2015-05-11 17:56:52', '2015-05-11 17:56:52', 0),
(182, 113, '東京都その他', '0', NULL, '2015-05-11 17:56:52', '2015-05-11 17:56:52', 0),
(183, 115, '静岡県', '0', NULL, '2015-05-11 17:56:52', '2015-05-11 17:56:52', 0),
(184, 116, '愛知県', '0', NULL, '2015-05-11 17:56:52', '2015-05-11 17:56:52', 0),
(185, 117, '岐阜県', '0', NULL, '2015-05-11 17:56:52', '2015-05-11 17:56:52', 0),
(186, 119, '京都府', '0', NULL, '2015-05-11 17:56:52', '2015-05-11 17:56:52', 0),
(187, 120, '奈良県', '0', NULL, '2015-05-11 17:56:52', '2015-05-11 17:56:52', 0),
(188, 121, '滋賀県', '0', NULL, '2015-05-11 17:56:52', '2015-05-11 17:56:52', 0),
(189, 122, '和歌山県', '0', NULL, '2015-05-11 17:56:52', '2015-05-11 17:56:52', 0),
(190, 123, '大阪府', '0', NULL, '2015-05-11 17:56:52', '2015-05-11 17:56:52', 0),
(191, 124, '兵庫県', '0', NULL, '2015-05-11 17:56:52', '2015-05-11 17:56:52', 0),
(192, 125, '広島県', '0', NULL, '2015-05-11 17:56:52', '2015-05-11 17:56:52', 0),
(193, 130, '愛媛県', '0', NULL, '2015-05-11 17:56:52', '2015-05-11 17:56:52', 0),
(194, 131, '香川県', '0', NULL, '2015-05-11 17:56:52', '2015-05-11 17:56:52', 0),
(195, 134, '福岡県', '0', NULL, '2015-05-11 17:56:52', '2015-05-11 17:56:52', 0),
(196, 138, '熊本県', '0', NULL, '2015-05-11 17:56:52', '2015-05-11 17:56:52', 0),
(197, 141, '沖縄県', '0', NULL, '2015-05-11 17:56:52', '2015-05-11 17:56:52', 0),
(198, 142, '北海道', '0', NULL, '2015-05-11 17:56:52', '2015-05-11 17:56:52', 0),
(199, 143, '宮城県', '0', NULL, '2015-05-11 17:56:52', '2015-05-11 17:56:52', 0),
(200, 144, '岩手県', '0', NULL, '2015-05-11 17:56:52', '2015-05-11 17:56:52', 0),
(201, 145, '山形県', '0', NULL, '2015-05-11 17:56:52', '2015-05-11 17:56:52', 0),
(202, 146, '福島県', '0', NULL, '2015-05-11 17:56:52', '2015-05-11 17:56:52', 0),
(203, 149, '新潟県', '0', NULL, '2015-05-11 17:56:52', '2015-05-11 17:56:52', 0),
(204, 150, '山梨県', '0', NULL, '2015-05-11 17:56:52', '2015-05-11 17:56:52', 0),
(205, 151, '長野県', '0', NULL, '2015-05-11 17:56:52', '2015-05-11 17:56:52', 0),
(206, 152, '石川県', '0', NULL, '2015-05-11 17:56:52', '2015-05-11 17:56:52', 0),
(207, 155, '栃木県', '0', NULL, '2015-05-11 17:56:52', '2015-05-11 17:56:52', 0),
(208, 156, '茨城県', '0', NULL, '2015-05-11 17:56:52', '2015-05-11 17:56:52', 0),
(209, 157, '群馬県', '0', NULL, '2015-05-11 17:56:52', '2015-05-11 17:56:52', 0),
(210, 158, '埼玉県', '0', NULL, '2015-05-11 17:56:52', '2015-05-11 17:56:52', 0),
(211, 159, '千葉県', '0', NULL, '2015-05-11 17:56:52', '2015-05-11 17:56:52', 0),
(212, 160, '東京都', '0', NULL, '2015-05-11 17:56:52', '2015-05-11 17:56:52', 0),
(213, 161, '神奈川県', '0', NULL, '2015-05-11 17:56:52', '2015-05-11 17:56:52', 0),
(214, 162, '静岡県', '0', NULL, '2015-05-11 17:56:52', '2015-05-11 17:56:52', 0),
(215, 163, '愛知県', '0', NULL, '2015-05-11 17:56:52', '2015-05-11 17:56:52', 0),
(216, 166, '京都府', '0', NULL, '2015-05-11 17:56:52', '2015-05-11 17:56:52', 0),
(217, 167, '滋賀県', '0', NULL, '2015-05-11 17:56:52', '2015-05-11 17:56:52', 0),
(218, 170, '大阪府', '0', NULL, '2015-05-11 17:56:52', '2015-05-11 17:56:52', 0),
(219, 171, '兵庫県', '0', NULL, '2015-05-11 17:56:52', '2015-05-11 17:56:52', 0),
(220, 172, '広島県', '0', NULL, '2015-05-11 17:56:52', '2015-05-11 17:56:52', 0),
(221, 177, '愛媛県', '0', NULL, '2015-05-11 17:56:52', '2015-05-11 17:56:52', 0),
(222, 181, '福岡県', '0', NULL, '2015-05-11 17:56:52', '2015-05-11 17:56:52', 0),
(223, 185, '熊本県', '0', NULL, '2015-05-11 17:56:52', '2015-05-11 17:56:52', 0),
(224, 186, '宮崎県', '0', NULL, '2015-05-11 17:56:52', '2015-05-11 17:56:52', 0),
(225, 187, '鹿児島県', '0', NULL, '2015-05-11 17:56:52', '2015-05-11 17:56:52', 0),
(226, 188, '沖縄県', '0', NULL, '2015-05-11 17:56:52', '2015-05-11 17:56:52', 0);

-- --------------------------------------------------------

--
-- テーブルの構造 `area_third`
--

CREATE TABLE IF NOT EXISTS `area_third` (
  `area_third_id` smallint(6) NOT NULL AUTO_INCREMENT COMMENT '第３エリアID',
  `area_second_id` smallint(6) NOT NULL COMMENT '第２エリアID',
  `area_third_name` varchar(50) NOT NULL COMMENT '第３エリア名',
  `rank` smallint(6) DEFAULT NULL COMMENT 'ランク順',
  `regist_date` datetime NOT NULL COMMENT '登録日時',
  `update_date` datetime NOT NULL COMMENT '変更日時',
  `delete_flg` tinyint(4) NOT NULL DEFAULT '0' COMMENT '削除フラグ : 0：未削除、1：削除済み',
  PRIMARY KEY (`area_third_id`)
) ENGINE=InnoDB  DEFAULT CHARSET=utf8 COMMENT='第３エリアマスター' AUTO_INCREMENT=507 ;

--
-- テーブルのデータのダンプ `area_third`
--

INSERT INTO `area_third` (`area_third_id`, `area_second_id`, `area_third_name`, `rank`, `regist_date`, `update_date`, `delete_flg`) VALUES
(1, 1, 'ススキノ', NULL, '2015-05-11 17:57:17', '2015-05-11 17:57:17', 0),
(2, 2, '札幌市内', NULL, '2015-05-11 17:57:17', '2015-05-11 17:57:17', 0),
(3, 3, '千歳市', NULL, '2015-05-11 17:57:17', '2015-05-11 17:57:17', 0),
(4, 4, '函館市内', NULL, '2015-05-11 17:57:17', '2015-05-11 17:57:17', 0),
(5, 5, '旭川市内', NULL, '2015-05-11 17:57:17', '2015-05-11 17:57:17', 0),
(6, 6, '苫小牧市内', NULL, '2015-05-11 17:57:17', '2015-05-11 17:57:17', 0),
(7, 6, '室蘭市内', NULL, '2015-05-11 17:57:17', '2015-05-11 17:57:17', 0),
(8, 7, '北見市内', NULL, '2015-05-11 17:57:17', '2015-05-11 17:57:17', 0),
(9, 8, '帯広市内', NULL, '2015-05-11 17:57:17', '2015-05-11 17:57:17', 0),
(10, 9, '根室市近郊', NULL, '2015-05-11 17:57:17', '2015-05-11 17:57:17', 0),
(11, 10, '釧路市内', NULL, '2015-05-11 17:57:17', '2015-05-11 17:57:17', 0),
(12, 11, '仙台市', NULL, '2015-05-11 17:57:17', '2015-05-11 17:57:17', 0),
(13, 12, '郡山市', NULL, '2015-05-11 17:57:17', '2015-05-11 17:57:17', 0),
(14, 13, 'いわき市', NULL, '2015-05-11 17:57:17', '2015-05-11 17:57:17', 0),
(15, 14, '盛岡市', NULL, '2015-05-11 17:57:17', '2015-05-11 17:57:17', 0),
(16, 15, '秋田市', NULL, '2015-05-11 17:57:17', '2015-05-11 17:57:17', 0),
(17, 16, '仙台市', NULL, '2015-05-11 17:57:17', '2015-05-11 17:57:17', 0),
(18, 17, '名取・岩沼', NULL, '2015-05-11 17:57:17', '2015-05-11 17:57:17', 0),
(19, 18, '古川', NULL, '2015-05-11 17:57:17', '2015-05-11 17:57:17', 0),
(20, 19, '石巻・東松島', NULL, '2015-05-11 17:57:17', '2015-05-11 17:57:17', 0),
(21, 20, '気仙沼', NULL, '2015-05-11 17:57:17', '2015-05-11 17:57:17', 0),
(22, 21, '福島市', NULL, '2015-05-11 17:57:17', '2015-05-11 17:57:17', 0),
(23, 22, '郡山市', NULL, '2015-05-11 17:57:17', '2015-05-11 17:57:17', 0),
(24, 23, 'いわき市', NULL, '2015-05-11 17:57:17', '2015-05-11 17:57:17', 0),
(25, 24, '会津若松市', NULL, '2015-05-11 17:57:17', '2015-05-11 17:57:17', 0),
(26, 25, '白河市', NULL, '2015-05-11 17:57:17', '2015-05-11 17:57:17', 0),
(27, 26, '南相馬・相馬', NULL, '2015-05-11 17:57:17', '2015-05-11 17:57:17', 0),
(28, 27, '青森・弘前', NULL, '2015-05-11 17:57:17', '2015-05-11 17:57:17', 0),
(29, 28, '盛岡市', NULL, '2015-05-11 17:57:17', '2015-05-11 17:57:17', 0),
(30, 29, '北上市', NULL, '2015-05-11 17:57:17', '2015-05-11 17:57:17', 0),
(31, 30, '一関市', NULL, '2015-05-11 17:57:17', '2015-05-11 17:57:17', 0),
(32, 31, '秋田市', NULL, '2015-05-11 17:57:17', '2015-05-11 17:57:17', 0),
(33, 32, '山形', NULL, '2015-05-11 17:57:17', '2015-05-11 17:57:17', 0),
(34, 32, '米沢', NULL, '2015-05-11 17:57:17', '2015-05-11 17:57:17', 0),
(35, 32, '庄内', NULL, '2015-05-11 17:57:17', '2015-05-11 17:57:17', 0),
(36, 33, '新潟市', NULL, '2015-05-11 17:57:17', '2015-05-11 17:57:17', 0),
(37, 34, '佐渡市', NULL, '2015-05-11 17:57:17', '2015-05-11 17:57:17', 0),
(38, 34, '新潟市', NULL, '2015-05-11 17:57:17', '2015-05-11 17:57:17', 0),
(39, 34, '胎内市', NULL, '2015-05-11 17:57:17', '2015-05-11 17:57:17', 0),
(40, 35, '三条市', NULL, '2015-05-11 17:57:17', '2015-05-11 17:57:17', 0),
(41, 35, '柏崎市', NULL, '2015-05-11 17:57:17', '2015-05-11 17:57:17', 0),
(42, 35, '長岡市', NULL, '2015-05-11 17:57:17', '2015-05-11 17:57:17', 0),
(43, 35, '魚沼市', NULL, '2015-05-11 17:57:17', '2015-05-11 17:57:17', 0),
(44, 36, '上越市', NULL, '2015-05-11 17:57:17', '2015-05-11 17:57:17', 0),
(45, 37, '金沢', NULL, '2015-05-11 17:57:17', '2015-05-11 17:57:17', 0),
(46, 37, '加賀', NULL, '2015-05-11 17:57:17', '2015-05-11 17:57:17', 0),
(47, 38, '富山', NULL, '2015-05-11 17:57:17', '2015-05-11 17:57:17', 0),
(48, 39, '福井', NULL, '2015-05-11 17:57:17', '2015-05-11 17:57:17', 0),
(49, 40, '金沢', NULL, '2015-05-11 17:57:17', '2015-05-11 17:57:17', 0),
(50, 40, '加賀', NULL, '2015-05-11 17:57:17', '2015-05-11 17:57:17', 0),
(51, 40, '能登', NULL, '2015-05-11 17:57:17', '2015-05-11 17:57:17', 0),
(52, 41, '富山', NULL, '2015-05-11 17:57:17', '2015-05-11 17:57:17', 0),
(53, 41, '高岡', NULL, '2015-05-11 17:57:17', '2015-05-11 17:57:17', 0),
(54, 41, '黒部・魚津', NULL, '2015-05-11 17:57:17', '2015-05-11 17:57:17', 0),
(55, 42, '福井', NULL, '2015-05-11 17:57:17', '2015-05-11 17:57:17', 0),
(56, 42, '敦賀', NULL, '2015-05-11 17:57:17', '2015-05-11 17:57:17', 0),
(57, 43, '土浦・取手・つくば', NULL, '2015-05-11 17:57:17', '2015-05-11 17:57:17', 0),
(58, 43, '水戸', NULL, '2015-05-11 17:57:17', '2015-05-11 17:57:17', 0),
(59, 44, '日立・北茨城', NULL, '2015-05-11 17:57:17', '2015-05-11 17:57:17', 0),
(60, 44, '土浦・取手・つくば', NULL, '2015-05-11 17:57:17', '2015-05-11 17:57:17', 0),
(61, 45, '宇都宮', NULL, '2015-05-11 17:57:17', '2015-05-11 17:57:17', 0),
(62, 45, '小山', NULL, '2015-05-11 17:57:17', '2015-05-11 17:57:17', 0),
(63, 45, '那須塩原', NULL, '2015-05-11 17:57:17', '2015-05-11 17:57:17', 0),
(64, 46, '大宮', NULL, '2015-05-11 17:57:17', '2015-05-11 17:57:17', 0),
(65, 47, '川口・西川口', NULL, '2015-05-11 17:57:17', '2015-05-11 17:57:17', 0),
(66, 47, '蕨・戸田', NULL, '2015-05-11 17:57:17', '2015-05-11 17:57:17', 0),
(67, 48, '春日部', NULL, '2015-05-11 17:57:17', '2015-05-11 17:57:17', 0),
(68, 49, '大宮', NULL, '2015-05-11 17:57:17', '2015-05-11 17:57:17', 0),
(69, 49, 'その他さいたま', NULL, '2015-05-11 17:57:17', '2015-05-11 17:57:17', 0),
(70, 49, '上尾・桶川・北本', NULL, '2015-05-11 17:57:17', '2015-05-11 17:57:17', 0),
(71, 50, '川口・西川口', NULL, '2015-05-11 17:57:17', '2015-05-11 17:57:17', 0),
(72, 50, '蕨・戸田', NULL, '2015-05-11 17:57:17', '2015-05-11 17:57:17', 0),
(73, 51, '越谷・草加・三郷', NULL, '2015-05-11 17:57:17', '2015-05-11 17:57:17', 0),
(74, 51, '春日部', NULL, '2015-05-11 17:57:17', '2015-05-11 17:57:17', 0),
(75, 51, '久喜・幸手・蓮田', NULL, '2015-05-11 17:57:17', '2015-05-11 17:57:17', 0),
(76, 52, '川越・鶴ヶ島・坂戸', NULL, '2015-05-11 17:57:17', '2015-05-11 17:57:17', 0),
(77, 52, '所沢・入間・狭山', NULL, '2015-05-11 17:57:17', '2015-05-11 17:57:17', 0),
(78, 52, '朝霧・志木・新座', NULL, '2015-05-11 17:57:17', '2015-05-11 17:57:17', 0),
(79, 53, '熊谷・行田', NULL, '2015-05-11 17:57:17', '2015-05-11 17:57:17', 0),
(80, 53, '鴻巣・東松山', NULL, '2015-05-11 17:57:17', '2015-05-11 17:57:17', 0),
(81, 53, '本庄・深谷', NULL, '2015-05-11 17:57:17', '2015-05-11 17:57:17', 0),
(82, 54, '高崎', NULL, '2015-05-11 17:57:17', '2015-05-11 17:57:17', 0),
(83, 54, '伊勢崎', NULL, '2015-05-11 17:57:17', '2015-05-11 17:57:17', 0),
(84, 54, '館林', NULL, '2015-05-11 17:57:17', '2015-05-11 17:57:17', 0),
(85, 54, '太田', NULL, '2015-05-11 17:57:17', '2015-05-11 17:57:17', 0),
(86, 55, '栄町', NULL, '2015-05-11 17:57:17', '2015-05-11 17:57:17', 0),
(87, 56, '船橋・西船橋', NULL, '2015-05-11 17:57:17', '2015-05-11 17:57:17', 0),
(88, 57, '松戸・新松戸', NULL, '2015-05-11 17:57:17', '2015-05-11 17:57:17', 0),
(89, 57, '柏・野田', NULL, '2015-05-11 17:57:17', '2015-05-11 17:57:17', 0),
(90, 58, '市原・茂原', NULL, '2015-05-11 17:57:17', '2015-05-11 17:57:17', 0),
(91, 59, '栄町', NULL, '2015-05-11 17:57:17', '2015-05-11 17:57:17', 0),
(92, 59, '幕張', NULL, '2015-05-11 17:57:17', '2015-05-11 17:57:17', 0),
(93, 59, 'その他千葉市', NULL, '2015-05-11 17:57:17', '2015-05-11 17:57:17', 0),
(94, 60, '船橋・西船橋', NULL, '2015-05-11 17:57:17', '2015-05-11 17:57:17', 0),
(95, 60, '市川・本八幡', NULL, '2015-05-11 17:57:17', '2015-05-11 17:57:17', 0),
(96, 60, '浦安・行徳', NULL, '2015-05-11 17:57:17', '2015-05-11 17:57:17', 0),
(97, 61, '松戸・新松戸', NULL, '2015-05-11 17:57:17', '2015-05-11 17:57:17', 0),
(98, 61, '柏・野田', NULL, '2015-05-11 17:57:17', '2015-05-11 17:57:17', 0),
(99, 62, '成田', NULL, '2015-05-11 17:57:17', '2015-05-11 17:57:17', 0),
(100, 62, '旭・銚子', NULL, '2015-05-11 17:57:17', '2015-05-11 17:57:17', 0),
(101, 63, '市原・茂原', NULL, '2015-05-11 17:57:17', '2015-05-11 17:57:17', 0),
(102, 63, '君津・木更津', NULL, '2015-05-11 17:57:17', '2015-05-11 17:57:17', 0),
(103, 64, '池袋（豊島区）', NULL, '2015-05-11 17:57:17', '2015-05-11 17:57:17', 0),
(104, 64, '大塚（豊島区）', NULL, '2015-05-11 17:57:17', '2015-05-11 17:57:17', 0),
(105, 64, '巣鴨（豊島区）', NULL, '2015-05-11 17:57:17', '2015-05-11 17:57:17', 0),
(106, 65, '新宿区', NULL, '2015-05-11 17:57:17', '2015-05-11 17:57:17', 0),
(107, 65, '新宿区・歌舞伎町（新宿区）', NULL, '2015-05-11 17:57:17', '2015-05-11 17:57:17', 0),
(108, 65, '新大久保（新宿区）', NULL, '2015-05-11 17:57:17', '2015-05-11 17:57:17', 0),
(109, 65, '高田馬場（新宿区）', NULL, '2015-05-11 17:57:17', '2015-05-11 17:57:17', 0),
(110, 65, '大久保（新宿区）', NULL, '2015-05-11 17:57:17', '2015-05-11 17:57:17', 0),
(111, 65, '中野（中野区）', NULL, '2015-05-11 17:57:17', '2015-05-11 17:57:17', 0),
(112, 66, '渋谷（渋谷区）', NULL, '2015-05-11 17:57:17', '2015-05-11 17:57:17', 0),
(113, 66, '恵比寿（渋谷区）', NULL, '2015-05-11 17:57:17', '2015-05-11 17:57:17', 0),
(114, 67, '目黒（目黒区）', NULL, '2015-05-11 17:57:17', '2015-05-11 17:57:17', 0),
(115, 67, '五反田（品川区）', NULL, '2015-05-11 17:57:17', '2015-05-11 17:57:17', 0),
(116, 67, '新橋（港区）', NULL, '2015-05-11 17:57:17', '2015-05-11 17:57:17', 0),
(117, 67, '蒲田（大田区）', NULL, '2015-05-11 17:57:17', '2015-05-11 17:57:17', 0),
(118, 68, '上野（台東区）', NULL, '2015-05-11 17:57:17', '2015-05-11 17:57:17', 0),
(119, 68, '鶯谷（台東区）', NULL, '2015-05-11 17:57:17', '2015-05-11 17:57:17', 0),
(120, 68, '日暮里（荒川区）', NULL, '2015-05-11 17:57:17', '2015-05-11 17:57:17', 0),
(121, 68, '町屋（荒川区）', NULL, '2015-05-11 17:57:17', '2015-05-11 17:57:17', 0),
(122, 69, '神田（千代田区）', NULL, '2015-05-11 17:57:17', '2015-05-11 17:57:17', 0),
(123, 69, '錦糸町（墨田区）', NULL, '2015-05-11 17:57:17', '2015-05-11 17:57:17', 0),
(124, 69, '小岩（江戸川区）', NULL, '2015-05-11 17:57:17', '2015-05-11 17:57:17', 0),
(125, 69, '葛西（江戸川区）', NULL, '2015-05-11 17:57:17', '2015-05-11 17:57:17', 0),
(126, 69, '亀有（葛飾区）', NULL, '2015-05-11 17:57:17', '2015-05-11 17:57:17', 0),
(127, 70, '吉原（台東区）', NULL, '2015-05-11 17:57:17', '2015-05-11 17:57:17', 0),
(128, 71, '立川（立川市）', NULL, '2015-05-11 17:57:17', '2015-05-11 17:57:17', 0),
(129, 71, '吉祥寺（武蔵野市）', NULL, '2015-05-11 17:57:17', '2015-05-11 17:57:17', 0),
(130, 71, '府中（府中市）', NULL, '2015-05-11 17:57:17', '2015-05-11 17:57:17', 0),
(131, 71, '多摩（多摩市）', NULL, '2015-05-11 17:57:17', '2015-05-11 17:57:17', 0),
(132, 72, '池袋（豊島区）', NULL, '2015-05-11 17:57:17', '2015-05-11 17:57:17', 0),
(133, 72, '大塚（豊島区）', NULL, '2015-05-11 17:57:17', '2015-05-11 17:57:17', 0),
(134, 72, '巣鴨（豊島区）', NULL, '2015-05-11 17:57:17', '2015-05-11 17:57:17', 0),
(135, 72, '赤羽（北区）', NULL, '2015-05-11 17:57:17', '2015-05-11 17:57:17', 0),
(136, 73, '新宿区', NULL, '2015-05-11 17:57:17', '2015-05-11 17:57:17', 0),
(137, 73, '新宿・歌舞伎町（新宿区）', NULL, '2015-05-11 17:57:17', '2015-05-11 17:57:17', 0),
(138, 73, '新大久保（新宿区）', NULL, '2015-05-11 17:57:17', '2015-05-11 17:57:17', 0),
(139, 73, '高田馬場（新宿区）', NULL, '2015-05-11 17:57:17', '2015-05-11 17:57:17', 0),
(140, 73, '大久保（新宿区）', NULL, '2015-05-11 17:57:17', '2015-05-11 17:57:17', 0),
(141, 74, '渋谷（渋谷区）', NULL, '2015-05-11 17:57:17', '2015-05-11 17:57:17', 0),
(142, 74, '恵比寿（渋谷区）', NULL, '2015-05-11 17:57:17', '2015-05-11 17:57:17', 0),
(143, 74, '青山（渋谷区）', NULL, '2015-05-11 17:57:17', '2015-05-11 17:57:17', 0),
(144, 74, '六本木（港区）', NULL, '2015-05-11 17:57:17', '2015-05-11 17:57:17', 0),
(145, 74, '赤坂（港区）', NULL, '2015-05-11 17:57:17', '2015-05-11 17:57:17', 0),
(146, 74, '白金（港区）', NULL, '2015-05-11 17:57:17', '2015-05-11 17:57:17', 0),
(147, 74, '麻布（港区）', NULL, '2015-05-11 17:57:17', '2015-05-11 17:57:17', 0),
(148, 75, '目黒（目黒区）', NULL, '2015-05-11 17:57:17', '2015-05-11 17:57:17', 0),
(149, 75, '品川（品川区）', NULL, '2015-05-11 17:57:17', '2015-05-11 17:57:17', 0),
(150, 75, '五反田（品川区）', NULL, '2015-05-11 17:57:17', '2015-05-11 17:57:17', 0),
(151, 75, '新橋（港区）', NULL, '2015-05-11 17:57:17', '2015-05-11 17:57:17', 0),
(152, 75, '銀座（中央区）', NULL, '2015-05-11 17:57:17', '2015-05-11 17:57:17', 0),
(153, 75, '汐留（港区）', NULL, '2015-05-11 17:57:17', '2015-05-11 17:57:17', 0),
(154, 75, '蒲田（大田区）', NULL, '2015-05-11 17:57:17', '2015-05-11 17:57:17', 0),
(155, 76, '上野（台東区）', NULL, '2015-05-11 17:57:17', '2015-05-11 17:57:17', 0),
(156, 76, '鶯谷（台東区）', NULL, '2015-05-11 17:57:17', '2015-05-11 17:57:17', 0),
(157, 76, '秋葉原（台東区）', NULL, '2015-05-11 17:57:17', '2015-05-11 17:57:17', 0),
(158, 76, '日暮里（荒川区）', NULL, '2015-05-11 17:57:17', '2015-05-11 17:57:17', 0),
(159, 77, '神田（千代田区）', NULL, '2015-05-11 17:57:17', '2015-05-11 17:57:17', 0),
(160, 77, '錦糸町（墨田区）', NULL, '2015-05-11 17:57:17', '2015-05-11 17:57:17', 0),
(161, 77, '小岩（江戸川区）', NULL, '2015-05-11 17:57:17', '2015-05-11 17:57:17', 0),
(162, 77, '新小岩（葛飾区）', NULL, '2015-05-11 17:57:17', '2015-05-11 17:57:17', 0),
(163, 78, '立川（立川市）', NULL, '2015-05-11 17:57:17', '2015-05-11 17:57:17', 0),
(164, 78, '八王子（八王子市）', NULL, '2015-05-11 17:57:17', '2015-05-11 17:57:17', 0),
(165, 78, '吉祥寺（武蔵野市）', NULL, '2015-05-11 17:57:17', '2015-05-11 17:57:17', 0),
(166, 78, '府中（府中市）', NULL, '2015-05-11 17:57:17', '2015-05-11 17:57:17', 0),
(167, 78, '福生（福生市）', NULL, '2015-05-11 17:57:17', '2015-05-11 17:57:17', 0),
(168, 79, '関内曙町', NULL, '2015-05-11 17:57:17', '2015-05-11 17:57:17', 0),
(169, 79, '関内福富町', NULL, '2015-05-11 17:57:17', '2015-05-11 17:57:17', 0),
(170, 79, '桜木町・日ノ出町', NULL, '2015-05-11 17:57:17', '2015-05-11 17:57:17', 0),
(171, 79, '横浜西口', NULL, '2015-05-11 17:57:17', '2015-05-11 17:57:17', 0),
(172, 79, '鶴見', NULL, '2015-05-11 17:57:17', '2015-05-11 17:57:17', 0),
(173, 79, '横浜市内', NULL, '2015-05-11 17:57:17', '2015-05-11 17:57:17', 0),
(174, 80, '川崎堀之内', NULL, '2015-05-11 17:57:17', '2015-05-11 17:57:17', 0),
(175, 80, '川崎南町', NULL, '2015-05-11 17:57:17', '2015-05-11 17:57:17', 0),
(176, 80, '川崎市内', NULL, '2015-05-11 17:57:17', '2015-05-11 17:57:17', 0),
(177, 81, '本厚木', NULL, '2015-05-11 17:57:17', '2015-05-11 17:57:17', 0),
(178, 82, '町田', NULL, '2015-05-11 17:57:17', '2015-05-11 17:57:17', 0),
(179, 83, '関内', NULL, '2015-05-11 17:57:17', '2015-05-11 17:57:17', 0),
(180, 83, '横浜市内', NULL, '2015-05-11 17:57:17', '2015-05-11 17:57:17', 0),
(181, 84, '川崎市内', NULL, '2015-05-11 17:57:17', '2015-05-11 17:57:17', 0),
(182, 85, '平塚', NULL, '2015-05-11 17:57:17', '2015-05-11 17:57:17', 0),
(183, 85, '藤沢', NULL, '2015-05-11 17:57:17', '2015-05-11 17:57:17', 0),
(184, 86, '横須賀', NULL, '2015-05-11 17:57:17', '2015-05-11 17:57:17', 0),
(185, 87, '厚木', NULL, '2015-05-11 17:57:17', '2015-05-11 17:57:17', 0),
(186, 87, '大和', NULL, '2015-05-11 17:57:17', '2015-05-11 17:57:17', 0),
(187, 88, '町田', NULL, '2015-05-11 17:57:17', '2015-05-11 17:57:17', 0),
(188, 88, '相模原', NULL, '2015-05-11 17:57:17', '2015-05-11 17:57:17', 0),
(189, 89, '小田原', NULL, '2015-05-11 17:57:17', '2015-05-11 17:57:17', 0),
(190, 90, '静岡市', NULL, '2015-05-11 17:57:17', '2015-05-11 17:57:17', 0),
(191, 91, '浜松市', NULL, '2015-05-11 17:57:17', '2015-05-11 17:57:17', 0),
(192, 92, '三島市', NULL, '2015-05-11 17:57:17', '2015-05-11 17:57:17', 0),
(193, 92, '富士市', NULL, '2015-05-11 17:57:17', '2015-05-11 17:57:17', 0),
(194, 92, '沼津市', NULL, '2015-05-11 17:57:17', '2015-05-11 17:57:17', 0),
(195, 92, '熱海市', NULL, '2015-05-11 17:57:17', '2015-05-11 17:57:17', 0),
(196, 93, '焼津市・藤枝市・島田市', NULL, '2015-05-11 17:57:17', '2015-05-11 17:57:17', 0),
(197, 93, '静岡市', NULL, '2015-05-11 17:57:17', '2015-05-11 17:57:17', 0),
(198, 94, '浜松市', NULL, '2015-05-11 17:57:17', '2015-05-11 17:57:17', 0),
(199, 94, '磐田市・袋井市・掛川市', NULL, '2015-05-11 17:57:17', '2015-05-11 17:57:17', 0),
(200, 94, '菊川・御前崎', NULL, '2015-05-11 17:57:17', '2015-05-11 17:57:17', 0),
(201, 95, '三島市・その他周辺地域', NULL, '2015-05-11 17:57:17', '2015-05-11 17:57:17', 0),
(202, 95, '富士市・その他周辺地域', NULL, '2015-05-11 17:57:17', '2015-05-11 17:57:17', 0),
(203, 95, '沼津市', NULL, '2015-05-11 17:57:17', '2015-05-11 17:57:17', 0),
(204, 96, '名古屋駅', NULL, '2015-05-11 17:57:17', '2015-05-11 17:57:17', 0),
(205, 96, '太閤通', NULL, '2015-05-11 17:57:17', '2015-05-11 17:57:17', 0),
(206, 96, '納屋橋', NULL, '2015-05-11 17:57:17', '2015-05-11 17:57:17', 0),
(207, 96, '錦・丸の内', NULL, '2015-05-11 17:57:17', '2015-05-11 17:57:17', 0),
(208, 96, '栄', NULL, '2015-05-11 17:57:17', '2015-05-11 17:57:17', 0),
(209, 96, '東新町・新栄', NULL, '2015-05-11 17:57:17', '2015-05-11 17:57:17', 0),
(210, 96, '今池・池下', NULL, '2015-05-11 17:57:17', '2015-05-11 17:57:17', 0),
(211, 96, '大曽根', NULL, '2015-05-11 17:57:17', '2015-05-11 17:57:17', 0),
(212, 96, '熱田・堀田', NULL, '2015-05-11 17:57:17', '2015-05-11 17:57:17', 0),
(213, 96, '柴田', NULL, '2015-05-11 17:57:17', '2015-05-11 17:57:17', 0),
(214, 96, '大須・鶴舞', NULL, '2015-05-11 17:57:17', '2015-05-11 17:57:17', 0),
(215, 96, '金山・尾頭橋', NULL, '2015-05-11 17:57:17', '2015-05-11 17:57:17', 0),
(216, 97, '知立・刈谷', NULL, '2015-05-11 17:57:17', '2015-05-11 17:57:17', 0),
(217, 97, '大府・知多', NULL, '2015-05-11 17:57:17', '2015-05-11 17:57:17', 0),
(218, 98, '豊橋・豊川', NULL, '2015-05-11 17:57:17', '2015-05-11 17:57:17', 0),
(219, 99, '一宮・稲沢', NULL, '2015-05-11 17:57:17', '2015-05-11 17:57:17', 0),
(220, 100, '金津園', NULL, '2015-05-11 17:57:17', '2015-05-11 17:57:17', 0),
(221, 100, '大垣', NULL, '2015-05-11 17:57:17', '2015-05-11 17:57:17', 0),
(222, 101, '四日市', NULL, '2015-05-11 17:57:17', '2015-05-11 17:57:17', 0),
(223, 102, '名古屋市内', NULL, '2015-05-11 17:57:17', '2015-05-11 17:57:17', 0),
(224, 103, '豊田・知立・刈谷', NULL, '2015-05-11 17:57:17', '2015-05-11 17:57:17', 0),
(225, 103, '安城・岡崎方面', NULL, '2015-05-11 17:57:17', '2015-05-11 17:57:17', 0),
(226, 103, '西尾・碧南方面', NULL, '2015-05-11 17:57:17', '2015-05-11 17:57:17', 0),
(227, 103, '東海大府方面', NULL, '2015-05-11 17:57:17', '2015-05-11 17:57:17', 0),
(228, 103, '知多半島方面', NULL, '2015-05-11 17:57:17', '2015-05-11 17:57:17', 0),
(229, 104, '豊橋豊川方面', NULL, '2015-05-11 17:57:17', '2015-05-11 17:57:17', 0),
(230, 105, '一宮・稲沢方面', NULL, '2015-05-11 17:57:17', '2015-05-11 17:57:17', 0),
(231, 105, '春日井・小牧方面', NULL, '2015-05-11 17:57:17', '2015-05-11 17:57:17', 0),
(232, 105, '海部郡方面', NULL, '2015-05-11 17:57:17', '2015-05-11 17:57:17', 0),
(233, 106, '岐阜市内', NULL, '2015-05-11 17:57:17', '2015-05-11 17:57:17', 0),
(234, 106, '岐阜西濃方面', NULL, '2015-05-11 17:57:17', '2015-05-11 17:57:17', 0),
(235, 106, '岐阜中濃方面', NULL, '2015-05-11 17:57:17', '2015-05-11 17:57:17', 0),
(236, 106, '岐阜東濃方面', NULL, '2015-05-11 17:57:17', '2015-05-11 17:57:17', 0),
(237, 106, '岐阜飛騨方面', NULL, '2015-05-11 17:57:17', '2015-05-11 17:57:17', 0),
(238, 107, '桑名・四日市方面', NULL, '2015-05-11 17:57:17', '2015-05-11 17:57:17', 0),
(239, 107, '鈴鹿亀山方面', NULL, '2015-05-11 17:57:17', '2015-05-11 17:57:17', 0),
(240, 107, '三重中部方面', NULL, '2015-05-11 17:57:17', '2015-05-11 17:57:17', 0),
(241, 107, '三重南部方面', NULL, '2015-05-11 17:57:17', '2015-05-11 17:57:17', 0),
(242, 108, '祇園', NULL, '2015-05-11 17:57:17', '2015-05-11 17:57:17', 0),
(243, 108, '河原町', NULL, '2015-05-11 17:57:17', '2015-05-11 17:57:17', 0),
(244, 108, '木屋町', NULL, '2015-05-11 17:57:17', '2015-05-11 17:57:17', 0),
(245, 108, '伏見／南インター', NULL, '2015-05-11 17:57:17', '2015-05-11 17:57:17', 0),
(246, 109, '雄琴', NULL, '2015-05-11 17:57:17', '2015-05-11 17:57:17', 0),
(247, 110, '和歌山', NULL, '2015-05-11 17:57:17', '2015-05-11 17:57:17', 0),
(248, 111, '祇園', NULL, '2015-05-11 17:57:17', '2015-05-11 17:57:17', 0),
(249, 111, '伏見／南インター', NULL, '2015-05-11 17:57:17', '2015-05-11 17:57:17', 0),
(250, 111, '京都市内', NULL, '2015-05-11 17:57:17', '2015-05-11 17:57:17', 0),
(251, 112, '舞鶴市', NULL, '2015-05-11 17:57:17', '2015-05-11 17:57:17', 0),
(252, 113, '大津市', NULL, '2015-05-11 17:57:17', '2015-05-11 17:57:17', 0),
(253, 114, '草津市', NULL, '2015-05-11 17:57:17', '2015-05-11 17:57:17', 0),
(254, 114, '守山市', NULL, '2015-05-11 17:57:17', '2015-05-11 17:57:17', 0),
(255, 115, '彦根市', NULL, '2015-05-11 17:57:17', '2015-05-11 17:57:17', 0),
(256, 115, '米原市', NULL, '2015-05-11 17:57:17', '2015-05-11 17:57:17', 0),
(257, 116, '和歌山市内', NULL, '2015-05-11 17:57:17', '2015-05-11 17:57:17', 0),
(258, 116, '和歌山その他', NULL, '2015-05-11 17:57:17', '2015-05-11 17:57:17', 0),
(259, 117, '奈良市部', NULL, '2015-05-11 17:57:17', '2015-05-11 17:57:17', 0),
(260, 118, '梅田', NULL, '2015-05-11 17:57:17', '2015-05-11 17:57:17', 0),
(261, 118, '京橋・桜ノ宮・天満', NULL, '2015-05-11 17:57:17', '2015-05-11 17:57:17', 0),
(262, 118, '天王寺・阿倍野・大国町', NULL, '2015-05-11 17:57:17', '2015-05-11 17:57:17', 0),
(263, 118, '日本橋', NULL, '2015-05-11 17:57:17', '2015-05-11 17:57:17', 0),
(264, 118, '難波', NULL, '2015-05-11 17:57:17', '2015-05-11 17:57:17', 0),
(265, 118, '上本町・鶴橋', NULL, '2015-05-11 17:57:17', '2015-05-11 17:57:17', 0),
(266, 118, '谷九', NULL, '2015-05-11 17:57:17', '2015-05-11 17:57:17', 0),
(267, 118, '十三', NULL, '2015-05-11 17:57:17', '2015-05-11 17:57:17', 0),
(268, 118, '新大阪・西中島', NULL, '2015-05-11 17:57:17', '2015-05-11 17:57:17', 0),
(269, 118, 'その他大阪市内', NULL, '2015-05-11 17:57:17', '2015-05-11 17:57:17', 0),
(270, 119, '堺', NULL, '2015-05-11 17:57:17', '2015-05-11 17:57:17', 0),
(271, 119, '堺東', NULL, '2015-05-11 17:57:17', '2015-05-11 17:57:17', 0),
(272, 120, '東大阪市', NULL, '2015-05-11 17:57:17', '2015-05-11 17:57:17', 0),
(273, 121, '梅田', NULL, '2015-05-11 17:57:17', '2015-05-11 17:57:17', 0),
(274, 121, '京橋・桜ノ宮・天満', NULL, '2015-05-11 17:57:17', '2015-05-11 17:57:17', 0),
(275, 121, '天王寺・阿倍野・大国町', NULL, '2015-05-11 17:57:17', '2015-05-11 17:57:17', 0),
(276, 121, '日本橋', NULL, '2015-05-11 17:57:17', '2015-05-11 17:57:17', 0),
(277, 121, '難波', NULL, '2015-05-11 17:57:17', '2015-05-11 17:57:17', 0),
(278, 121, '谷九', NULL, '2015-05-11 17:57:17', '2015-05-11 17:57:17', 0),
(279, 121, '十三', NULL, '2015-05-11 17:57:17', '2015-05-11 17:57:17', 0),
(280, 121, '新大阪・西中島', NULL, '2015-05-11 17:57:17', '2015-05-11 17:57:17', 0),
(281, 121, 'その他大阪市内', NULL, '2015-05-11 17:57:17', '2015-05-11 17:57:17', 0),
(282, 122, '堺', NULL, '2015-05-11 17:57:17', '2015-05-11 17:57:17', 0),
(283, 122, '堺東', NULL, '2015-05-11 17:57:17', '2015-05-11 17:57:17', 0),
(284, 122, '南大阪その他', NULL, '2015-05-11 17:57:17', '2015-05-11 17:57:17', 0),
(285, 123, '北摂地区', NULL, '2015-05-11 17:57:17', '2015-05-11 17:57:17', 0),
(286, 124, '東大阪市', NULL, '2015-05-11 17:57:17', '2015-05-11 17:57:17', 0),
(287, 125, '福原', NULL, '2015-05-11 17:57:17', '2015-05-11 17:57:17', 0),
(288, 125, '三宮', NULL, '2015-05-11 17:57:17', '2015-05-11 17:57:17', 0),
(289, 126, '尼崎', NULL, '2015-05-11 17:57:17', '2015-05-11 17:57:17', 0),
(290, 127, '姫路', NULL, '2015-05-11 17:57:17', '2015-05-11 17:57:17', 0),
(291, 128, '三宮', NULL, '2015-05-11 17:57:17', '2015-05-11 17:57:17', 0),
(292, 128, '神戸市内', NULL, '2015-05-11 17:57:17', '2015-05-11 17:57:17', 0),
(293, 129, '尼崎', NULL, '2015-05-11 17:57:17', '2015-05-11 17:57:17', 0),
(294, 130, '姫路', NULL, '2015-05-11 17:57:17', '2015-05-11 17:57:17', 0),
(295, 130, '加古川', NULL, '2015-05-11 17:57:17', '2015-05-11 17:57:17', 0),
(296, 130, '明石', NULL, '2015-05-11 17:57:17', '2015-05-11 17:57:17', 0),
(297, 131, '広島市', NULL, '2015-05-11 17:57:17', '2015-05-11 17:57:17', 0),
(298, 132, '米子市', NULL, '2015-05-11 17:57:17', '2015-05-11 17:57:17', 0),
(299, 133, '松江エリア', NULL, '2015-05-11 17:57:17', '2015-05-11 17:57:17', 0),
(300, 134, '広島市', NULL, '2015-05-11 17:57:17', '2015-05-11 17:57:17', 0),
(301, 134, '呉エリア', NULL, '2015-05-11 17:57:17', '2015-05-11 17:57:17', 0),
(302, 134, '東広島エリア', NULL, '2015-05-11 17:57:17', '2015-05-11 17:57:17', 0),
(303, 135, '岡山市', NULL, '2015-05-11 17:57:17', '2015-05-11 17:57:17', 0),
(304, 135, '倉敷', NULL, '2015-05-11 17:57:17', '2015-05-11 17:57:17', 0),
(305, 136, '米子・境港エリア', NULL, '2015-05-11 17:57:17', '2015-05-11 17:57:17', 0),
(306, 137, '松江エリア', NULL, '2015-05-11 17:57:17', '2015-05-11 17:57:17', 0),
(307, 138, '下関市', NULL, '2015-05-11 17:57:17', '2015-05-11 17:57:17', 0),
(308, 138, '宇部市', NULL, '2015-05-11 17:57:17', '2015-05-11 17:57:17', 0),
(309, 138, '山口・防府エリア', NULL, '2015-05-11 17:57:17', '2015-05-11 17:57:17', 0),
(310, 138, '周南エリア', NULL, '2015-05-11 17:57:17', '2015-05-11 17:57:17', 0),
(311, 138, '萩・長門エリア', NULL, '2015-05-11 17:57:17', '2015-05-11 17:57:17', 0),
(312, 139, '松山市', NULL, '2015-05-11 17:57:17', '2015-05-11 17:57:17', 0),
(313, 140, '高松市', NULL, '2015-05-11 17:57:17', '2015-05-11 17:57:17', 0),
(314, 140, 'その他香川', NULL, '2015-05-11 17:57:17', '2015-05-11 17:57:17', 0),
(315, 141, '徳島市', NULL, '2015-05-11 17:57:17', '2015-05-11 17:57:17', 0),
(316, 142, '高知市', NULL, '2015-05-11 17:57:17', '2015-05-11 17:57:17', 0),
(317, 143, '松山市', NULL, '2015-05-11 17:57:17', '2015-05-11 17:57:17', 0),
(318, 143, '東予', NULL, '2015-05-11 17:57:17', '2015-05-11 17:57:17', 0),
(319, 143, '南予', NULL, '2015-05-11 17:57:17', '2015-05-11 17:57:17', 0),
(320, 144, '高松市', NULL, '2015-05-11 17:57:17', '2015-05-11 17:57:17', 0),
(321, 144, '中西讃', NULL, '2015-05-11 17:57:17', '2015-05-11 17:57:17', 0),
(322, 145, '徳島市', NULL, '2015-05-11 17:57:17', '2015-05-11 17:57:17', 0),
(323, 146, '高知市', NULL, '2015-05-11 17:57:17', '2015-05-11 17:57:17', 0),
(324, 146, '高知西部', NULL, '2015-05-11 17:57:17', '2015-05-11 17:57:17', 0),
(325, 147, '雑餉隈', NULL, '2015-05-11 17:57:17', '2015-05-11 17:57:17', 0),
(326, 147, 'その他福岡', NULL, '2015-05-11 17:57:17', '2015-05-11 17:57:17', 0),
(327, 147, '中洲', NULL, '2015-05-11 17:57:17', '2015-05-11 17:57:17', 0),
(328, 147, '天神', NULL, '2015-05-11 17:57:17', '2015-05-11 17:57:17', 0),
(329, 147, '博多駅', NULL, '2015-05-11 17:57:17', '2015-05-11 17:57:17', 0),
(330, 148, '久留米市', NULL, '2015-05-11 17:57:17', '2015-05-11 17:57:17', 0),
(331, 148, '大牟田市', NULL, '2015-05-11 17:57:17', '2015-05-11 17:57:17', 0),
(332, 149, '小倉', NULL, '2015-05-11 17:57:17', '2015-05-11 17:57:17', 0),
(333, 150, '下関市', NULL, '2015-05-11 17:57:17', '2015-05-11 17:57:17', 0),
(334, 151, '佐賀・多久地区', NULL, '2015-05-11 17:57:17', '2015-05-11 17:57:17', 0),
(335, 151, '武雄・嬉野地区', NULL, '2015-05-11 17:57:17', '2015-05-11 17:57:17', 0),
(336, 151, '伊万里・唐津地区', NULL, '2015-05-11 17:57:17', '2015-05-11 17:57:17', 0),
(337, 152, '別府市', NULL, '2015-05-11 17:57:17', '2015-05-11 17:57:17', 0),
(338, 153, '福岡市内', NULL, '2015-05-11 17:57:17', '2015-05-11 17:57:17', 0),
(339, 154, '久留米市', NULL, '2015-05-11 17:57:17', '2015-05-11 17:57:17', 0),
(340, 154, '筑後市', NULL, '2015-05-11 17:57:17', '2015-05-11 17:57:17', 0),
(341, 154, '柳川市', NULL, '2015-05-11 17:57:17', '2015-05-11 17:57:17', 0),
(342, 155, '小倉', NULL, '2015-05-11 17:57:17', '2015-05-11 17:57:17', 0),
(343, 155, '八幡', NULL, '2015-05-11 17:57:17', '2015-05-11 17:57:17', 0),
(344, 155, '遠賀・中間', NULL, '2015-05-11 17:57:17', '2015-05-11 17:57:17', 0),
(345, 155, '行橋', NULL, '2015-05-11 17:57:17', '2015-05-11 17:57:17', 0),
(346, 156, '直方・飯塚・田川', NULL, '2015-05-11 17:57:17', '2015-05-11 17:57:17', 0),
(347, 157, '佐賀・多久地区', NULL, '2015-05-11 17:57:17', '2015-05-11 17:57:17', 0),
(348, 157, '武雄・嬉野地区', NULL, '2015-05-11 17:57:17', '2015-05-11 17:57:17', 0),
(349, 157, '伊万里・唐津地区', NULL, '2015-05-11 17:57:17', '2015-05-11 17:57:17', 0),
(350, 158, '大分中部', NULL, '2015-05-11 17:57:17', '2015-05-11 17:57:17', 0),
(351, 158, '大分北部', NULL, '2015-05-11 17:57:17', '2015-05-11 17:57:17', 0),
(352, 159, '長崎地区', NULL, '2015-05-11 17:57:17', '2015-05-11 17:57:17', 0),
(353, 159, '諫早・大村方面', NULL, '2015-05-11 17:57:17', '2015-05-11 17:57:17', 0),
(354, 159, '佐世保・東彼地区', NULL, '2015-05-11 17:57:17', '2015-05-11 17:57:17', 0),
(355, 160, '熊本市', NULL, '2015-05-11 17:57:17', '2015-05-11 17:57:17', 0),
(356, 161, '宮崎市', NULL, '2015-05-11 17:57:17', '2015-05-11 17:57:17', 0),
(357, 162, '鹿児島市', NULL, '2015-05-11 17:57:17', '2015-05-11 17:57:17', 0),
(358, 163, '熊本市', NULL, '2015-05-11 17:57:17', '2015-05-11 17:57:17', 0),
(359, 163, '八代市', NULL, '2015-05-11 17:57:17', '2015-05-11 17:57:17', 0),
(360, 163, '人吉市', NULL, '2015-05-11 17:57:17', '2015-05-11 17:57:17', 0),
(361, 163, '天草市', NULL, '2015-05-11 17:57:17', '2015-05-11 17:57:17', 0),
(362, 164, '宮崎市', NULL, '2015-05-11 17:57:17', '2015-05-11 17:57:17', 0),
(363, 164, '都城市', NULL, '2015-05-11 17:57:17', '2015-05-11 17:57:17', 0),
(364, 164, '延岡市', NULL, '2015-05-11 17:57:17', '2015-05-11 17:57:17', 0),
(365, 165, '鹿児島市', NULL, '2015-05-11 17:57:17', '2015-05-11 17:57:17', 0),
(366, 165, '霧島方面', NULL, '2015-05-11 17:57:17', '2015-05-11 17:57:17', 0),
(367, 166, '那覇市', NULL, '2015-05-11 17:57:17', '2015-05-11 17:57:17', 0),
(368, 167, '那覇市', NULL, '2015-05-11 17:57:17', '2015-05-11 17:57:17', 0),
(369, 167, '石垣市', NULL, '2015-05-11 17:57:17', '2015-05-11 17:57:17', 0),
(370, 167, '名護市', NULL, '2015-05-11 17:57:17', '2015-05-11 17:57:17', 0),
(371, 167, '沖縄市', NULL, '2015-05-11 17:57:17', '2015-05-11 17:57:17', 0),
(372, 168, 'すすきの', NULL, '2015-05-11 17:57:17', '2015-05-11 17:57:17', 0),
(373, 168, '札幌駅', NULL, '2015-05-11 17:57:17', '2015-05-11 17:57:17', 0),
(374, 168, '北区', NULL, '2015-05-11 17:57:17', '2015-05-11 17:57:17', 0),
(375, 168, '白石区', NULL, '2015-05-11 17:57:17', '2015-05-11 17:57:17', 0),
(376, 169, '千歳市', NULL, '2015-05-11 17:57:17', '2015-05-11 17:57:17', 0),
(377, 170, '旭川市', NULL, '2015-05-11 17:57:17', '2015-05-11 17:57:17', 0),
(378, 171, '函館市', NULL, '2015-05-11 17:57:17', '2015-05-11 17:57:17', 0),
(379, 172, '帯広市', NULL, '2015-05-11 17:57:17', '2015-05-11 17:57:17', 0),
(380, 173, '釧路市', NULL, '2015-05-11 17:57:17', '2015-05-11 17:57:17', 0),
(381, 174, '仙台市（国分町）', NULL, '2015-05-11 17:57:17', '2015-05-11 17:57:17', 0),
(382, 175, '郡山市（郡山）', NULL, '2015-05-11 17:57:17', '2015-05-11 17:57:17', 0),
(383, 176, '盛岡市（盛岡）', NULL, '2015-05-11 17:57:17', '2015-05-11 17:57:17', 0),
(384, 177, '新潟市（中央区）', NULL, '2015-05-11 17:57:17', '2015-05-11 17:57:17', 0),
(385, 177, '三条市（三条市）', NULL, '2015-05-11 17:57:17', '2015-05-11 17:57:17', 0),
(386, 177, '長岡市（長岡駅前）', NULL, '2015-05-11 17:57:17', '2015-05-11 17:57:17', 0),
(387, 177, '見附市（見附市）', NULL, '2015-05-11 17:57:17', '2015-05-11 17:57:17', 0),
(388, 178, '石川県（金沢市）', NULL, '2015-05-11 17:57:17', '2015-05-11 17:57:17', 0),
(389, 178, '石川県（小松市）', NULL, '2015-05-11 17:57:17', '2015-05-11 17:57:17', 0),
(390, 179, '富山県（富山市）', NULL, '2015-05-11 17:57:17', '2015-05-11 17:57:17', 0),
(391, 179, '富山県（魚津市）', NULL, '2015-05-11 17:57:17', '2015-05-11 17:57:17', 0),
(392, 179, '富山県（氷見市）', NULL, '2015-05-11 17:57:17', '2015-05-11 17:57:17', 0),
(393, 180, '福井県（福井市）', NULL, '2015-05-11 17:57:17', '2015-05-11 17:57:17', 0),
(394, 181, '新宿区', NULL, '2015-05-11 17:57:17', '2015-05-11 17:57:17', 0),
(395, 181, '台東区（上野）', NULL, '2015-05-11 17:57:17', '2015-05-11 17:57:17', 0),
(396, 181, '豊島区（池袋）', NULL, '2015-05-11 17:57:17', '2015-05-11 17:57:17', 0),
(397, 181, '世田谷区', NULL, '2015-05-11 17:57:17', '2015-05-11 17:57:17', 0),
(398, 181, '杉並区', NULL, '2015-05-11 17:57:17', '2015-05-11 17:57:17', 0),
(399, 181, '足立区', NULL, '2015-05-11 17:57:17', '2015-05-11 17:57:17', 0),
(400, 181, '港区（六本木）', NULL, '2015-05-11 17:57:17', '2015-05-11 17:57:17', 0),
(401, 181, '中央区（銀座）', NULL, '2015-05-11 17:57:17', '2015-05-11 17:57:17', 0),
(402, 181, '渋谷区', NULL, '2015-05-11 17:57:17', '2015-05-11 17:57:17', 0),
(403, 181, '江戸川区', NULL, '2015-05-11 17:57:17', '2015-05-11 17:57:17', 0),
(404, 181, '練馬区', NULL, '2015-05-11 17:57:17', '2015-05-11 17:57:17', 0),
(405, 181, '品川区', NULL, '2015-05-11 17:57:17', '2015-05-11 17:57:17', 0),
(406, 181, '墨田区', NULL, '2015-05-11 17:57:17', '2015-05-11 17:57:17', 0),
(407, 181, '北区', NULL, '2015-05-11 17:57:17', '2015-05-11 17:57:17', 0),
(408, 181, '目黒区', NULL, '2015-05-11 17:57:17', '2015-05-11 17:57:17', 0),
(409, 182, '西東京エリア', NULL, '2015-05-11 17:57:17', '2015-05-11 17:57:17', 0),
(410, 182, '町田', NULL, '2015-05-11 17:57:17', '2015-05-11 17:57:17', 0),
(411, 183, '静岡西部（浜松市）', NULL, '2015-05-11 17:57:17', '2015-05-11 17:57:17', 0),
(412, 183, '静岡西部（掛川・磐田・袋井方面）', NULL, '2015-05-11 17:57:17', '2015-05-11 17:57:17', 0),
(413, 183, '静岡中部（静岡市）', NULL, '2015-05-11 17:57:17', '2015-05-11 17:57:17', 0),
(414, 183, '静岡中部（焼津・藤枝・島田方面）', NULL, '2015-05-11 17:57:17', '2015-05-11 17:57:17', 0),
(415, 183, '静岡東部（沼津市）', NULL, '2015-05-11 17:57:17', '2015-05-11 17:57:17', 0),
(416, 183, '静岡東部（富士・富士宮方面）', NULL, '2015-05-11 17:57:17', '2015-05-11 17:57:17', 0),
(417, 183, '静岡東部（三島・御殿場方面）', NULL, '2015-05-11 17:57:17', '2015-05-11 17:57:17', 0),
(418, 183, '静岡東部（熱海・伊東・伊豆方面）', NULL, '2015-05-11 17:57:17', '2015-05-11 17:57:17', 0),
(419, 184, '名古屋市（錦）', NULL, '2015-05-11 17:57:17', '2015-05-11 17:57:17', 0),
(420, 184, '名古屋市（名駅）', NULL, '2015-05-11 17:57:17', '2015-05-11 17:57:17', 0),
(421, 184, '名古屋市（金山）', NULL, '2015-05-11 17:57:17', '2015-05-11 17:57:17', 0),
(422, 184, '名古屋市（中区・中村区・中川区）', NULL, '2015-05-11 17:57:17', '2015-05-11 17:57:17', 0),
(423, 184, '名古屋市（西区・北区・東区）', NULL, '2015-05-11 17:57:17', '2015-05-11 17:57:17', 0),
(424, 184, '名古屋市（千種区・名東区・守山区）', NULL, '2015-05-11 17:57:17', '2015-05-11 17:57:17', 0),
(425, 184, '名古屋市（天白区・瑞穂区・緑区）', NULL, '2015-05-11 17:57:17', '2015-05-11 17:57:17', 0),
(426, 184, '名古屋市（南区・港区）', NULL, '2015-05-11 17:57:17', '2015-05-11 17:57:17', 0),
(427, 184, '西三河・知多（岡崎・豊田方面）', NULL, '2015-05-11 17:57:17', '2015-05-11 17:57:17', 0),
(428, 184, '西三河・知多（安城・刈谷・知立方面）', NULL, '2015-05-11 17:57:17', '2015-05-11 17:57:17', 0),
(429, 184, '西三河・知多（半田・東浦・知多方面）', NULL, '2015-05-11 17:57:17', '2015-05-11 17:57:17', 0),
(430, 184, '東三河（豊橋・豊川方面）', NULL, '2015-05-11 17:57:17', '2015-05-11 17:57:17', 0),
(431, 184, '尾張（一宮・稲沢方面）', NULL, '2015-05-11 17:57:17', '2015-05-11 17:57:17', 0),
(432, 184, '尾張（春日井・小牧方面）', NULL, '2015-05-11 17:57:17', '2015-05-11 17:57:17', 0),
(433, 184, '尾張（尾張旭・犬山方面）', NULL, '2015-05-11 17:57:17', '2015-05-11 17:57:17', 0),
(434, 185, '美濃（柳ケ瀬・岐阜市）', NULL, '2015-05-11 17:57:17', '2015-05-11 17:57:17', 0),
(435, 185, '美濃（各務ヶ原・岐南方面）', NULL, '2015-05-11 17:57:17', '2015-05-11 17:57:17', 0),
(436, 185, '美濃（大垣・穂積方面）', NULL, '2015-05-11 17:57:17', '2015-05-11 17:57:17', 0),
(437, 185, '美濃（可児・多治見・美濃加茂）', NULL, '2015-05-11 17:57:17', '2015-05-11 17:57:17', 0),
(438, 186, '京都（京都市内）', NULL, '2015-05-11 17:57:17', '2015-05-11 17:57:17', 0),
(439, 187, '奈良（奈良市内）', NULL, '2015-05-11 17:57:17', '2015-05-11 17:57:17', 0),
(440, 190, '大阪（梅田）', NULL, '2015-05-11 17:57:17', '2015-05-11 17:57:17', 0),
(441, 190, '大阪（北新地）', NULL, '2015-05-11 17:57:17', '2015-05-11 17:57:17', 0),
(442, 190, '大阪（心斎橋）', NULL, '2015-05-11 17:57:17', '2015-05-11 17:57:17', 0),
(443, 190, '大阪（難波）', NULL, '2015-05-11 17:57:17', '2015-05-11 17:57:17', 0),
(444, 190, '大阪（十三）', NULL, '2015-05-11 17:57:17', '2015-05-11 17:57:17', 0),
(445, 190, '大阪（西中島）', NULL, '2015-05-11 17:57:17', '2015-05-11 17:57:17', 0),
(446, 190, '大阪（京橋）', NULL, '2015-05-11 17:57:17', '2015-05-11 17:57:17', 0),
(447, 190, '大阪市内その他', NULL, '2015-05-11 17:57:17', '2015-05-11 17:57:17', 0),
(448, 190, '北大阪', NULL, '2015-05-11 17:57:17', '2015-05-11 17:57:17', 0),
(449, 190, 'その他', NULL, '2015-05-11 17:57:17', '2015-05-11 17:57:17', 0),
(450, 190, '平野', NULL, '2015-05-11 17:57:17', '2015-05-11 17:57:17', 0),
(451, 190, '布施', NULL, '2015-05-11 17:57:17', '2015-05-11 17:57:17', 0),
(452, 191, '兵庫（三宮）', NULL, '2015-05-11 17:57:17', '2015-05-11 17:57:17', 0),
(453, 191, '兵庫（姫路）', NULL, '2015-05-11 17:57:17', '2015-05-11 17:57:17', 0),
(454, 191, '兵庫（その他）', NULL, '2015-05-11 17:57:17', '2015-05-11 17:57:17', 0),
(455, 192, '広島（呉）', NULL, '2015-05-11 17:57:17', '2015-05-11 17:57:17', 0),
(456, 193, '松山市', NULL, '2015-05-11 17:57:17', '2015-05-11 17:57:17', 0),
(457, 193, '東予', NULL, '2015-05-11 17:57:17', '2015-05-11 17:57:17', 0),
(458, 194, '高松', NULL, '2015-05-11 17:57:17', '2015-05-11 17:57:17', 0),
(459, 195, '福岡市周辺（中洲）', NULL, '2015-05-11 17:57:17', '2015-05-11 17:57:17', 0),
(460, 195, '福岡市周辺（天神）', NULL, '2015-05-11 17:57:17', '2015-05-11 17:57:17', 0),
(461, 195, '福岡市周辺（博多駅周辺）', NULL, '2015-05-11 17:57:17', '2015-05-11 17:57:17', 0),
(462, 195, '福岡市周辺（西新宿方面）', NULL, '2015-05-11 17:57:17', '2015-05-11 17:57:17', 0),
(463, 195, '福岡市筑後（久留米）', NULL, '2015-05-11 17:57:17', '2015-05-11 17:57:17', 0),
(464, 195, '久留米', NULL, '2015-05-11 17:57:17', '2015-05-11 17:57:17', 0),
(465, 196, '熊本市（熊本・下通・新市街周辺）', NULL, '2015-05-11 17:57:17', '2015-05-11 17:57:17', 0),
(466, 197, '沖縄市', NULL, '2015-05-11 17:57:17', '2015-05-11 17:57:17', 0),
(467, 197, '那覇市', NULL, '2015-05-11 17:57:17', '2015-05-11 17:57:17', 0),
(468, 198, 'ススキノ', NULL, '2015-05-11 17:57:17', '2015-05-11 17:57:17', 0),
(469, 199, '仙台・古川', NULL, '2015-05-11 17:57:17', '2015-05-11 17:57:17', 0),
(470, 200, '盛岡', NULL, '2015-05-11 17:57:17', '2015-05-11 17:57:17', 0),
(471, 202, '郡山・いわき', NULL, '2015-05-11 17:57:17', '2015-05-11 17:57:17', 0),
(472, 204, '甲府', NULL, '2015-05-11 17:57:17', '2015-05-11 17:57:17', 0),
(473, 206, '金沢', NULL, '2015-05-11 17:57:17', '2015-05-11 17:57:17', 0),
(474, 207, '宇都宮・小山・とちぎ', NULL, '2015-05-11 17:57:17', '2015-05-11 17:57:17', 0),
(475, 208, '土浦・つくば・古河・取手', NULL, '2015-05-11 17:57:17', '2015-05-11 17:57:17', 0),
(476, 208, '水戸・神栖', NULL, '2015-05-11 17:57:17', '2015-05-11 17:57:17', 0),
(477, 209, '伊勢崎・高崎・前橋', NULL, '2015-05-11 17:57:17', '2015-05-11 17:57:17', 0),
(478, 209, '太田・館林', NULL, '2015-05-11 17:57:17', '2015-05-11 17:57:17', 0),
(479, 210, '大宮・所沢・志木', NULL, '2015-05-11 17:57:17', '2015-05-11 17:57:17', 0),
(480, 210, '川越・鶴ヶ島・坂戸', NULL, '2015-05-11 17:57:17', '2015-05-11 17:57:17', 0),
(481, 210, '越谷・草加・春日部', NULL, '2015-05-11 17:57:17', '2015-05-11 17:57:17', 0),
(482, 210, '西川口・蕨', NULL, '2015-05-11 17:57:17', '2015-05-11 17:57:17', 0),
(483, 210, '熊谷', NULL, '2015-05-11 17:57:17', '2015-05-11 17:57:17', 0),
(484, 211, '千葉県', NULL, '2015-05-11 17:57:17', '2015-05-11 17:57:17', 0),
(485, 211, '柏・松戸・船橋・市川', NULL, '2015-05-11 17:57:17', '2015-05-11 17:57:17', 0),
(486, 212, '六本木', NULL, '2015-05-11 17:57:17', '2015-05-11 17:57:17', 0),
(487, 212, '池袋', NULL, '2015-05-11 17:57:17', '2015-05-11 17:57:17', 0),
(488, 212, '立川', NULL, '2015-05-11 17:57:17', '2015-05-11 17:57:17', 0),
(489, 212, '八王子・ひばりヶ丘', NULL, '2015-05-11 17:57:17', '2015-05-11 17:57:17', 0),
(490, 212, '小岩・新小岩・錦糸町', NULL, '2015-05-11 17:57:17', '2015-05-11 17:57:17', 0),
(491, 212, '竹ノ塚・西新井', NULL, '2015-05-11 17:57:17', '2015-05-11 17:57:17', 0),
(492, 212, '町田', NULL, '2015-05-11 17:57:17', '2015-05-11 17:57:17', 0),
(493, 212, '中野・浅草', NULL, '2015-05-11 17:57:17', '2015-05-11 17:57:17', 0),
(494, 212, '歌舞伎町', NULL, '2015-05-11 17:57:17', '2015-05-11 17:57:17', 0),
(495, 213, '横浜・川崎', NULL, '2015-05-11 17:57:17', '2015-05-11 17:57:17', 0),
(496, 213, '厚木', NULL, '2015-05-11 17:57:17', '2015-05-11 17:57:17', 0),
(497, 213, '相模原・小田急相模原', NULL, '2015-05-11 17:57:17', '2015-05-11 17:57:17', 0),
(498, 215, '名古屋市', NULL, '2015-05-11 17:57:17', '2015-05-11 17:57:17', 0),
(499, 216, '祇園', NULL, '2015-05-11 17:57:17', '2015-05-11 17:57:17', 0),
(500, 218, 'ミナミ', NULL, '2015-05-11 17:57:17', '2015-05-11 17:57:17', 0),
(501, 218, 'キタ・十三', NULL, '2015-05-11 17:57:17', '2015-05-11 17:57:17', 0),
(502, 219, '神戸', NULL, '2015-05-11 17:57:17', '2015-05-11 17:57:17', 0),
(503, 220, '福山', NULL, '2015-05-11 17:57:17', '2015-05-11 17:57:17', 0),
(504, 221, '松山', NULL, '2015-05-11 17:57:17', '2015-05-11 17:57:17', 0),
(505, 222, '中洲', NULL, '2015-05-11 17:57:17', '2015-05-11 17:57:17', 0),
(506, 226, '那覇', NULL, '2015-05-11 17:57:17', '2015-05-11 17:57:17', 0);

-- --------------------------------------------------------

--
-- テーブルの構造 `autologin_account`
--

CREATE TABLE IF NOT EXISTS `autologin_account` (
  `autologin_account_id` bigint(20) NOT NULL AUTO_INCREMENT COMMENT '自動ログイン管理ID',
  `login_key` varchar(256) NOT NULL COMMENT '鍵',
  `account_id` bigint(20) NOT NULL COMMENT 'アカウントID',
  `limit_date` datetime NOT NULL COMMENT '期限日時',
  `delete_flg` tinyint(4) NOT NULL DEFAULT '0' COMMENT '削除フラグ : 0：未削除、1：削除済み',
  PRIMARY KEY (`autologin_account_id`)
) ENGINE=InnoDB DEFAULT CHARSET=utf8 COMMENT='自動ログイン管理(管理用)' AUTO_INCREMENT=1 ;

-- --------------------------------------------------------

--
-- テーブルの構造 `autologin_store`
--

CREATE TABLE IF NOT EXISTS `autologin_store` (
  `autologin_store_id` bigint(20) NOT NULL AUTO_INCREMENT COMMENT '自動ログインID',
  `store_id` mediumint(9) NOT NULL COMMENT '店舗ID',
  `login_key` varchar(256) NOT NULL COMMENT '鍵',
  `limit_date` datetime NOT NULL COMMENT '期限日時',
  `delete_flg` tinyint(4) NOT NULL DEFAULT '0' COMMENT '削除フラグ : 0：未削除、1：削除済み',
  PRIMARY KEY (`autologin_store_id`)
) ENGINE=InnoDB DEFAULT CHARSET=utf8 COMMENT='自動ログイン管理(店舗用)' AUTO_INCREMENT=1 ;

-- --------------------------------------------------------

--
-- テーブルの構造 `autologin_user`
--

CREATE TABLE IF NOT EXISTS `autologin_user` (
  `autologin_user_id` bigint(20) NOT NULL AUTO_INCREMENT COMMENT '自動ログインユーザーID',
  `login_key` varchar(256) NOT NULL COMMENT '鍵',
  `user_id` bigint(20) NOT NULL COMMENT 'ユーザーID : 会員番号',
  `limit_date` datetime NOT NULL COMMENT '期限日時',
  `delete_flg` tinyint(4) NOT NULL DEFAULT '0' COMMENT '削除フラグ : 0：未削除、1：削除済み',
  PRIMARY KEY (`autologin_user_id`)
) ENGINE=InnoDB DEFAULT CHARSET=utf8 COMMENT='自動ログインユーザー' AUTO_INCREMENT=1 ;

-- --------------------------------------------------------

--
-- テーブルの構造 `automail`
--

CREATE TABLE IF NOT EXISTS `automail` (
  `automail_id` bigint(20) NOT NULL AUTO_INCREMENT COMMENT 'メールテンプレートID',
  `name` varchar(256) DEFAULT NULL COMMENT 'メールテンプレート名',
  `subject` varchar(256) NOT NULL COMMENT '件名',
  `from_name` varchar(256) NOT NULL COMMENT '送信者名',
  `from_mail` varchar(256) NOT NULL COMMENT '送信元メールアドレス',
  `return_path` varchar(256) NOT NULL COMMENT 'エラー時の返信先メールアドレス',
  `body` text NOT NULL COMMENT '本文',
  `regist_date` datetime NOT NULL COMMENT '登録日時',
  `update_date` datetime NOT NULL COMMENT '変更日時',
  `delete_flg` tinyint(4) NOT NULL DEFAULT '0' COMMENT '削除フラグ : 0：未削除、1：削除済み',
  PRIMARY KEY (`automail_id`)
) ENGINE=InnoDB DEFAULT CHARSET=utf8 COMMENT='メールテンプレート' AUTO_INCREMENT=1 ;

--
-- テーブルのデータをダンプしています `automail`
--

INSERT INTO `automail` (`automail_id`, `name`, `subject`, `from_name`, `from_mail`, `return_path`, `body`, `regist_date`, `update_date`, `delete_flg`) VALUES
(1, '仮登録用メール', '【point.com】仮登録を行いました。', 'point.com', 'takahashi@6web.co.jp', 'takahashi@6web.co.jp', 'ようこそ　point.com　へ\r\n\r\nメールアドレス ##email## を確認しました。\r\n会員登録を完了するには下記のＵＲＬにアクセスしてください。\r\n\r\n##signup_edit_url##\r\n\r\nこのURLの有効期限は24時間です。\r\n有効期限を過ぎた場合はお手数ですが、下記のＵＲＬからもう一度仮登録の手続きをお願いします。\r\n\r\n##signup_url##', '2015-05-27 00:00:00', '2015-05-26 18:08:34', 0),
(2, '登録完了メール', '【point.com】会員登録を行いました。', 'point.com', 'takahashi@6web.co.jp', 'takahashi@6web.co.jp', '##nickname##様\r\n\r\n会員登録を完了いたしました。', '2015-05-27 00:00:00', '2015-05-29 12:52:04', 0),
(3, '退会完了メール', '【point.com】退会手続きが完了しました。', 'point.com', 'takahashi@6web.co.jp', 'takahashi@6web.co.jp', '退会手続きが完了しました。', '2015-05-27 16:33:42', '2015-05-27 16:34:02', 0),
(4, '予約完了メール（会員に送信用）', '【point.com】予約を承りました', 'point.com', 'takahashi@6web.co.jp', 'takahashi@6web.co.jp', '##nickname##様\r\n\r\n予約を受け付けました', '2015-05-29 12:52:02', '2015-05-29 12:52:02', 0),
(5, '予約完了メール（店舗に送信用）', '【point.com】予約を承りました', 'point.com', 'takahashi@6web.co.jp', 'takahashi@6web.co.jp', '##store_name##様\r\n\r\n予約を受け付けました', '2015-05-29 12:52:48', '2015-05-29 12:52:48', 0),
(6, 'パスワードリマインダー用', '【point.com】パスワードの変更申請を承りました', 'point.com', 'takahashi@6web.co.jp', 'takahashi@6web.co.jp', '##nickname##様\r\n\r\nパスワードの変更申請を承りました。\r\n\r\n２時間以内に下記のURLにアクセスして新しいパスワードを設定してください。\r\n##renew_url##\r\n', '2015-05-29 12:54:21', '2015-05-29 12:54:21', 0),
(7, 'パスワード変更完了（通常の変更・パスワードリマインダー共通）', '【point.com】お客様のパスワードを変更いたしました', 'point.com', 'takahashi@6web.co.jp', 'takahashi@6web.co.jp', 'お客様のパスワードを変更いたしました。', '2015-05-29 12:57:06', '2015-05-29 13:00:51', 0),
(8, 'お問い合わせ受付（運営者）', '【point.com】お問い合わせを承りました', 'point.com', 'takahashi@6web.co.jp', 'takahashi@6web.co.jp', 'お客様より下記の内容にてお問い合わせを承りました。\r\n\r\n■都道府県\r\n##pref##\r\n\r\n■お問い合わせ内容\r\n##detail##\r\n', '2015-05-29 12:58:54', '2015-05-29 12:58:54', 0),
(9, 'お問い合わせ受付（会員・利用者）', '【point.com】お問い合わせを承りました', 'point.com', 'takahashi@6web.co.jp', 'takahashi@6web.co.jp', 'お客様より下記の内容にてお問い合わせを承りました。\r\n\r\n■都道府県\r\n##pref##\r\n\r\n■お問い合わせ内容\r\n##detail##\r\n', '2015-05-29 12:59:18', '2015-05-29 13:01:05', 0);

-- --------------------------------------------------------

--
-- テーブルの構造 `bank_account`
--

CREATE TABLE IF NOT EXISTS `bank_account` (
  `bank_account_id` bigint(20) NOT NULL AUTO_INCREMENT COMMENT '銀行口座ID',
  `store_id` mediumint(9) NOT NULL COMMENT '店舗ID',
  `bank_name` varchar(50) NOT NULL COMMENT '銀行名',
  `bank_kind` tinyint(4) NOT NULL COMMENT '銀行口座種類',
  `bank_account_number` varchar(30) NOT NULL COMMENT '銀行口座番号',
  `bank_account_holder` varchar(50) NOT NULL COMMENT '銀行口座名義人',
  `regist_date` datetime NOT NULL COMMENT '登録日時',
  `update_date` datetime NOT NULL COMMENT '変更日時',
  `delete_flg` tinyint(4) NOT NULL DEFAULT '0' COMMENT '削除フラグ : 0：未削除、1：削除済み',
  PRIMARY KEY (`bank_account_id`)
) ENGINE=InnoDB DEFAULT CHARSET=utf8 COMMENT='銀行口座' AUTO_INCREMENT=1 ;

-- --------------------------------------------------------

--
-- テーブルの構造 `category_large`
--

CREATE TABLE IF NOT EXISTS `category_large` (
  `category_large_id` tinyint(4) NOT NULL AUTO_INCREMENT COMMENT '大カテゴリーID',
  `category_large_name` varchar(50) NOT NULL COMMENT '大カテゴリー名',
  `rank` tinyint(4) DEFAULT NULL COMMENT 'ランク順',
  `regist_date` datetime NOT NULL COMMENT '登録日時',
  `update_date` datetime NOT NULL COMMENT '変更日時',
  `delete_flg` tinyint(4) NOT NULL DEFAULT '0' COMMENT '削除フラグ : 0：未削除、1：削除済み',
  PRIMARY KEY (`category_large_id`)
) ENGINE=InnoDB  DEFAULT CHARSET=utf8 COMMENT='大カテゴリーマスター' AUTO_INCREMENT=4 ;

--
-- テーブルのデータのダンプ `category_large`
--

INSERT INTO `category_large` (`category_large_id`, `category_large_name`, `rank`, `regist_date`, `update_date`, `delete_flg`) VALUES
(1, '美容', 1, '2015-05-11 14:43:13', '2015-05-11 14:43:13', 0),
(2, 'コスプレ系', 2, '2015-05-11 14:43:13', '2015-05-11 14:43:13', 0),
(3, 'ホスト', 3, '2015-05-11 14:43:13', '2015-05-11 14:43:13', 0);

-- --------------------------------------------------------

--
-- テーブルの構造 `category_midium`
--

CREATE TABLE IF NOT EXISTS `category_midium` (
  `category_midium_id` smallint(6) NOT NULL AUTO_INCREMENT COMMENT '中カテゴリーID',
  `category_large_id` tinyint(4) NOT NULL COMMENT '大カテゴリーID',
  `region_id` tinyint(4) NOT NULL COMMENT '地域ID',
  `category_midium_name` varchar(50) NOT NULL COMMENT '中カテゴリー名',
  `delivery` char(1) NOT NULL DEFAULT '0' COMMENT 'デリバリー : 0：通常、1：デリバリー',
  `rank` smallint(6) DEFAULT NULL COMMENT 'ランク順',
  `regist_date` datetime NOT NULL COMMENT '登録日時',
  `update_date` datetime NOT NULL COMMENT '変更日時',
  `delete_flg` tinyint(4) NOT NULL DEFAULT '0' COMMENT '削除フラグ : 0：未削除、1：削除済み',
  PRIMARY KEY (`category_midium_id`)
) ENGINE=InnoDB  DEFAULT CHARSET=utf8 COMMENT='中カテゴリーマスター' AUTO_INCREMENT=219 ;

--
-- テーブルのデータのダンプ `category_midium`
--

INSERT INTO `category_midium` (`category_midium_id`, `category_large_id`, `region_id`, `category_midium_name`, `delivery`, `rank`, `regist_date`, `update_date`, `delete_flg`) VALUES
(1, 1, 1, '美サロン北海道', '0', NULL, '2015-05-11 16:33:12', '2015-05-11 16:33:12', 0),
(2, 1, 1, '美マッサージ北海道', '0', NULL, '2015-05-11 16:33:12', '2015-05-11 16:33:12', 0),
(3, 1, 1, '美エステ北海道', '0', NULL, '2015-05-11 16:33:12', '2015-05-11 16:33:12', 0),
(4, 1, 1, '美Ｄサロン北海道', '1', NULL, '2015-05-11 16:33:12', '2015-05-11 16:33:12', 0),
(5, 1, 1, '美出張エステ北海道', '1', NULL, '2015-05-11 16:33:12', '2015-05-11 16:33:12', 0),
(6, 1, 1, '美函館Ｄサロン', '1', NULL, '2015-05-11 16:33:12', '2015-05-11 16:33:12', 0),
(7, 1, 2, '美マッサージ東北', '0', NULL, '2015-05-11 16:33:12', '2015-05-11 16:33:12', 0),
(8, 1, 2, '美サロン東北', '0', NULL, '2015-05-11 16:33:12', '2015-05-11 16:33:12', 0),
(9, 1, 2, '美宮城Ｄサロン東北', '1', NULL, '2015-05-11 16:33:12', '2015-05-11 16:33:12', 0),
(10, 1, 2, '美福島Ｄサロン東北', '1', NULL, '2015-05-11 16:33:12', '2015-05-11 16:33:12', 0),
(11, 1, 2, '美岩手Ｄサロン東北', '1', NULL, '2015-05-11 16:33:12', '2015-05-11 16:33:12', 0),
(12, 1, 2, '美青森Ｄサロン東北', '1', NULL, '2015-05-11 16:33:12', '2015-05-11 16:33:12', 0),
(13, 1, 2, '美山形Ｄサロン東北', '1', NULL, '2015-05-11 16:33:12', '2015-05-11 16:33:12', 0),
(14, 1, 2, '美秋田Ｄサロン東北', '1', NULL, '2015-05-11 16:33:12', '2015-05-11 16:33:12', 0),
(15, 1, 2, '美Ｄｻﾛﾝ・その他東北', '1', NULL, '2015-05-11 16:33:12', '2015-05-11 16:33:12', 0),
(16, 1, 3, '美マッサージランド甲信越', '0', NULL, '2015-05-11 16:33:12', '2015-05-11 16:33:12', 0),
(17, 1, 3, '美下越Ｄ甲信越', '1', NULL, '2015-05-11 16:33:12', '2015-05-11 16:33:12', 0),
(18, 1, 3, '美中越Ｄ甲信越', '1', NULL, '2015-05-11 16:33:12', '2015-05-11 16:33:12', 0),
(19, 1, 3, '美上越Ｄ甲信越', '1', NULL, '2015-05-11 16:33:12', '2015-05-11 16:33:12', 0),
(20, 1, 3, '美韓国・外国人Ｄ甲信越', '1', NULL, '2015-05-11 16:33:12', '2015-05-11 16:33:12', 0),
(21, 1, 4, '美マッサージ・サロン北陸', '0', NULL, '2015-05-11 16:33:12', '2015-05-11 16:33:12', 0),
(22, 1, 4, '美キャバクラ・他北陸', '0', NULL, '2015-05-11 16:33:12', '2015-05-11 16:33:12', 0),
(23, 1, 4, '美石川Ｄサロン北陸', '1', NULL, '2015-05-11 16:33:12', '2015-05-11 16:33:12', 0),
(24, 1, 4, '美富山Ｄサロン北陸', '1', NULL, '2015-05-11 16:33:12', '2015-05-11 16:33:12', 0),
(25, 1, 4, '美福井Ｄサロン北陸', '1', NULL, '2015-05-11 16:33:12', '2015-05-11 16:33:12', 0),
(26, 1, 4, '美外国人Ｄサロン北陸', '1', NULL, '2015-05-11 16:33:12', '2015-05-11 16:33:12', 0),
(27, 1, 4, '美出張エステ北陸', '1', NULL, '2015-05-11 16:33:12', '2015-05-11 16:33:12', 0),
(28, 1, 6, '美マッサージランド埼玉群馬', '0', NULL, '2015-05-11 16:33:12', '2015-05-11 16:33:12', 0),
(29, 1, 6, '美サロン・他埼玉群馬', '0', NULL, '2015-05-11 16:33:12', '2015-05-11 16:33:12', 0),
(30, 1, 6, '美Ｄ埼玉群馬', '1', NULL, '2015-05-11 16:33:12', '2015-05-11 16:33:12', 0),
(31, 1, 7, '美マッサージランド千葉', '0', NULL, '2015-05-11 16:33:12', '2015-05-11 16:33:12', 0),
(32, 1, 7, '美サロン・他千葉', '0', NULL, '2015-05-11 16:33:12', '2015-05-11 16:33:12', 0),
(33, 1, 7, '美Ｄ千葉', '1', NULL, '2015-05-11 16:33:12', '2015-05-11 16:33:12', 0),
(34, 1, 7, '美Ｄｻﾛﾝ・その他千葉', '1', NULL, '2015-05-11 16:33:12', '2015-05-11 16:33:12', 0),
(35, 1, 8, '美マッサージランド東京', '0', NULL, '2015-05-11 16:33:12', '2015-05-11 16:33:12', 0),
(36, 1, 8, '美Ｓサロン東京', '0', NULL, '2015-05-11 16:33:12', '2015-05-11 16:33:12', 0),
(37, 1, 8, '美サロン東京', '0', NULL, '2015-05-11 16:33:12', '2015-05-11 16:33:12', 0),
(38, 1, 8, '美ｻﾛﾝ・他東京', '0', NULL, '2015-05-11 16:33:12', '2015-05-11 16:33:12', 0),
(39, 1, 8, '美Ｄサロン東京', '1', NULL, '2015-05-11 16:33:12', '2015-05-11 16:33:12', 0),
(40, 1, 8, '美Ｄｻﾛﾝ・他東京', '1', NULL, '2015-05-11 16:33:12', '2015-05-11 16:33:12', 0),
(41, 1, 9, '美サロン神奈川', '0', NULL, '2015-05-11 16:33:12', '2015-05-11 16:33:12', 0),
(42, 1, 9, '美エステ神奈川', '0', NULL, '2015-05-11 16:33:12', '2015-05-11 16:33:12', 0),
(43, 1, 9, '美マッサージ神奈川', '0', NULL, '2015-05-11 16:33:12', '2015-05-11 16:33:12', 0),
(44, 1, 9, '美ｻﾛﾝ・その他神奈川', '0', NULL, '2015-05-11 16:33:12', '2015-05-11 16:33:12', 0),
(45, 1, 9, '美Ｄ神奈川', '1', NULL, '2015-05-11 16:33:12', '2015-05-11 16:33:12', 0),
(46, 1, 10, '美マッサージ他店舗静岡', '0', NULL, '2015-05-11 16:33:12', '2015-05-11 16:33:12', 0),
(47, 1, 10, '美中部Ｄ静岡', '1', NULL, '2015-05-11 16:33:12', '2015-05-11 16:33:12', 0),
(48, 1, 10, '美西部Ｄ静岡', '1', NULL, '2015-05-11 16:33:12', '2015-05-11 16:33:12', 0),
(49, 1, 10, '美東部Ｄ静岡', '1', NULL, '2015-05-11 16:33:12', '2015-05-11 16:33:12', 0),
(50, 1, 11, '美サロン東海', '0', NULL, '2015-05-11 16:33:12', '2015-05-11 16:33:12', 0),
(51, 1, 11, '美マッサージ東海', '0', NULL, '2015-05-11 16:33:12', '2015-05-11 16:33:12', 0),
(52, 1, 11, '美エステ東海', '0', NULL, '2015-05-11 16:33:12', '2015-05-11 16:33:12', 0),
(53, 1, 11, '美エステ・その他東海', '0', NULL, '2015-05-11 16:33:12', '2015-05-11 16:33:12', 0),
(54, 1, 11, '美Ｄ東海', '1', NULL, '2015-05-11 16:33:12', '2015-05-11 16:33:12', 0),
(55, 1, 11, '美外国人・韓国Ｄ東海', '1', NULL, '2015-05-11 16:33:12', '2015-05-11 16:33:12', 0),
(56, 1, 11, '美出張エステ東海', '1', NULL, '2015-05-11 16:33:12', '2015-05-11 16:33:12', 0),
(57, 1, 11, '美出張エステ・その他東海', '1', NULL, '2015-05-11 16:33:12', '2015-05-11 16:33:12', 0),
(58, 1, 12, '美サロン関西', '0', NULL, '2015-05-11 16:33:12', '2015-05-11 16:33:12', 0),
(59, 1, 12, '美マッサージ関西', '0', NULL, '2015-05-11 16:33:12', '2015-05-11 16:33:12', 0),
(60, 1, 12, '美サロン待合せ関西', '0', NULL, '2015-05-11 16:33:12', '2015-05-11 16:33:12', 0),
(61, 1, 12, '美ｻﾛﾝ・その他関西', '0', NULL, '2015-05-11 16:33:12', '2015-05-11 16:33:12', 0),
(62, 1, 12, '美Ｄ関西', '1', NULL, '2015-05-11 16:33:12', '2015-05-11 16:33:12', 0),
(63, 1, 13, '美サロン大阪', '0', NULL, '2015-05-11 16:33:12', '2015-05-11 16:33:12', 0),
(64, 1, 13, '美マッサージ大阪', '0', NULL, '2015-05-11 16:33:12', '2015-05-11 16:33:12', 0),
(65, 1, 13, '美Ｓサロン大阪', '0', NULL, '2015-05-11 16:33:12', '2015-05-11 16:33:12', 0),
(66, 1, 13, '美ｻﾛﾝ・その他大阪', '0', NULL, '2015-05-11 16:33:12', '2015-05-11 16:33:12', 0),
(67, 1, 13, '美Ｄ大阪', '1', NULL, '2015-05-11 16:33:12', '2015-05-11 16:33:12', 0),
(68, 1, 14, '美サロン兵庫', '0', NULL, '2015-05-11 16:33:12', '2015-05-11 16:33:12', 0),
(69, 1, 14, '美Ｓサロン兵庫', '0', NULL, '2015-05-11 16:33:12', '2015-05-11 16:33:12', 0),
(70, 1, 14, '美マッサージ兵庫', '0', NULL, '2015-05-11 16:33:12', '2015-05-11 16:33:12', 0),
(71, 1, 14, '美ｻﾛﾝ・その他兵庫', '0', NULL, '2015-05-11 16:33:12', '2015-05-11 16:33:12', 0),
(72, 1, 14, '美Ｄ・待合せ兵庫', '1', NULL, '2015-05-11 16:33:12', '2015-05-11 16:33:12', 0),
(73, 1, 15, '美サロン・他中国', '0', NULL, '2015-05-11 16:33:12', '2015-05-11 16:33:12', 0),
(74, 1, 15, '美広島Ｄ中国', '1', NULL, '2015-05-11 16:33:12', '2015-05-11 16:33:12', 0),
(75, 1, 15, '美岡山Ｄ中国', '1', NULL, '2015-05-11 16:33:12', '2015-05-11 16:33:12', 0),
(76, 1, 15, '美鳥取・島根・山口Ｄ中国', '1', NULL, '2015-05-11 16:33:12', '2015-05-11 16:33:12', 0),
(77, 1, 16, '美サロン四国', '0', NULL, '2015-05-11 16:33:12', '2015-05-11 16:33:12', 0),
(78, 1, 16, '美マッサージ四国', '0', NULL, '2015-05-11 16:33:12', '2015-05-11 16:33:12', 0),
(79, 1, 16, '美その他四国', '0', NULL, '2015-05-11 16:33:12', '2015-05-11 16:33:12', 0),
(80, 1, 16, '美Ｄ四国', '1', NULL, '2015-05-11 16:33:12', '2015-05-11 16:33:12', 0),
(81, 1, 17, '美マッサージ九州北', '0', NULL, '2015-05-11 16:33:12', '2015-05-11 16:33:12', 0),
(82, 1, 17, '美サロン九州北', '0', NULL, '2015-05-11 16:33:12', '2015-05-11 16:33:12', 0),
(83, 1, 17, '美Ｄサロン九州北', '1', NULL, '2015-05-11 16:33:12', '2015-05-11 16:33:12', 0),
(84, 1, 17, '美Ｄサロン２九州北', '1', NULL, '2015-05-11 16:33:12', '2015-05-11 16:33:12', 0),
(85, 1, 17, '美Ｄエステ九州北', '1', NULL, '2015-05-11 16:33:12', '2015-05-11 16:33:12', 0),
(86, 1, 18, '美サロン九州南', '0', NULL, '2015-05-11 16:33:12', '2015-05-11 16:33:12', 0),
(87, 1, 18, '美マッサージ九州南', '0', NULL, '2015-05-11 16:33:12', '2015-05-11 16:33:12', 0),
(88, 1, 18, '美エステ九州南', '0', NULL, '2015-05-11 16:33:12', '2015-05-11 16:33:12', 0),
(89, 1, 18, '美Ｄ九州南', '1', NULL, '2015-05-11 16:33:12', '2015-05-11 16:33:12', 0),
(90, 1, 18, '美Ｄサロン２九州南', '1', NULL, '2015-05-11 16:33:12', '2015-05-11 16:33:12', 0),
(91, 1, 18, '美出張サロン九州南', '1', NULL, '2015-05-11 16:33:12', '2015-05-11 16:33:12', 0),
(92, 1, 19, '美サロン沖縄', '0', NULL, '2015-05-11 16:33:12', '2015-05-11 16:33:12', 0),
(93, 1, 19, '美Ｄサロン沖縄', '1', NULL, '2015-05-11 16:33:12', '2015-05-11 16:33:12', 0),
(94, 1, 19, '美出張サロン沖縄', '1', NULL, '2015-05-11 16:33:12', '2015-05-11 16:33:12', 0),
(95, 2, 1, 'コスプレ・クラブ北海道', '0', NULL, '2015-05-11 16:33:12', '2015-05-11 16:33:12', 0),
(96, 2, 1, 'コスプレ・ラウンジ北海道', '0', NULL, '2015-05-11 16:33:12', '2015-05-11 16:33:12', 0),
(97, 2, 1, 'コスプレ・スナッククラブ北海道', '0', NULL, '2015-05-11 16:33:12', '2015-05-11 16:33:12', 0),
(98, 2, 1, 'コスプレ・パブクラブ北海道', '0', NULL, '2015-05-11 16:33:12', '2015-05-11 16:33:12', 0),
(99, 2, 1, 'コスプレ・スナック北海道', '0', NULL, '2015-05-11 16:33:12', '2015-05-11 16:33:12', 0),
(100, 2, 1, 'コスプレ・バー北海道', '0', NULL, '2015-05-11 16:33:12', '2015-05-11 16:33:12', 0),
(101, 2, 1, 'コスプレ・BAR飲食他北海道', '0', NULL, '2015-05-11 16:33:12', '2015-05-11 16:33:12', 0),
(102, 2, 1, 'コスプレ・外国人クラブ北海道', '0', NULL, '2015-05-11 16:33:12', '2015-05-11 16:33:12', 0),
(103, 2, 2, 'コスプレ・クラブ東北', '0', NULL, '2015-05-11 16:33:12', '2015-05-11 16:33:12', 0),
(104, 2, 2, 'コスプレ・パブ東北', '0', NULL, '2015-05-11 16:33:12', '2015-05-11 16:33:12', 0),
(105, 2, 2, 'コスプレ・バー東北', '0', NULL, '2015-05-11 16:33:12', '2015-05-11 16:33:12', 0),
(106, 2, 2, 'コスプレ・スナック東北', '0', NULL, '2015-05-11 16:33:12', '2015-05-11 16:33:12', 0),
(107, 2, 2, 'コスプレ・カフェ東北', '0', NULL, '2015-05-11 16:33:12', '2015-05-11 16:33:12', 0),
(108, 2, 2, 'コスプレ・外国人クラブ東北', '0', NULL, '2015-05-11 16:33:12', '2015-05-11 16:33:12', 0),
(109, 2, 3, 'コスプレ・クラブ甲信越', '0', NULL, '2015-05-11 16:33:12', '2015-05-11 16:33:12', 0),
(110, 2, 3, 'コスプレ・ラウンジ甲信越', '0', NULL, '2015-05-11 16:33:12', '2015-05-11 16:33:12', 0),
(111, 2, 3, 'コスプレ・スナック甲信越', '0', NULL, '2015-05-11 16:33:12', '2015-05-11 16:33:12', 0),
(112, 2, 3, 'コスプレ・パブ甲信越', '0', NULL, '2015-05-11 16:33:12', '2015-05-11 16:33:12', 0),
(113, 2, 3, 'コスプレ・BARその他甲信越', '0', NULL, '2015-05-11 16:33:12', '2015-05-11 16:33:12', 0),
(114, 2, 3, 'コスプレ・外国人クラブ甲信越', '0', NULL, '2015-05-11 16:33:12', '2015-05-11 16:33:12', 0),
(115, 2, 4, 'コスプレ・クラブ北陸', '0', NULL, '2015-05-11 16:33:12', '2015-05-11 16:33:12', 0),
(116, 2, 4, 'コスプレ・ラウンジ北陸', '0', NULL, '2015-05-11 16:33:12', '2015-05-11 16:33:12', 0),
(117, 2, 4, 'コスプレ・バー北陸', '0', NULL, '2015-05-11 16:33:12', '2015-05-11 16:33:12', 0),
(118, 2, 4, 'コスプレ・パブ北陸', '0', NULL, '2015-05-11 16:33:12', '2015-05-11 16:33:12', 0),
(119, 2, 4, 'コスプレ・外国人クラブ北陸', '0', NULL, '2015-05-11 16:33:12', '2015-05-11 16:33:12', 0),
(120, 2, 8, 'コスプレ・クラブ東京', '0', NULL, '2015-05-11 16:33:12', '2015-05-11 16:33:12', 0),
(121, 2, 8, 'コスプレ・ラウンジ東京', '0', NULL, '2015-05-11 16:33:12', '2015-05-11 16:33:12', 0),
(122, 2, 8, 'コスプレ・外国人クラブ東京', '0', NULL, '2015-05-11 16:33:12', '2015-05-11 16:33:12', 0),
(123, 2, 11, 'コスプレ・クラブ東海', '0', NULL, '2015-05-11 16:33:12', '2015-05-11 16:33:12', 0),
(124, 2, 11, 'コスプレ・パブ東海', '0', NULL, '2015-05-11 16:33:12', '2015-05-11 16:33:12', 0),
(125, 2, 11, 'コスプレ・ラウンジ東海', '0', NULL, '2015-05-11 16:33:12', '2015-05-11 16:33:12', 0),
(126, 2, 11, 'コスプレ・スナック東海', '0', NULL, '2015-05-11 16:33:12', '2015-05-11 16:33:12', 0),
(127, 2, 11, 'コスプレ・カフェ東海', '0', NULL, '2015-05-11 16:33:12', '2015-05-11 16:33:12', 0),
(128, 2, 11, 'コスプレ・バー他東海', '0', NULL, '2015-05-11 16:33:12', '2015-05-11 16:33:12', 0),
(129, 2, 11, 'コスプレ・外国人クラブ東海', '0', NULL, '2015-05-11 16:33:12', '2015-05-11 16:33:12', 0),
(130, 2, 13, 'コスプレ・クラブ大阪', '0', NULL, '2015-05-11 16:33:12', '2015-05-11 16:33:12', 0),
(131, 2, 13, 'コスプレ・ラウンジ大阪', '0', NULL, '2015-05-11 16:33:12', '2015-05-11 16:33:12', 0),
(132, 2, 13, 'コスプレ・パブ大阪', '0', NULL, '2015-05-11 16:33:12', '2015-05-11 16:33:12', 0),
(133, 2, 13, 'コスプレ・バー大阪', '0', NULL, '2015-05-11 16:33:12', '2015-05-11 16:33:12', 0),
(134, 2, 13, 'コスプレ・外国人クラブ大阪', '0', NULL, '2015-05-11 16:33:12', '2015-05-11 16:33:12', 0),
(135, 2, 15, 'コスプレ・クラブ中国', '0', NULL, '2015-05-11 16:33:12', '2015-05-11 16:33:12', 0),
(136, 2, 15, 'コスプレ・ラウンジ中国', '0', NULL, '2015-05-11 16:33:12', '2015-05-11 16:33:12', 0),
(137, 2, 15, 'コスプレ・スナック中国', '0', NULL, '2015-05-11 16:33:12', '2015-05-11 16:33:12', 0),
(138, 2, 15, 'コスプレ・外国人クラブ中国', '0', NULL, '2015-05-11 16:33:12', '2015-05-11 16:33:12', 0),
(139, 2, 16, 'コスプレ・クラブ四国', '0', NULL, '2015-05-11 16:33:12', '2015-05-11 16:33:12', 0),
(140, 2, 16, 'コスプレ・ラウンジ四国', '0', NULL, '2015-05-11 16:33:12', '2015-05-11 16:33:12', 0),
(141, 2, 16, 'コスプレ・スナック四国', '0', NULL, '2015-05-11 16:33:12', '2015-05-11 16:33:12', 0),
(142, 2, 16, 'コスプレ・パブ四国', '0', NULL, '2015-05-11 16:33:12', '2015-05-11 16:33:12', 0),
(143, 2, 16, 'コスプレ・外国人クラブ四国', '0', NULL, '2015-05-11 16:33:12', '2015-05-11 16:33:12', 0),
(144, 2, 17, 'コスプレ・クラブ九州北', '0', NULL, '2015-05-11 16:33:12', '2015-05-11 16:33:12', 0),
(145, 2, 17, 'コスプレ・ラウンジ九州北', '0', NULL, '2015-05-11 16:33:12', '2015-05-11 16:33:12', 0),
(146, 2, 17, 'コスプレ・スナック九州北', '0', NULL, '2015-05-11 16:33:12', '2015-05-11 16:33:12', 0),
(147, 2, 17, 'コスプレ・パブ九州北', '0', NULL, '2015-05-11 16:33:12', '2015-05-11 16:33:12', 0),
(148, 2, 17, 'コスプレ・バーその他九州北', '0', NULL, '2015-05-11 16:33:12', '2015-05-11 16:33:12', 0),
(149, 2, 17, 'コスプレ・外国人クラブ九州北', '0', NULL, '2015-05-11 16:33:12', '2015-05-11 16:33:12', 0),
(150, 2, 18, 'コスプレ・クラブ九州南', '0', NULL, '2015-05-11 16:33:12', '2015-05-11 16:33:12', 0),
(151, 2, 18, 'コスプレ・ラウンジ九州南', '0', NULL, '2015-05-11 16:33:12', '2015-05-11 16:33:12', 0),
(152, 2, 18, 'コスプレ・スナック九州南', '0', NULL, '2015-05-11 16:33:12', '2015-05-11 16:33:12', 0),
(153, 2, 18, 'コスプレ・パブ九州南', '0', NULL, '2015-05-11 16:33:12', '2015-05-11 16:33:12', 0),
(154, 2, 18, 'コスプレ・バーその他九州南', '0', NULL, '2015-05-11 16:33:12', '2015-05-11 16:33:12', 0),
(155, 2, 18, 'コスプレ・外国人クラブ九州南', '0', NULL, '2015-05-11 16:33:12', '2015-05-11 16:33:12', 0),
(156, 2, 19, 'コスプレ・クラブ沖縄', '0', NULL, '2015-05-11 16:33:12', '2015-05-11 16:33:12', 0),
(157, 2, 19, 'コスプレ・ラウンジ沖縄', '0', NULL, '2015-05-11 16:33:12', '2015-05-11 16:33:12', 0),
(158, 2, 19, 'コスプレ・スナック沖縄', '0', NULL, '2015-05-11 16:33:12', '2015-05-11 16:33:12', 0),
(159, 2, 19, 'コスプレ・パブ沖縄', '0', NULL, '2015-05-11 16:33:12', '2015-05-11 16:33:12', 0),
(160, 2, 19, 'コスプレ・バーその他沖縄', '0', NULL, '2015-05-11 16:33:12', '2015-05-11 16:33:12', 0),
(161, 2, 19, 'コスプレ・外国人クラブ沖縄', '0', NULL, '2015-05-11 16:33:12', '2015-05-11 16:33:12', 0),
(162, 3, 1, 'ホストクラブ', '0', NULL, '2015-05-11 16:33:12', '2015-05-11 16:33:12', 0),
(163, 3, 1, 'ホストパブ', '0', NULL, '2015-05-11 16:33:12', '2015-05-11 16:33:12', 0),
(164, 3, 1, 'カジュアルホスト', '0', NULL, '2015-05-11 16:33:12', '2015-05-11 16:33:12', 0),
(165, 3, 2, 'ホストクラブ', '0', NULL, '2015-05-11 16:33:12', '2015-05-11 16:33:12', 0),
(166, 3, 2, 'ホストパブ', '0', NULL, '2015-05-11 16:33:12', '2015-05-11 16:33:12', 0),
(167, 3, 2, 'カジュアルホスト', '0', NULL, '2015-05-11 16:33:12', '2015-05-11 16:33:12', 0),
(168, 3, 3, 'ホストクラブ', '0', NULL, '2015-05-11 16:33:12', '2015-05-11 16:33:12', 0),
(169, 3, 3, 'ホストパブ', '0', NULL, '2015-05-11 16:33:12', '2015-05-11 16:33:12', 0),
(170, 3, 3, 'カジュアルホスト', '0', NULL, '2015-05-11 16:33:12', '2015-05-11 16:33:12', 0),
(171, 3, 4, 'ホストクラブ', '0', NULL, '2015-05-11 16:33:12', '2015-05-11 16:33:12', 0),
(172, 3, 4, 'ホストパブ', '0', NULL, '2015-05-11 16:33:12', '2015-05-11 16:33:12', 0),
(173, 3, 4, 'カジュアルホスト', '0', NULL, '2015-05-11 16:33:12', '2015-05-11 16:33:12', 0),
(174, 3, 5, 'ホストクラブ', '0', NULL, '2015-05-11 16:33:12', '2015-05-11 16:33:12', 0),
(175, 3, 5, 'ホストパブ', '0', NULL, '2015-05-11 16:33:12', '2015-05-11 16:33:12', 0),
(176, 3, 5, 'カジュアルホスト', '0', NULL, '2015-05-11 16:33:12', '2015-05-11 16:33:12', 0),
(177, 3, 6, 'ホストクラブ', '0', NULL, '2015-05-11 16:33:12', '2015-05-11 16:33:12', 0),
(178, 3, 6, 'ホストパブ', '0', NULL, '2015-05-11 16:33:12', '2015-05-11 16:33:12', 0),
(179, 3, 6, 'カジュアルホスト', '0', NULL, '2015-05-11 16:33:12', '2015-05-11 16:33:12', 0),
(180, 3, 7, 'ホストクラブ', '0', NULL, '2015-05-11 16:33:12', '2015-05-11 16:33:12', 0),
(181, 3, 7, 'ホストパブ', '0', NULL, '2015-05-11 16:33:12', '2015-05-11 16:33:12', 0),
(182, 3, 7, 'カジュアルホスト', '0', NULL, '2015-05-11 16:33:12', '2015-05-11 16:33:12', 0),
(183, 3, 8, 'ホストクラブ', '0', NULL, '2015-05-11 16:33:12', '2015-05-11 16:33:12', 0),
(184, 3, 8, 'ホストパブ', '0', NULL, '2015-05-11 16:33:12', '2015-05-11 16:33:12', 0),
(185, 3, 8, 'カジュアルホスト', '0', NULL, '2015-05-11 16:33:12', '2015-05-11 16:33:12', 0),
(186, 3, 9, 'ホストクラブ', '0', NULL, '2015-05-11 16:33:12', '2015-05-11 16:33:12', 0),
(187, 3, 9, 'ホストパブ', '0', NULL, '2015-05-11 16:33:12', '2015-05-11 16:33:12', 0),
(188, 3, 9, 'カジュアルホスト', '0', NULL, '2015-05-11 16:33:12', '2015-05-11 16:33:12', 0),
(189, 3, 10, 'ホストクラブ', '0', NULL, '2015-05-11 16:33:12', '2015-05-11 16:33:12', 0),
(190, 3, 10, 'ホストパブ', '0', NULL, '2015-05-11 16:33:12', '2015-05-11 16:33:12', 0),
(191, 3, 10, 'カジュアルホスト', '0', NULL, '2015-05-11 16:33:12', '2015-05-11 16:33:12', 0),
(192, 3, 11, 'ホストクラブ', '0', NULL, '2015-05-11 16:33:12', '2015-05-11 16:33:12', 0),
(193, 3, 11, 'ホストパブ', '0', NULL, '2015-05-11 16:33:12', '2015-05-11 16:33:12', 0),
(194, 3, 11, 'カジュアルホスト', '0', NULL, '2015-05-11 16:33:12', '2015-05-11 16:33:12', 0),
(195, 3, 12, 'ホストクラブ', '0', NULL, '2015-05-11 16:33:12', '2015-05-11 16:33:12', 0),
(196, 3, 12, 'ホストパブ', '0', NULL, '2015-05-11 16:33:12', '2015-05-11 16:33:12', 0),
(197, 3, 12, 'カジュアルホスト', '0', NULL, '2015-05-11 16:33:12', '2015-05-11 16:33:12', 0),
(198, 3, 13, 'ホストクラブ', '0', NULL, '2015-05-11 16:33:12', '2015-05-11 16:33:12', 0),
(199, 3, 13, 'ホストパブ', '0', NULL, '2015-05-11 16:33:12', '2015-05-11 16:33:12', 0),
(200, 3, 13, 'カジュアルホスト', '0', NULL, '2015-05-11 16:33:12', '2015-05-11 16:33:12', 0),
(201, 3, 14, 'ホストクラブ', '0', NULL, '2015-05-11 16:33:12', '2015-05-11 16:33:12', 0),
(202, 3, 14, 'ホストパブ', '0', NULL, '2015-05-11 16:33:12', '2015-05-11 16:33:12', 0),
(203, 3, 14, 'カジュアルホスト', '0', NULL, '2015-05-11 16:33:12', '2015-05-11 16:33:12', 0),
(204, 3, 15, 'ホストクラブ', '0', NULL, '2015-05-11 16:33:12', '2015-05-11 16:33:12', 0),
(205, 3, 15, 'ホストパブ', '0', NULL, '2015-05-11 16:33:12', '2015-05-11 16:33:12', 0),
(206, 3, 15, 'カジュアルホスト', '0', NULL, '2015-05-11 16:33:12', '2015-05-11 16:33:12', 0),
(207, 3, 16, 'ホストクラブ', '0', NULL, '2015-05-11 16:33:12', '2015-05-11 16:33:12', 0),
(208, 3, 16, 'ホストパブ', '0', NULL, '2015-05-11 16:33:12', '2015-05-11 16:33:12', 0),
(209, 3, 16, 'カジュアルホスト', '0', NULL, '2015-05-11 16:33:12', '2015-05-11 16:33:12', 0),
(210, 3, 17, 'ホストクラブ', '0', NULL, '2015-05-11 16:33:12', '2015-05-11 16:33:12', 0),
(211, 3, 17, 'ホストパブ', '0', NULL, '2015-05-11 16:33:12', '2015-05-11 16:33:12', 0),
(212, 3, 17, 'カジュアルホスト', '0', NULL, '2015-05-11 16:33:12', '2015-05-11 16:33:12', 0),
(213, 3, 18, 'ホストクラブ', '0', NULL, '2015-05-11 16:33:12', '2015-05-11 16:33:12', 0),
(214, 3, 18, 'ホストパブ', '0', NULL, '2015-05-11 16:33:12', '2015-05-11 16:33:12', 0),
(215, 3, 18, 'カジュアルホスト', '0', NULL, '2015-05-11 16:33:12', '2015-05-11 16:33:12', 0),
(216, 3, 19, 'ホストクラブ', '0', NULL, '2015-05-11 16:33:12', '2015-05-11 16:33:12', 0),
(217, 3, 19, 'ホストパブ', '0', NULL, '2015-05-11 16:33:12', '2015-05-11 16:33:12', 0),
(218, 3, 19, 'カジュアルホスト', '0', NULL, '2015-05-11 16:33:12', '2015-05-11 16:33:12', 0);

-- --------------------------------------------------------

--
-- テーブルの構造 `category_small`
--

CREATE TABLE IF NOT EXISTS `category_small` (
  `category_small_id` smallint(6) NOT NULL AUTO_INCREMENT COMMENT '小カテゴリーID',
  `category_midium_id` smallint(6) NOT NULL COMMENT '中カテゴリーID',
  `category_small_name` varchar(50) NOT NULL COMMENT '小カテゴリー名',
  `rank` smallint(6) DEFAULT NULL COMMENT 'ランク順',
  `regist_date` datetime NOT NULL COMMENT '登録日時',
  `update_date` datetime NOT NULL COMMENT '変更日時',
  `delete_flg` tinyint(4) NOT NULL DEFAULT '0' COMMENT '削除フラグ : 0：未削除、1：削除済み',
  PRIMARY KEY (`category_small_id`)
) ENGINE=InnoDB  DEFAULT CHARSET=utf8 COMMENT='小カテゴリーマスター' AUTO_INCREMENT=510 ;

--
-- テーブルのデータのダンプ `category_small`
--

INSERT INTO `category_small` (`category_small_id`, `category_midium_id`, `category_small_name`, `rank`, `regist_date`, `update_date`, `delete_flg`) VALUES
(1, 1, '美サロン北海道小１', NULL, '2015-05-11 16:33:52', '2015-05-11 16:33:52', 0),
(2, 1, '美サロン北海道小２', NULL, '2015-05-11 16:33:52', '2015-05-11 16:33:52', 0),
(3, 1, '美サロン北海道小３', NULL, '2015-05-11 16:33:52', '2015-05-11 16:33:52', 0),
(4, 1, '美サロン北海道小４', NULL, '2015-05-11 16:33:52', '2015-05-11 16:33:52', 0),
(5, 1, '美サロン北海道小５', NULL, '2015-05-11 16:33:52', '2015-05-11 16:33:52', 0),
(6, 2, '美マッサージ北海道小', NULL, '2015-05-11 16:33:52', '2015-05-11 16:33:52', 0),
(7, 3, '美エステ北海道小', NULL, '2015-05-11 16:33:52', '2015-05-11 16:33:52', 0),
(8, 4, '美Ｄサロン北海道小１', NULL, '2015-05-11 16:33:52', '2015-05-11 16:33:52', 0),
(9, 4, '美Ｄサロン北海道小２', NULL, '2015-05-11 16:33:52', '2015-05-11 16:33:52', 0),
(10, 4, '美Ｄサロン北海道小３', NULL, '2015-05-11 16:33:52', '2015-05-11 16:33:52', 0),
(11, 4, '美Ｄサロン北海道小４', NULL, '2015-05-11 16:33:52', '2015-05-11 16:33:52', 0),
(12, 4, '美Ｄサロン北海道小５', NULL, '2015-05-11 16:33:52', '2015-05-11 16:33:52', 0),
(13, 4, '美Ｄサロン北海道小６', NULL, '2015-05-11 16:33:52', '2015-05-11 16:33:52', 0),
(14, 4, '美Ｄサロン北海道小７', NULL, '2015-05-11 16:33:52', '2015-05-11 16:33:52', 0),
(15, 4, '美Ｄサロン北海道小８', NULL, '2015-05-11 16:33:52', '2015-05-11 16:33:52', 0),
(16, 4, '美Ｄサロン北海道小９', NULL, '2015-05-11 16:33:52', '2015-05-11 16:33:52', 0),
(17, 4, '美Ｄサロン北海道小１０', NULL, '2015-05-11 16:33:52', '2015-05-11 16:33:52', 0),
(18, 5, '美出張エステ北海道小１', NULL, '2015-05-11 16:33:52', '2015-05-11 16:33:52', 0),
(19, 5, '美出張エステ北海道小２', NULL, '2015-05-11 16:33:52', '2015-05-11 16:33:52', 0),
(20, 6, '美函館Ｄサロン小１', NULL, '2015-05-11 16:33:52', '2015-05-11 16:33:52', 0),
(21, 6, '美函館Ｄサロン小２', NULL, '2015-05-11 16:33:52', '2015-05-11 16:33:52', 0),
(22, 6, '美函館Ｄサロン小３', NULL, '2015-05-11 16:33:52', '2015-05-11 16:33:52', 0),
(23, 6, '美函館Ｄサロン小４', NULL, '2015-05-11 16:33:52', '2015-05-11 16:33:52', 0),
(24, 6, '美函館Ｄサロン小５', NULL, '2015-05-11 16:33:52', '2015-05-11 16:33:52', 0),
(25, 6, '美函館Ｄサロン小６', NULL, '2015-05-11 16:33:52', '2015-05-11 16:33:52', 0),
(26, 7, '美マッサージ東北小', NULL, '2015-05-11 16:33:52', '2015-05-11 16:33:52', 0),
(27, 8, '美サロン東北小１', NULL, '2015-05-11 16:33:52', '2015-05-11 16:33:52', 0),
(28, 8, '美サロン東北小２', NULL, '2015-05-11 16:33:52', '2015-05-11 16:33:52', 0),
(29, 9, '美宮城Ｄサロン東北小１', NULL, '2015-05-11 16:33:52', '2015-05-11 16:33:52', 0),
(30, 9, '美宮城Ｄサロン東北小２', NULL, '2015-05-11 16:33:52', '2015-05-11 16:33:52', 0),
(31, 9, '美宮城Ｄサロン東北小３', NULL, '2015-05-11 16:33:52', '2015-05-11 16:33:52', 0),
(32, 9, '美宮城Ｄサロン東北小４', NULL, '2015-05-11 16:33:52', '2015-05-11 16:33:52', 0),
(33, 9, '美宮城Ｄサロン東北小５', NULL, '2015-05-11 16:33:52', '2015-05-11 16:33:52', 0),
(34, 9, '美宮城Ｄサロン東北小６', NULL, '2015-05-11 16:33:52', '2015-05-11 16:33:52', 0),
(35, 9, '美宮城Ｄサロン東北小７', NULL, '2015-05-11 16:33:52', '2015-05-11 16:33:52', 0),
(36, 9, '美宮城Ｄサロン東北小８', NULL, '2015-05-11 16:33:52', '2015-05-11 16:33:52', 0),
(37, 9, '美宮城Ｄサロン東北小９', NULL, '2015-05-11 16:33:52', '2015-05-11 16:33:52', 0),
(38, 10, '美福島Ｄサロン東北小１', NULL, '2015-05-11 16:33:52', '2015-05-11 16:33:52', 0),
(39, 10, '美福島Ｄサロン東北小２', NULL, '2015-05-11 16:33:52', '2015-05-11 16:33:52', 0),
(40, 10, '美福島Ｄサロン東北小３', NULL, '2015-05-11 16:33:52', '2015-05-11 16:33:52', 0),
(41, 10, '美福島Ｄサロン東北小４', NULL, '2015-05-11 16:33:52', '2015-05-11 16:33:52', 0),
(42, 10, '美福島Ｄサロン東北小５', NULL, '2015-05-11 16:33:52', '2015-05-11 16:33:52', 0),
(43, 10, '美福島Ｄサロン東北小６', NULL, '2015-05-11 16:33:52', '2015-05-11 16:33:52', 0),
(44, 10, '美福島Ｄサロン東北小７', NULL, '2015-05-11 16:33:52', '2015-05-11 16:33:52', 0),
(45, 11, '美岩手Ｄサロン東北小１', NULL, '2015-05-11 16:33:52', '2015-05-11 16:33:52', 0),
(46, 11, '美岩手Ｄサロン東北小２', NULL, '2015-05-11 16:33:52', '2015-05-11 16:33:52', 0),
(47, 11, '美岩手Ｄサロン東北小３', NULL, '2015-05-11 16:33:52', '2015-05-11 16:33:52', 0),
(48, 12, '美青森Ｄサロン東北小', NULL, '2015-05-11 16:33:52', '2015-05-11 16:33:52', 0),
(49, 13, '美山形Ｄサロン東北小', NULL, '2015-05-11 16:33:52', '2015-05-11 16:33:52', 0),
(50, 14, '美秋田Ｄサロン東北小１', NULL, '2015-05-11 16:33:52', '2015-05-11 16:33:52', 0),
(51, 14, '美秋田Ｄサロン東北小２', NULL, '2015-05-11 16:33:52', '2015-05-11 16:33:52', 0),
(52, 15, '美出張エステ東北小１', NULL, '2015-05-11 16:33:52', '2015-05-11 16:33:52', 0),
(53, 15, '美出張エステ東北小２', NULL, '2015-05-11 16:33:52', '2015-05-11 16:33:52', 0),
(54, 15, '美出張エステ東北小３', NULL, '2015-05-11 16:33:52', '2015-05-11 16:33:52', 0),
(55, 16, '美古町マッサージ甲信越小', NULL, '2015-05-11 16:33:52', '2015-05-11 16:33:52', 0),
(56, 17, '美新潟Ｄサロン甲信越小１', NULL, '2015-05-11 16:33:52', '2015-05-11 16:33:52', 0),
(57, 17, '美新潟Ｄサロン甲信越小２', NULL, '2015-05-11 16:33:52', '2015-05-11 16:33:52', 0),
(58, 17, '美新潟Ｄサロン甲信越小３', NULL, '2015-05-11 16:33:52', '2015-05-11 16:33:52', 0),
(59, 17, '美新潟Ｄサロン甲信越小４', NULL, '2015-05-11 16:33:52', '2015-05-11 16:33:52', 0),
(60, 17, '美新潟Ｄサロン甲信越小５', NULL, '2015-05-11 16:33:52', '2015-05-11 16:33:52', 0),
(61, 17, '美新潟Ｄサロン甲信越小６', NULL, '2015-05-11 16:33:52', '2015-05-11 16:33:52', 0),
(62, 17, '美新潟Ｄサロン甲信越小７', NULL, '2015-05-11 16:33:52', '2015-05-11 16:33:52', 0),
(63, 18, '美長岡Ｄサロン甲信越小１', NULL, '2015-05-11 16:33:52', '2015-05-11 16:33:52', 0),
(64, 18, '美長岡Ｄサロン甲信越小２', NULL, '2015-05-11 16:33:52', '2015-05-11 16:33:52', 0),
(65, 18, '美長岡Ｄサロン甲信越小３', NULL, '2015-05-11 16:33:52', '2015-05-11 16:33:52', 0),
(66, 18, '美長岡Ｄサロン甲信越小４', NULL, '2015-05-11 16:33:52', '2015-05-11 16:33:52', 0),
(67, 18, '美長岡Ｄサロン甲信越小５', NULL, '2015-05-11 16:33:52', '2015-05-11 16:33:52', 0),
(68, 18, '美長岡Ｄサロン甲信越小６', NULL, '2015-05-11 16:33:52', '2015-05-11 16:33:52', 0),
(69, 18, '美長岡Ｄサロン甲信越小７', NULL, '2015-05-11 16:33:52', '2015-05-11 16:33:52', 0),
(70, 18, '美長岡Ｄサロン甲信越小８', NULL, '2015-05-11 16:33:52', '2015-05-11 16:33:52', 0),
(71, 19, '美上越Ｄサロン甲信越小１', NULL, '2015-05-11 16:33:52', '2015-05-11 16:33:52', 0),
(72, 19, '美上越Ｄサロン甲信越小２', NULL, '2015-05-11 16:33:52', '2015-05-11 16:33:52', 0),
(73, 19, '美上越Ｄサロン甲信越小３', NULL, '2015-05-11 16:33:52', '2015-05-11 16:33:52', 0),
(74, 20, '美アジアン出張甲信越小１', NULL, '2015-05-11 16:33:52', '2015-05-11 16:33:52', 0),
(75, 20, '美アジアン出張甲信越小２', NULL, '2015-05-11 16:33:52', '2015-05-11 16:33:52', 0),
(76, 21, '美マッサージランド北陸小', NULL, '2015-05-11 16:33:52', '2015-05-11 16:33:52', 0),
(77, 21, '美サロン北陸小', NULL, '2015-05-11 16:33:52', '2015-05-11 16:33:52', 0),
(78, 22, '美Ｓキャバクラ北陸小', NULL, '2015-05-11 16:33:52', '2015-05-11 16:33:52', 0),
(79, 23, '美石川Ｄサロン北陸小１', NULL, '2015-05-11 16:33:52', '2015-05-11 16:33:52', 0),
(80, 23, '美石川Ｄサロン北陸小２', NULL, '2015-05-11 16:33:52', '2015-05-11 16:33:52', 0),
(81, 24, '美富山Ｄサロン北陸小１', NULL, '2015-05-11 16:33:52', '2015-05-11 16:33:52', 0),
(82, 24, '美富山Ｄサロン北陸小２', NULL, '2015-05-11 16:33:52', '2015-05-11 16:33:52', 0),
(83, 25, '美福井Ｄサロン北陸小１', NULL, '2015-05-11 16:33:52', '2015-05-11 16:33:52', 0),
(84, 25, '美福井Ｄサロン北陸小２', NULL, '2015-05-11 16:33:52', '2015-05-11 16:33:52', 0),
(85, 26, '美外国人Ｄサロン北陸小', NULL, '2015-05-11 16:33:52', '2015-05-11 16:33:52', 0),
(86, 27, '美出張エステ北陸小１', NULL, '2015-05-11 16:33:52', '2015-05-11 16:33:52', 0),
(87, 27, '美出張エステ北陸小２', NULL, '2015-05-11 16:33:52', '2015-05-11 16:33:52', 0),
(88, 28, '美マッサージ埼玉群馬小１', NULL, '2015-05-11 16:33:52', '2015-05-11 16:33:52', 0),
(89, 28, '美マッサージ埼玉群馬小２', NULL, '2015-05-11 16:33:52', '2015-05-11 16:33:52', 0),
(90, 28, '美マッサージ埼玉群馬小３', NULL, '2015-05-11 16:33:52', '2015-05-11 16:33:52', 0),
(91, 29, '美サロン埼玉群馬小１', NULL, '2015-05-11 16:33:52', '2015-05-11 16:33:52', 0),
(92, 29, '美サロン埼玉群馬小２', NULL, '2015-05-11 16:33:52', '2015-05-11 16:33:52', 0),
(93, 29, '美サロン埼玉群馬小３', NULL, '2015-05-11 16:33:52', '2015-05-11 16:33:52', 0),
(94, 29, '美サロン埼玉群馬小４', NULL, '2015-05-11 16:33:52', '2015-05-11 16:33:52', 0),
(95, 29, '美サロン埼玉群馬小５', NULL, '2015-05-11 16:33:52', '2015-05-11 16:33:52', 0),
(96, 30, '美Ｄサロン埼玉群馬小１', NULL, '2015-05-11 16:33:52', '2015-05-11 16:33:52', 0),
(97, 30, '美Ｄサロン埼玉群馬小２', NULL, '2015-05-11 16:33:52', '2015-05-11 16:33:52', 0),
(98, 30, '美Ｄサロン埼玉群馬小３', NULL, '2015-05-11 16:33:52', '2015-05-11 16:33:52', 0),
(99, 30, '美Ｄサロン埼玉群馬小４', NULL, '2015-05-11 16:33:52', '2015-05-11 16:33:52', 0),
(100, 30, '美Ｄサロン埼玉群馬小５', NULL, '2015-05-11 16:33:52', '2015-05-11 16:33:52', 0),
(101, 30, '美Ｄサロン埼玉群馬小６', NULL, '2015-05-11 16:33:52', '2015-05-11 16:33:52', 0),
(102, 30, '美Ｄサロン埼玉群馬小７', NULL, '2015-05-11 16:33:52', '2015-05-11 16:33:52', 0),
(103, 30, '美Ｄサロン埼玉群馬小８', NULL, '2015-05-11 16:33:52', '2015-05-11 16:33:52', 0),
(104, 30, '美Ｄサロン埼玉群馬小９', NULL, '2015-05-11 16:33:52', '2015-05-11 16:33:52', 0),
(105, 30, '美Ｄサロン埼玉群馬小１０', NULL, '2015-05-11 16:33:52', '2015-05-11 16:33:52', 0),
(106, 31, '美マッサージ千葉小１', NULL, '2015-05-11 16:33:52', '2015-05-11 16:33:52', 0),
(107, 31, '美マッサージ千葉小２', NULL, '2015-05-11 16:33:52', '2015-05-11 16:33:52', 0),
(108, 31, '美マッサージ千葉小３', NULL, '2015-05-11 16:33:52', '2015-05-11 16:33:52', 0),
(109, 32, '美サロン千葉小１', NULL, '2015-05-11 16:33:52', '2015-05-11 16:33:52', 0),
(110, 32, '美サロン千葉小２', NULL, '2015-05-11 16:33:52', '2015-05-11 16:33:52', 0),
(111, 32, '美サロン千葉小３', NULL, '2015-05-11 16:33:52', '2015-05-11 16:33:52', 0),
(112, 32, '美サロン千葉小４', NULL, '2015-05-11 16:33:52', '2015-05-11 16:33:52', 0),
(113, 32, '美サロン千葉小５', NULL, '2015-05-11 16:33:52', '2015-05-11 16:33:52', 0),
(114, 32, '美サロン千葉小６', NULL, '2015-05-11 16:33:52', '2015-05-11 16:33:52', 0),
(115, 32, '美サロン千葉小７', NULL, '2015-05-11 16:33:52', '2015-05-11 16:33:52', 0),
(116, 33, '美Ｄサロン千葉小１', NULL, '2015-05-11 16:33:52', '2015-05-11 16:33:52', 0),
(117, 33, '美Ｄサロン千葉小２', NULL, '2015-05-11 16:33:52', '2015-05-11 16:33:52', 0),
(118, 33, '美Ｄサロン千葉小３', NULL, '2015-05-11 16:33:52', '2015-05-11 16:33:52', 0),
(119, 33, '美Ｄサロン千葉小４', NULL, '2015-05-11 16:33:52', '2015-05-11 16:33:52', 0),
(120, 33, '美Ｄサロン千葉小５', NULL, '2015-05-11 16:33:52', '2015-05-11 16:33:52', 0),
(121, 33, '美Ｄサロン千葉小６', NULL, '2015-05-11 16:33:52', '2015-05-11 16:33:52', 0),
(122, 33, '美Ｄサロン千葉小７', NULL, '2015-05-11 16:33:52', '2015-05-11 16:33:52', 0),
(123, 34, '美出張サロン千葉小１', NULL, '2015-05-11 16:33:52', '2015-05-11 16:33:52', 0),
(124, 34, '美出張サロン千葉小２', NULL, '2015-05-11 16:33:52', '2015-05-11 16:33:52', 0),
(125, 34, '美出張サロン千葉小３', NULL, '2015-05-11 16:33:52', '2015-05-11 16:33:52', 0),
(126, 34, '美出張サロン千葉小４', NULL, '2015-05-11 16:33:52', '2015-05-11 16:33:52', 0),
(127, 35, '美マッサージランド東京小１', NULL, '2015-05-11 16:33:52', '2015-05-11 16:33:52', 0),
(128, 35, '美マッサージランド東京小２', NULL, '2015-05-11 16:33:52', '2015-05-11 16:33:52', 0),
(129, 35, '美マッサージランド東京小３', NULL, '2015-05-11 16:33:52', '2015-05-11 16:33:52', 0),
(130, 36, '美Ｓサロン東京小１', NULL, '2015-05-11 16:33:52', '2015-05-11 16:33:52', 0),
(131, 36, '美Ｓサロン東京小２', NULL, '2015-05-11 16:33:52', '2015-05-11 16:33:52', 0),
(132, 36, '美Ｓサロン東京小３', NULL, '2015-05-11 16:33:52', '2015-05-11 16:33:52', 0),
(133, 36, '美Ｓサロン東京小４', NULL, '2015-05-11 16:33:52', '2015-05-11 16:33:52', 0),
(134, 37, '美サロン東京小１', NULL, '2015-05-11 16:33:52', '2015-05-11 16:33:52', 0),
(135, 37, '美サロン東京小２', NULL, '2015-05-11 16:33:52', '2015-05-11 16:33:52', 0),
(136, 38, '美サロン他東京小１', NULL, '2015-05-11 16:33:52', '2015-05-11 16:33:52', 0),
(137, 38, '美サロン他東京小２', NULL, '2015-05-11 16:33:52', '2015-05-11 16:33:52', 0),
(138, 38, '美サロン他東京小３', NULL, '2015-05-11 16:33:52', '2015-05-11 16:33:52', 0),
(139, 39, '美Ｄサロン東京小１', NULL, '2015-05-11 16:33:52', '2015-05-11 16:33:52', 0),
(140, 39, '美Ｄサロン東京小２', NULL, '2015-05-11 16:33:52', '2015-05-11 16:33:52', 0),
(141, 39, '美Ｄサロン東京小３', NULL, '2015-05-11 16:33:52', '2015-05-11 16:33:52', 0),
(142, 39, '美Ｄサロン東京小４', NULL, '2015-05-11 16:33:52', '2015-05-11 16:33:52', 0),
(143, 39, '美Ｄサロン東京小５', NULL, '2015-05-11 16:33:52', '2015-05-11 16:33:52', 0),
(144, 40, '美Ｄサロン・他東京小１', NULL, '2015-05-11 16:33:52', '2015-05-11 16:33:52', 0),
(145, 40, '美Ｄサロン・他東京小２', NULL, '2015-05-11 16:33:52', '2015-05-11 16:33:52', 0),
(146, 40, '美Ｄサロン・他東京小３', NULL, '2015-05-11 16:33:52', '2015-05-11 16:33:52', 0),
(147, 41, '美サロン神奈川小１', NULL, '2015-05-11 16:33:52', '2015-05-11 16:33:52', 0),
(148, 41, '美サロン神奈川小２', NULL, '2015-05-11 16:33:52', '2015-05-11 16:33:52', 0),
(149, 41, '美サロン神奈川小３', NULL, '2015-05-11 16:33:52', '2015-05-11 16:33:52', 0),
(150, 41, '美サロン神奈川小４', NULL, '2015-05-11 16:33:52', '2015-05-11 16:33:52', 0),
(151, 41, '美サロン神奈川小５', NULL, '2015-05-11 16:33:52', '2015-05-11 16:33:52', 0),
(152, 41, '美サロン神奈川小６', NULL, '2015-05-11 16:33:52', '2015-05-11 16:33:52', 0),
(153, 42, '美エステ神奈川小１', NULL, '2015-05-11 16:33:52', '2015-05-11 16:33:52', 0),
(154, 42, '美エステ神奈川小２', NULL, '2015-05-11 16:33:52', '2015-05-11 16:33:52', 0),
(155, 42, '美エステ神奈川小３', NULL, '2015-05-11 16:33:52', '2015-05-11 16:33:52', 0),
(156, 42, '美エステ神奈川小４', NULL, '2015-05-11 16:33:52', '2015-05-11 16:33:52', 0),
(157, 42, '美エステ神奈川小５', NULL, '2015-05-11 16:33:52', '2015-05-11 16:33:52', 0),
(158, 43, '美マッサージ神奈川小１', NULL, '2015-05-11 16:33:52', '2015-05-11 16:33:52', 0),
(159, 43, '美マッサージ神奈川小２', NULL, '2015-05-11 16:33:52', '2015-05-11 16:33:52', 0),
(160, 43, '美マッサージ神奈川小３', NULL, '2015-05-11 16:33:52', '2015-05-11 16:33:52', 0),
(161, 44, '美サロン・その他神奈川小１', NULL, '2015-05-11 16:33:52', '2015-05-11 16:33:52', 0),
(162, 44, '美サロン・その他神奈川小２', NULL, '2015-05-11 16:33:52', '2015-05-11 16:33:52', 0),
(163, 44, '美サロン・その他神奈川小３', NULL, '2015-05-11 16:33:52', '2015-05-11 16:33:52', 0),
(164, 44, '美サロン・その他神奈川小４', NULL, '2015-05-11 16:33:52', '2015-05-11 16:33:52', 0),
(165, 44, '美サロン・その他神奈川小５', NULL, '2015-05-11 16:33:52', '2015-05-11 16:33:52', 0),
(166, 44, '美サロン・その他神奈川小６', NULL, '2015-05-11 16:33:52', '2015-05-11 16:33:52', 0),
(167, 44, '美サロン・その他神奈川小７', NULL, '2015-05-11 16:33:52', '2015-05-11 16:33:52', 0),
(168, 45, '美Ｄサロン神奈川小１', NULL, '2015-05-11 16:33:52', '2015-05-11 16:33:52', 0),
(169, 45, '美Ｄサロン神奈川小２', NULL, '2015-05-11 16:33:52', '2015-05-11 16:33:52', 0),
(170, 45, '美Ｄサロン神奈川小３', NULL, '2015-05-11 16:33:52', '2015-05-11 16:33:52', 0),
(171, 45, '美Ｄサロン神奈川小４', NULL, '2015-05-11 16:33:52', '2015-05-11 16:33:52', 0),
(172, 45, '美Ｄサロン神奈川小５', NULL, '2015-05-11 16:33:52', '2015-05-11 16:33:52', 0),
(173, 45, '美Ｄサロン神奈川小６', NULL, '2015-05-11 16:33:52', '2015-05-11 16:33:52', 0),
(174, 45, '美Ｄサロン神奈川小７', NULL, '2015-05-11 16:33:52', '2015-05-11 16:33:52', 0),
(175, 45, '美Ｄサロン神奈川小８', NULL, '2015-05-11 16:33:52', '2015-05-11 16:33:52', 0),
(176, 46, '美マッサージ静岡小１', NULL, '2015-05-11 16:33:52', '2015-05-11 16:33:52', 0),
(177, 46, '美マッサージ静岡小２', NULL, '2015-05-11 16:33:52', '2015-05-11 16:33:52', 0),
(178, 47, '美中部Ｄサロン静岡小１', NULL, '2015-05-11 16:33:52', '2015-05-11 16:33:52', 0),
(179, 47, '美中部Ｄサロン静岡小２', NULL, '2015-05-11 16:33:52', '2015-05-11 16:33:52', 0),
(180, 47, '美中部Ｄサロン静岡小３', NULL, '2015-05-11 16:33:52', '2015-05-11 16:33:52', 0),
(181, 47, '美中部Ｄサロン静岡小４', NULL, '2015-05-11 16:33:52', '2015-05-11 16:33:52', 0),
(182, 47, '美中部Ｄサロン静岡小５', NULL, '2015-05-11 16:33:52', '2015-05-11 16:33:52', 0),
(183, 47, '美中部Ｄサロン静岡小６', NULL, '2015-05-11 16:33:52', '2015-05-11 16:33:52', 0),
(184, 48, '美西部Ｄサロン静岡小１', NULL, '2015-05-11 16:33:52', '2015-05-11 16:33:52', 0),
(185, 48, '美西部Ｄサロン静岡小２', NULL, '2015-05-11 16:33:52', '2015-05-11 16:33:52', 0),
(186, 48, '美西部Ｄサロン静岡小３', NULL, '2015-05-11 16:33:52', '2015-05-11 16:33:52', 0),
(187, 48, '美西部Ｄサロン静岡小４', NULL, '2015-05-11 16:33:52', '2015-05-11 16:33:52', 0),
(188, 48, '美西部Ｄサロン静岡小５', NULL, '2015-05-11 16:33:52', '2015-05-11 16:33:52', 0),
(189, 48, '美西部Ｄサロン静岡小６', NULL, '2015-05-11 16:33:52', '2015-05-11 16:33:52', 0),
(190, 48, '美西部Ｄサロン静岡小７', NULL, '2015-05-11 16:33:52', '2015-05-11 16:33:52', 0),
(191, 48, '美西部Ｄサロン静岡小８', NULL, '2015-05-11 16:33:52', '2015-05-11 16:33:52', 0),
(192, 48, '美西部Ｄサロン静岡小９', NULL, '2015-05-11 16:33:52', '2015-05-11 16:33:52', 0),
(193, 49, '美東部Ｄサロン静岡小１', NULL, '2015-05-11 16:33:52', '2015-05-11 16:33:52', 0),
(194, 49, '美東部Ｄサロン静岡小２', NULL, '2015-05-11 16:33:52', '2015-05-11 16:33:52', 0),
(195, 49, '美東部Ｄサロン静岡小３', NULL, '2015-05-11 16:33:52', '2015-05-11 16:33:52', 0),
(196, 49, '美東部Ｄサロン静岡小４', NULL, '2015-05-11 16:33:52', '2015-05-11 16:33:52', 0),
(197, 49, '美東部Ｄサロン静岡小５', NULL, '2015-05-11 16:33:52', '2015-05-11 16:33:52', 0),
(198, 49, '美東部Ｄサロン静岡小６', NULL, '2015-05-11 16:33:52', '2015-05-11 16:33:52', 0),
(199, 50, '美サロン東海小１', NULL, '2015-05-11 16:33:52', '2015-05-11 16:33:52', 0),
(200, 50, '美サロン東海小２', NULL, '2015-05-11 16:33:52', '2015-05-11 16:33:52', 0),
(201, 50, '美サロン東海小３', NULL, '2015-05-11 16:33:52', '2015-05-11 16:33:52', 0),
(202, 50, '美サロン東海小４', NULL, '2015-05-11 16:33:52', '2015-05-11 16:33:52', 0),
(203, 50, '美サロン東海小５', NULL, '2015-05-11 16:33:52', '2015-05-11 16:33:52', 0),
(204, 50, '美サロン東海小６', NULL, '2015-05-11 16:33:52', '2015-05-11 16:33:52', 0),
(205, 50, '美サロン東海小７', NULL, '2015-05-11 16:33:52', '2015-05-11 16:33:52', 0),
(206, 51, '美マッサージ東海小１', NULL, '2015-05-11 16:33:52', '2015-05-11 16:33:52', 0),
(207, 51, '美マッサージ東海小２', NULL, '2015-05-11 16:33:52', '2015-05-11 16:33:52', 0),
(208, 51, '美マッサージ東海小３', NULL, '2015-05-11 16:33:52', '2015-05-11 16:33:52', 0),
(209, 51, '美マッサージ東海小４', NULL, '2015-05-11 16:33:52', '2015-05-11 16:33:52', 0),
(210, 52, '美エステ東海小', NULL, '2015-05-11 16:33:52', '2015-05-11 16:33:52', 0),
(211, 53, '美エステ・その他東海小１', NULL, '2015-05-11 16:33:52', '2015-05-11 16:33:52', 0),
(212, 53, '美エステ・その他東海小２', NULL, '2015-05-11 16:33:52', '2015-05-11 16:33:52', 0),
(213, 53, '美エステ・その他東海小３', NULL, '2015-05-11 16:33:52', '2015-05-11 16:33:52', 0),
(214, 54, '美Ｄサロン東海小１', NULL, '2015-05-11 16:33:52', '2015-05-11 16:33:52', 0),
(215, 54, '美Ｄサロン東海小２', NULL, '2015-05-11 16:33:52', '2015-05-11 16:33:52', 0),
(216, 54, '美Ｄサロン東海小３', NULL, '2015-05-11 16:33:52', '2015-05-11 16:33:52', 0),
(217, 54, '美Ｄサロン東海小４', NULL, '2015-05-11 16:33:52', '2015-05-11 16:33:52', 0),
(218, 54, '美Ｄサロン東海小５', NULL, '2015-05-11 16:33:52', '2015-05-11 16:33:52', 0),
(219, 54, '美Ｄサロン東海小６', NULL, '2015-05-11 16:33:52', '2015-05-11 16:33:52', 0),
(220, 54, '美Ｄサロン東海小７', NULL, '2015-05-11 16:33:52', '2015-05-11 16:33:52', 0),
(221, 55, '美外国人Ｄサロン東海小１', NULL, '2015-05-11 16:33:52', '2015-05-11 16:33:52', 0),
(222, 55, '美外国人Ｄサロン東海小２', NULL, '2015-05-11 16:33:52', '2015-05-11 16:33:52', 0),
(223, 56, '美出張エステ東海小', NULL, '2015-05-11 16:33:52', '2015-05-11 16:33:52', 0),
(224, 57, '美出張エステ・その他東海小１', NULL, '2015-05-11 16:33:52', '2015-05-11 16:33:52', 0),
(225, 57, '美出張エステ・その他東海小２', NULL, '2015-05-11 16:33:52', '2015-05-11 16:33:52', 0),
(226, 58, '美サロン関西小１', NULL, '2015-05-11 16:33:52', '2015-05-11 16:33:52', 0),
(227, 58, '美サロン関西小２', NULL, '2015-05-11 16:33:52', '2015-05-11 16:33:52', 0),
(228, 59, '美マッサージランド関西小', NULL, '2015-05-11 16:33:52', '2015-05-11 16:33:52', 0),
(229, 60, '美サロン待合せ関西小１', NULL, '2015-05-11 16:33:52', '2015-05-11 16:33:52', 0),
(230, 60, '美サロン待合せ関西小２', NULL, '2015-05-11 16:33:52', '2015-05-11 16:33:52', 0),
(231, 60, '美サロン待合せ関西小３', NULL, '2015-05-11 16:33:52', '2015-05-11 16:33:52', 0),
(232, 61, '美サロン・その他関西小１', NULL, '2015-05-11 16:33:52', '2015-05-11 16:33:52', 0),
(233, 61, '美サロン・その他関西小２', NULL, '2015-05-11 16:33:52', '2015-05-11 16:33:52', 0),
(234, 61, '美サロン・その他関西小３', NULL, '2015-05-11 16:33:52', '2015-05-11 16:33:52', 0),
(235, 62, '美Ｄサロン関西小１', NULL, '2015-05-11 16:33:52', '2015-05-11 16:33:52', 0),
(236, 62, '美Ｄサロン関西小２', NULL, '2015-05-11 16:33:52', '2015-05-11 16:33:52', 0),
(237, 62, '美Ｄサロン関西小３', NULL, '2015-05-11 16:33:52', '2015-05-11 16:33:52', 0),
(238, 62, '美Ｄサロン関西小４', NULL, '2015-05-11 16:33:52', '2015-05-11 16:33:52', 0),
(239, 62, '美Ｄサロン関西小５', NULL, '2015-05-11 16:33:52', '2015-05-11 16:33:52', 0),
(240, 62, '美Ｄサロン関西小６', NULL, '2015-05-11 16:33:52', '2015-05-11 16:33:52', 0),
(241, 63, '美サロン大阪小１', NULL, '2015-05-11 16:33:52', '2015-05-11 16:33:52', 0),
(242, 63, '美サロン大阪小２', NULL, '2015-05-11 16:33:52', '2015-05-11 16:33:52', 0),
(243, 63, '美サロン大阪小３', NULL, '2015-05-11 16:33:52', '2015-05-11 16:33:52', 0),
(244, 64, '美マッサージ大阪小１', NULL, '2015-05-11 16:33:52', '2015-05-11 16:33:52', 0),
(245, 64, '美マッサージ大阪小２', NULL, '2015-05-11 16:33:52', '2015-05-11 16:33:52', 0),
(246, 64, '美マッサージ大阪小３', NULL, '2015-05-11 16:33:52', '2015-05-11 16:33:52', 0),
(247, 64, '美マッサージ大阪小４', NULL, '2015-05-11 16:33:52', '2015-05-11 16:33:52', 0),
(248, 64, '美マッサージ大阪小５', NULL, '2015-05-11 16:33:52', '2015-05-11 16:33:52', 0),
(249, 64, '美マッサージ大阪小６', NULL, '2015-05-11 16:33:52', '2015-05-11 16:33:52', 0),
(250, 65, '美Ｓサロン大阪小１', NULL, '2015-05-11 16:33:52', '2015-05-11 16:33:52', 0),
(251, 65, '美Ｓサロン大阪小２', NULL, '2015-05-11 16:33:52', '2015-05-11 16:33:52', 0),
(252, 65, '美Ｓサロン大阪小３', NULL, '2015-05-11 16:33:52', '2015-05-11 16:33:52', 0),
(253, 65, '美Ｓサロン大阪小４', NULL, '2015-05-11 16:33:52', '2015-05-11 16:33:52', 0),
(254, 65, '美Ｓサロン大阪小５', NULL, '2015-05-11 16:33:52', '2015-05-11 16:33:52', 0),
(255, 65, '美Ｓサロン大阪小６', NULL, '2015-05-11 16:33:52', '2015-05-11 16:33:52', 0),
(256, 65, '美Ｓサロン大阪小７', NULL, '2015-05-11 16:33:52', '2015-05-11 16:33:52', 0),
(257, 65, '美Ｓサロン大阪小８', NULL, '2015-05-11 16:33:52', '2015-05-11 16:33:52', 0),
(258, 66, '美サロン・その他大阪小１', NULL, '2015-05-11 16:33:52', '2015-05-11 16:33:52', 0),
(259, 66, '美サロン・その他大阪小２', NULL, '2015-05-11 16:33:52', '2015-05-11 16:33:52', 0),
(260, 66, '美サロン・その他大阪小３', NULL, '2015-05-11 16:33:52', '2015-05-11 16:33:52', 0),
(261, 66, '美サロン・その他大阪小４', NULL, '2015-05-11 16:33:52', '2015-05-11 16:33:52', 0),
(262, 66, '美サロン・その他大阪小５', NULL, '2015-05-11 16:33:52', '2015-05-11 16:33:52', 0),
(263, 66, '美サロン・その他大阪小６', NULL, '2015-05-11 16:33:52', '2015-05-11 16:33:52', 0),
(264, 66, '美サロン・その他大阪小７', NULL, '2015-05-11 16:33:52', '2015-05-11 16:33:52', 0),
(265, 66, '美サロン・その他大阪小８', NULL, '2015-05-11 16:33:52', '2015-05-11 16:33:52', 0),
(266, 66, '美サロン・その他大阪小９', NULL, '2015-05-11 16:33:52', '2015-05-11 16:33:52', 0),
(267, 66, '美サロン・その他大阪小１０', NULL, '2015-05-11 16:33:52', '2015-05-11 16:33:52', 0),
(268, 67, '美Ｄサロン大阪小１', NULL, '2015-05-11 16:33:52', '2015-05-11 16:33:52', 0),
(269, 67, '美Ｄサロン大阪小２', NULL, '2015-05-11 16:33:52', '2015-05-11 16:33:52', 0),
(270, 67, '美Ｄサロン大阪小３', NULL, '2015-05-11 16:33:52', '2015-05-11 16:33:52', 0),
(271, 67, '美Ｄサロン大阪小４', NULL, '2015-05-11 16:33:52', '2015-05-11 16:33:52', 0),
(272, 67, '美Ｄサロン大阪小５', NULL, '2015-05-11 16:33:52', '2015-05-11 16:33:52', 0),
(273, 67, '美Ｄサロン大阪小６', NULL, '2015-05-11 16:33:52', '2015-05-11 16:33:52', 0),
(274, 67, '美Ｄサロン大阪小７', NULL, '2015-05-11 16:33:52', '2015-05-11 16:33:52', 0),
(275, 67, '美Ｄサロン大阪小８', NULL, '2015-05-11 16:33:52', '2015-05-11 16:33:52', 0),
(276, 67, '美Ｄサロン大阪小９', NULL, '2015-05-11 16:33:52', '2015-05-11 16:33:52', 0),
(277, 67, '美Ｄサロン大阪小１０', NULL, '2015-05-11 16:33:52', '2015-05-11 16:33:52', 0),
(278, 68, '美サロン兵庫小１', NULL, '2015-05-11 16:33:52', '2015-05-11 16:33:52', 0),
(279, 68, '美サロン兵庫小２', NULL, '2015-05-11 16:33:52', '2015-05-11 16:33:52', 0),
(280, 69, '美Ｓサロン兵庫小１', NULL, '2015-05-11 16:33:52', '2015-05-11 16:33:52', 0),
(281, 69, '美Ｓサロン兵庫小２', NULL, '2015-05-11 16:33:52', '2015-05-11 16:33:52', 0),
(282, 70, '美マッサージ兵庫小１', NULL, '2015-05-11 16:33:52', '2015-05-11 16:33:52', 0),
(283, 70, '美マッサージ兵庫小２', NULL, '2015-05-11 16:33:52', '2015-05-11 16:33:52', 0),
(284, 70, '美マッサージ兵庫小３', NULL, '2015-05-11 16:33:52', '2015-05-11 16:33:52', 0),
(285, 70, '美マッサージ兵庫小４', NULL, '2015-05-11 16:33:52', '2015-05-11 16:33:52', 0),
(286, 71, '美サロン・その他兵庫小１', NULL, '2015-05-11 16:33:52', '2015-05-11 16:33:52', 0),
(287, 71, '美サロン・その他兵庫小２', NULL, '2015-05-11 16:33:52', '2015-05-11 16:33:52', 0),
(288, 71, '美サロン・その他兵庫小３', NULL, '2015-05-11 16:33:52', '2015-05-11 16:33:52', 0),
(289, 72, '美Ｄサロン兵庫小１', NULL, '2015-05-11 16:33:52', '2015-05-11 16:33:52', 0),
(290, 72, '美Ｄサロン兵庫小２', NULL, '2015-05-11 16:33:52', '2015-05-11 16:33:52', 0),
(291, 72, '美Ｄサロン兵庫小３', NULL, '2015-05-11 16:33:52', '2015-05-11 16:33:52', 0),
(292, 72, '美Ｄサロン兵庫小４', NULL, '2015-05-11 16:33:52', '2015-05-11 16:33:52', 0),
(293, 72, '美Ｄサロン兵庫小５', NULL, '2015-05-11 16:33:52', '2015-05-11 16:33:52', 0),
(294, 72, '美Ｄサロン兵庫小６', NULL, '2015-05-11 16:33:52', '2015-05-11 16:33:52', 0),
(295, 73, '美サロン中国小１', NULL, '2015-05-11 16:33:52', '2015-05-11 16:33:52', 0),
(296, 73, '美サロン中国小２', NULL, '2015-05-11 16:33:52', '2015-05-11 16:33:52', 0),
(297, 74, '美広島Ｄサロン中国小１', NULL, '2015-05-11 16:33:52', '2015-05-11 16:33:52', 0),
(298, 74, '美広島Ｄサロン中国小２', NULL, '2015-05-11 16:33:52', '2015-05-11 16:33:52', 0),
(299, 74, '美広島Ｄサロン中国小３', NULL, '2015-05-11 16:33:52', '2015-05-11 16:33:52', 0),
(300, 74, '美広島Ｄサロン中国小４', NULL, '2015-05-11 16:33:52', '2015-05-11 16:33:52', 0),
(301, 75, '美岡山Ｄサロン中国小１', NULL, '2015-05-11 16:33:52', '2015-05-11 16:33:52', 0),
(302, 75, '美岡山Ｄサロン中国小２', NULL, '2015-05-11 16:33:52', '2015-05-11 16:33:52', 0),
(303, 75, '美岡山Ｄサロン中国小３', NULL, '2015-05-11 16:33:52', '2015-05-11 16:33:52', 0),
(304, 75, '美岡山Ｄサロン中国小４', NULL, '2015-05-11 16:33:52', '2015-05-11 16:33:52', 0),
(305, 75, '美岡山Ｄサロン中国小５', NULL, '2015-05-11 16:33:52', '2015-05-11 16:33:52', 0),
(306, 75, '美岡山Ｄサロン中国小６', NULL, '2015-05-11 16:33:52', '2015-05-11 16:33:52', 0),
(307, 76, '美島根Ｄサロン中国小', NULL, '2015-05-11 16:33:52', '2015-05-11 16:33:52', 0),
(308, 76, '美鳥取Ｄサロン中国小', NULL, '2015-05-11 16:33:52', '2015-05-11 16:33:52', 0),
(309, 76, '美山口Ｄサロン中国小', NULL, '2015-05-11 16:33:52', '2015-05-11 16:33:52', 0),
(310, 77, '美サロン四国小１', NULL, '2015-05-11 16:33:52', '2015-05-11 16:33:52', 0),
(311, 77, '美サロン四国小２', NULL, '2015-05-11 16:33:52', '2015-05-11 16:33:52', 0),
(312, 77, '美サロン四国小３', NULL, '2015-05-11 16:33:52', '2015-05-11 16:33:52', 0),
(313, 78, '美マッサージランド四国小', NULL, '2015-05-11 16:33:52', '2015-05-11 16:33:52', 0),
(314, 79, '美その他四国小', NULL, '2015-05-11 16:33:52', '2015-05-11 16:33:52', 0),
(315, 80, '美Ｄサロン四国小１', NULL, '2015-05-11 16:33:52', '2015-05-11 16:33:52', 0),
(316, 80, '美Ｄサロン四国小２', NULL, '2015-05-11 16:33:52', '2015-05-11 16:33:52', 0),
(317, 80, '美Ｄサロン四国小３', NULL, '2015-05-11 16:33:52', '2015-05-11 16:33:52', 0),
(318, 80, '美Ｄサロン四国小４', NULL, '2015-05-11 16:33:52', '2015-05-11 16:33:52', 0),
(319, 81, '美マッサージランド九州北小１', NULL, '2015-05-11 16:33:52', '2015-05-11 16:33:52', 0),
(320, 81, '美マッサージランド九州北小２', NULL, '2015-05-11 16:33:52', '2015-05-11 16:33:52', 0),
(321, 82, '美サロン九州北小１', NULL, '2015-05-11 16:33:52', '2015-05-11 16:33:52', 0),
(322, 82, '美サロン九州北小２', NULL, '2015-05-11 16:33:52', '2015-05-11 16:33:52', 0),
(323, 82, '美サロン九州北小３', NULL, '2015-05-11 16:33:52', '2015-05-11 16:33:52', 0),
(324, 82, '美サロン九州北小４', NULL, '2015-05-11 16:33:52', '2015-05-11 16:33:52', 0),
(325, 82, '美サロン九州北小５', NULL, '2015-05-11 16:33:52', '2015-05-11 16:33:52', 0),
(326, 82, '美サロン九州北小６', NULL, '2015-05-11 16:33:52', '2015-05-11 16:33:52', 0),
(327, 82, '美サロン九州北小７', NULL, '2015-05-11 16:33:52', '2015-05-11 16:33:52', 0),
(328, 82, '美サロン九州北小８', NULL, '2015-05-11 16:33:52', '2015-05-11 16:33:52', 0),
(329, 82, '美サロン九州北小９', NULL, '2015-05-11 16:33:52', '2015-05-11 16:33:52', 0),
(330, 83, '美Ｄサロン九州北小１', NULL, '2015-05-11 16:33:52', '2015-05-11 16:33:52', 0),
(331, 83, '美Ｄサロン九州北小２', NULL, '2015-05-11 16:33:52', '2015-05-11 16:33:52', 0),
(332, 83, '美Ｄサロン九州北小３', NULL, '2015-05-11 16:33:52', '2015-05-11 16:33:52', 0),
(333, 83, '美Ｄサロン九州北小４', NULL, '2015-05-11 16:33:52', '2015-05-11 16:33:52', 0),
(334, 83, '美Ｄサロン九州北小５', NULL, '2015-05-11 16:33:52', '2015-05-11 16:33:52', 0),
(335, 83, '美Ｄサロン九州北小６', NULL, '2015-05-11 16:33:52', '2015-05-11 16:33:52', 0),
(336, 83, '美Ｄサロン九州北小７', NULL, '2015-05-11 16:33:52', '2015-05-11 16:33:52', 0),
(337, 84, '美Ｄサロン２九州北小', NULL, '2015-05-11 16:33:52', '2015-05-11 16:33:52', 0),
(338, 85, '美Ｄエステ九州北小', NULL, '2015-05-11 16:33:52', '2015-05-11 16:33:52', 0),
(339, 86, '美サロン九州南小１', NULL, '2015-05-11 16:33:52', '2015-05-11 16:33:52', 0),
(340, 86, '美サロン九州南小２', NULL, '2015-05-11 16:33:52', '2015-05-11 16:33:52', 0),
(341, 87, '美マッサージランド九州南小', NULL, '2015-05-11 16:33:52', '2015-05-11 16:33:52', 0),
(342, 88, '美エステ九州南小', NULL, '2015-05-11 16:33:52', '2015-05-11 16:33:52', 0),
(343, 89, '美Ｄサロン九州南小１', NULL, '2015-05-11 16:33:52', '2015-05-11 16:33:52', 0),
(344, 89, '美Ｄサロン九州南小２', NULL, '2015-05-11 16:33:52', '2015-05-11 16:33:52', 0),
(345, 89, '美Ｄサロン九州南小３', NULL, '2015-05-11 16:33:52', '2015-05-11 16:33:52', 0),
(346, 89, '美Ｄサロン九州南小４', NULL, '2015-05-11 16:33:52', '2015-05-11 16:33:52', 0),
(347, 89, '美Ｄサロン九州南小５', NULL, '2015-05-11 16:33:52', '2015-05-11 16:33:52', 0),
(348, 89, '美Ｄサロン九州南小６', NULL, '2015-05-11 16:33:52', '2015-05-11 16:33:52', 0),
(349, 90, '美Ｄサロン２九州南小', NULL, '2015-05-11 16:33:52', '2015-05-11 16:33:52', 0),
(350, 91, '美出張サロン九州南小', NULL, '2015-05-11 16:33:52', '2015-05-11 16:33:52', 0),
(351, 92, '美サロン沖縄小１', NULL, '2015-05-11 16:33:52', '2015-05-11 16:33:52', 0),
(352, 92, '美サロン沖縄小２', NULL, '2015-05-11 16:33:52', '2015-05-11 16:33:52', 0),
(353, 93, '美Ｄサロン沖縄小１', NULL, '2015-05-11 16:33:52', '2015-05-11 16:33:52', 0),
(354, 93, '美Ｄサロン沖縄小２', NULL, '2015-05-11 16:33:52', '2015-05-11 16:33:52', 0),
(355, 93, '美Ｄサロン沖縄小３', NULL, '2015-05-11 16:33:52', '2015-05-11 16:33:52', 0),
(356, 94, '美出張サロン沖縄小', NULL, '2015-05-11 16:33:52', '2015-05-11 16:33:52', 0),
(357, 95, 'コスプレクラブ北海道小１', NULL, '2015-05-11 16:33:52', '2015-05-11 16:33:52', 0),
(358, 95, 'コスプレクラブ北海道小２', NULL, '2015-05-11 16:33:52', '2015-05-11 16:33:52', 0),
(359, 96, 'コスプレ・ラウンジ北海道小１', NULL, '2015-05-11 16:33:52', '2015-05-11 16:33:52', 0),
(360, 96, 'コスプレ・ラウンジ北海道小２', NULL, '2015-05-11 16:33:52', '2015-05-11 16:33:52', 0),
(361, 97, 'コスプレ・スナッククラブ北海道小１', NULL, '2015-05-11 16:33:52', '2015-05-11 16:33:52', 0),
(362, 97, 'コスプレ・スナッククラブ北海道小２', NULL, '2015-05-11 16:33:52', '2015-05-11 16:33:52', 0),
(363, 97, 'コスプレ・スナッククラブ北海道小３', NULL, '2015-05-11 16:33:52', '2015-05-11 16:33:52', 0),
(364, 98, 'コスプレ・パブクラブ北海道小１', NULL, '2015-05-11 16:33:52', '2015-05-11 16:33:52', 0),
(365, 98, 'コスプレ・パブクラブ北海道小２', NULL, '2015-05-11 16:33:52', '2015-05-11 16:33:52', 0),
(366, 99, 'コスプレ・スナック北海道小', NULL, '2015-05-11 16:33:52', '2015-05-11 16:33:52', 0),
(367, 100, 'コスプレ・バー北海道小', NULL, '2015-05-11 16:33:52', '2015-05-11 16:33:52', 0),
(368, 101, 'コスプレ・BAR飲食他北海道小１', NULL, '2015-05-11 16:33:52', '2015-05-11 16:33:52', 0),
(369, 101, 'コスプレ・BAR飲食他北海道小２', NULL, '2015-05-11 16:33:52', '2015-05-11 16:33:52', 0),
(370, 101, 'コスプレ・BAR飲食他北海道小３', NULL, '2015-05-11 16:33:52', '2015-05-11 16:33:52', 0),
(371, 101, 'コスプレ・BAR飲食他北海道小４', NULL, '2015-05-11 16:33:52', '2015-05-11 16:33:52', 0),
(372, 101, 'コスプレ・BAR飲食他北海道小５', NULL, '2015-05-11 16:33:52', '2015-05-11 16:33:52', 0),
(373, 102, 'コスプレ・外国人クラブ北海道小１', NULL, '2015-05-11 16:33:52', '2015-05-11 16:33:52', 0),
(374, 102, 'コスプレ・外国人クラブ北海道小２', NULL, '2015-05-11 16:33:52', '2015-05-11 16:33:52', 0),
(375, 102, 'コスプレ・外国人クラブ北海道小３', NULL, '2015-05-11 16:33:52', '2015-05-11 16:33:52', 0),
(376, 102, 'コスプレ・外国人クラブ北海道小４', NULL, '2015-05-11 16:33:52', '2015-05-11 16:33:52', 0),
(377, 102, 'コスプレ・外国人クラブ北海道小５', NULL, '2015-05-11 16:33:52', '2015-05-11 16:33:52', 0),
(378, 102, 'コスプレ・外国人クラブ北海道小６', NULL, '2015-05-11 16:33:52', '2015-05-11 16:33:52', 0),
(379, 103, 'コスプレ・クラブ東北小', NULL, '2015-05-11 16:33:52', '2015-05-11 16:33:52', 0),
(380, 104, 'コスプレ・パブ東北小１', NULL, '2015-05-11 16:33:52', '2015-05-11 16:33:52', 0),
(381, 104, 'コスプレ・パブ東北小２', NULL, '2015-05-11 16:33:52', '2015-05-11 16:33:52', 0),
(382, 105, 'コスプレ・バー東北小', NULL, '2015-05-11 16:33:52', '2015-05-11 16:33:52', 0),
(383, 106, 'コスプレ・スナック東北小', NULL, '2015-05-11 16:33:52', '2015-05-11 16:33:52', 0),
(384, 107, 'コスプレ・カフェ東北小', NULL, '2015-05-11 16:33:52', '2015-05-11 16:33:52', 0),
(385, 108, 'コスプレ・外国人クラブ東北小１', NULL, '2015-05-11 16:33:52', '2015-05-11 16:33:52', 0),
(386, 108, 'コスプレ・外国人クラブ東北小２', NULL, '2015-05-11 16:33:52', '2015-05-11 16:33:52', 0),
(387, 108, 'コスプレ・外国人クラブ東北小３', NULL, '2015-05-11 16:33:52', '2015-05-11 16:33:52', 0),
(388, 108, 'コスプレ・外国人クラブ東北小４', NULL, '2015-05-11 16:33:52', '2015-05-11 16:33:52', 0),
(389, 108, 'コスプレ・外国人クラブ東北小５', NULL, '2015-05-11 16:33:52', '2015-05-11 16:33:52', 0),
(390, 108, 'コスプレ・外国人クラブ東北小６', NULL, '2015-05-11 16:33:52', '2015-05-11 16:33:52', 0),
(391, 109, 'コスプレ・クラブ甲信越小', NULL, '2015-05-11 16:33:52', '2015-05-11 16:33:52', 0),
(392, 110, 'コスプレ・ラウンジ甲信越小', NULL, '2015-05-11 16:33:52', '2015-05-11 16:33:52', 0),
(393, 111, 'コスプレ・スナック甲信越小', NULL, '2015-05-11 16:33:52', '2015-05-11 16:33:52', 0),
(394, 112, 'コスプレ・パブ甲信越小', NULL, '2015-05-11 16:33:52', '2015-05-11 16:33:52', 0),
(395, 113, 'コスプレ・BARその他甲信越小', NULL, '2015-05-11 16:33:52', '2015-05-11 16:33:52', 0),
(396, 114, 'コスプレ・外国人クラブ甲信越小１', NULL, '2015-05-11 16:33:52', '2015-05-11 16:33:52', 0),
(397, 114, 'コスプレ・外国人クラブ甲信越小２', NULL, '2015-05-11 16:33:52', '2015-05-11 16:33:52', 0),
(398, 114, 'コスプレ・外国人クラブ甲信越小３', NULL, '2015-05-11 16:33:52', '2015-05-11 16:33:52', 0),
(399, 114, 'コスプレ・外国人クラブ甲信越小４', NULL, '2015-05-11 16:33:52', '2015-05-11 16:33:52', 0),
(400, 114, 'コスプレ・外国人クラブ甲信越小５', NULL, '2015-05-11 16:33:52', '2015-05-11 16:33:52', 0),
(401, 114, 'コスプレ・外国人クラブ甲信越小６', NULL, '2015-05-11 16:33:52', '2015-05-11 16:33:52', 0),
(402, 115, 'コスプレ・クラブ北陸小', NULL, '2015-05-11 16:33:52', '2015-05-11 16:33:52', 0),
(403, 116, 'コスプレ・ラウンジ北陸小', NULL, '2015-05-11 16:33:52', '2015-05-11 16:33:52', 0),
(404, 117, 'コスプレ・バー北陸小', NULL, '2015-05-11 16:33:52', '2015-05-11 16:33:52', 0),
(405, 118, 'コスプレ・パブ北陸小', NULL, '2015-05-11 16:33:52', '2015-05-11 16:33:52', 0),
(406, 119, 'コスプレ・外国人クラブ北陸小１', NULL, '2015-05-11 16:33:52', '2015-05-11 16:33:52', 0),
(407, 119, 'コスプレ・外国人クラブ北陸小２', NULL, '2015-05-11 16:33:52', '2015-05-11 16:33:52', 0),
(408, 119, 'コスプレ・外国人クラブ北陸小３', NULL, '2015-05-11 16:33:52', '2015-05-11 16:33:52', 0),
(409, 119, 'コスプレ・外国人クラブ北陸小４', NULL, '2015-05-11 16:33:52', '2015-05-11 16:33:52', 0),
(410, 119, 'コスプレ・外国人クラブ北陸小５', NULL, '2015-05-11 16:33:52', '2015-05-11 16:33:52', 0),
(411, 119, 'コスプレ・外国人クラブ北陸小６', NULL, '2015-05-11 16:33:52', '2015-05-11 16:33:52', 0),
(412, 120, 'コスプレ・クラブ東京小', NULL, '2015-05-11 16:33:52', '2015-05-11 16:33:52', 0),
(413, 121, 'コスプレ・ラウンジ東京小', NULL, '2015-05-11 16:33:52', '2015-05-11 16:33:52', 0),
(414, 122, 'コスプレ・外国人クラブ東京小１', NULL, '2015-05-11 16:33:52', '2015-05-11 16:33:52', 0),
(415, 122, 'コスプレ・外国人クラブ東京小２', NULL, '2015-05-11 16:33:52', '2015-05-11 16:33:52', 0),
(416, 122, 'コスプレ・外国人クラブ東京小３', NULL, '2015-05-11 16:33:52', '2015-05-11 16:33:52', 0),
(417, 122, 'コスプレ・外国人クラブ東京小４', NULL, '2015-05-11 16:33:52', '2015-05-11 16:33:52', 0),
(418, 122, 'コスプレ・外国人クラブ東京小５', NULL, '2015-05-11 16:33:52', '2015-05-11 16:33:52', 0),
(419, 122, 'コスプレ・外国人クラブ東京小６', NULL, '2015-05-11 16:33:52', '2015-05-11 16:33:52', 0),
(420, 123, 'コスプレ・クラブ東海小１', NULL, '2015-05-11 16:33:52', '2015-05-11 16:33:52', 0),
(421, 123, 'コスプレ・クラブ東海小２', NULL, '2015-05-11 16:33:52', '2015-05-11 16:33:52', 0),
(422, 123, 'コスプレ・クラブ東海小３', NULL, '2015-05-11 16:33:52', '2015-05-11 16:33:52', 0),
(423, 124, 'コスプレ・パブ東海小１', NULL, '2015-05-11 16:33:52', '2015-05-11 16:33:52', 0),
(424, 124, 'コスプレ・パブ東海小２', NULL, '2015-05-11 16:33:52', '2015-05-11 16:33:52', 0),
(425, 124, 'コスプレ・パブ東海小３', NULL, '2015-05-11 16:33:52', '2015-05-11 16:33:52', 0),
(426, 125, 'コスプレ・ラウンジ東海小１', NULL, '2015-05-11 16:33:52', '2015-05-11 16:33:52', 0),
(427, 125, 'コスプレ・ラウンジ東海小２', NULL, '2015-05-11 16:33:52', '2015-05-11 16:33:52', 0),
(428, 126, 'コスプレ・スナック東海小', NULL, '2015-05-11 16:33:52', '2015-05-11 16:33:52', 0),
(429, 127, 'コスプレ・カフェ東海小', NULL, '2015-05-11 16:33:52', '2015-05-11 16:33:52', 0),
(430, 128, 'コスプレ・バー他東海小１', NULL, '2015-05-11 16:33:52', '2015-05-11 16:33:52', 0),
(431, 128, 'コスプレ・バー他東海小２', NULL, '2015-05-11 16:33:52', '2015-05-11 16:33:52', 0),
(432, 129, 'コスプレ・外国人クラブ東海小１', NULL, '2015-05-11 16:33:52', '2015-05-11 16:33:52', 0),
(433, 129, 'コスプレ・外国人クラブ東海小２', NULL, '2015-05-11 16:33:52', '2015-05-11 16:33:52', 0),
(434, 129, 'コスプレ・外国人クラブ東海小３', NULL, '2015-05-11 16:33:52', '2015-05-11 16:33:52', 0),
(435, 129, 'コスプレ・外国人クラブ東海小４', NULL, '2015-05-11 16:33:52', '2015-05-11 16:33:52', 0),
(436, 129, 'コスプレ・外国人クラブ東海小５', NULL, '2015-05-11 16:33:52', '2015-05-11 16:33:52', 0),
(437, 129, 'コスプレ・外国人クラブ東海小６', NULL, '2015-05-11 16:33:52', '2015-05-11 16:33:52', 0),
(438, 130, 'コスプレ・クラブ大阪小', NULL, '2015-05-11 16:33:52', '2015-05-11 16:33:52', 0),
(439, 131, 'コスプレ・ラウンジ大阪小１', NULL, '2015-05-11 16:33:52', '2015-05-11 16:33:52', 0),
(440, 131, 'コスプレ・ラウンジ大阪小２', NULL, '2015-05-11 16:33:52', '2015-05-11 16:33:52', 0),
(441, 131, 'コスプレ・ラウンジ大阪小３', NULL, '2015-05-11 16:33:52', '2015-05-11 16:33:52', 0),
(442, 132, 'コスプレ・パブ大阪小', NULL, '2015-05-11 16:33:52', '2015-05-11 16:33:52', 0),
(443, 133, 'コスプレ・バー大阪小１', NULL, '2015-05-11 16:33:52', '2015-05-11 16:33:52', 0),
(444, 133, 'コスプレ・バー大阪小２', NULL, '2015-05-11 16:33:52', '2015-05-11 16:33:52', 0),
(445, 133, 'コスプレ・バー大阪小３', NULL, '2015-05-11 16:33:52', '2015-05-11 16:33:52', 0),
(446, 133, 'コスプレ・バー大阪小４', NULL, '2015-05-11 16:33:52', '2015-05-11 16:33:52', 0),
(447, 134, 'コスプレ・外国人クラブ大阪小１', NULL, '2015-05-11 16:33:52', '2015-05-11 16:33:52', 0),
(448, 134, 'コスプレ・外国人クラブ大阪小２', NULL, '2015-05-11 16:33:52', '2015-05-11 16:33:52', 0),
(449, 134, 'コスプレ・外国人クラブ大阪小３', NULL, '2015-05-11 16:33:52', '2015-05-11 16:33:52', 0),
(450, 134, 'コスプレ・外国人クラブ大阪小４', NULL, '2015-05-11 16:33:52', '2015-05-11 16:33:52', 0),
(451, 134, 'コスプレ・外国人クラブ大阪小５', NULL, '2015-05-11 16:33:52', '2015-05-11 16:33:52', 0),
(452, 134, 'コスプレ・外国人クラブ大阪小６', NULL, '2015-05-11 16:33:52', '2015-05-11 16:33:52', 0),
(453, 135, 'コスプレ・クラブ中国小', NULL, '2015-05-11 16:33:52', '2015-05-11 16:33:52', 0),
(454, 136, 'コスプレ・ラウンジ中国小１', NULL, '2015-05-11 16:33:52', '2015-05-11 16:33:52', 0),
(455, 136, 'コスプレ・ラウンジ中国小２', NULL, '2015-05-11 16:33:52', '2015-05-11 16:33:52', 0),
(456, 137, 'コスプレ・スナック中国小', NULL, '2015-05-11 16:33:52', '2015-05-11 16:33:52', 0),
(457, 138, 'コスプレ・外国人クラブ中国小１', NULL, '2015-05-11 16:33:52', '2015-05-11 16:33:52', 0),
(458, 138, 'コスプレ・外国人クラブ中国小２', NULL, '2015-05-11 16:33:52', '2015-05-11 16:33:52', 0),
(459, 138, 'コスプレ・外国人クラブ中国小３', NULL, '2015-05-11 16:33:52', '2015-05-11 16:33:52', 0),
(460, 138, 'コスプレ・外国人クラブ中国小４', NULL, '2015-05-11 16:33:52', '2015-05-11 16:33:52', 0),
(461, 138, 'コスプレ・外国人クラブ中国小５', NULL, '2015-05-11 16:33:52', '2015-05-11 16:33:52', 0),
(462, 138, 'コスプレ・外国人クラブ中国小６', NULL, '2015-05-11 16:33:52', '2015-05-11 16:33:52', 0),
(463, 139, 'コスプレ・クラブ四国小', NULL, '2015-05-11 16:33:52', '2015-05-11 16:33:52', 0),
(464, 140, 'コスプレ・ラウンジ四国小１', NULL, '2015-05-11 16:33:52', '2015-05-11 16:33:52', 0),
(465, 140, 'コスプレ・ラウンジ四国小２', NULL, '2015-05-11 16:33:52', '2015-05-11 16:33:52', 0),
(466, 141, 'コスプレ・スナック四国小', NULL, '2015-05-11 16:33:52', '2015-05-11 16:33:52', 0),
(467, 142, 'コスプレ・パブ四国小', NULL, '2015-05-11 16:33:52', '2015-05-11 16:33:52', 0),
(468, 143, 'コスプレ・外国人クラブ四国小１', NULL, '2015-05-11 16:33:52', '2015-05-11 16:33:52', 0),
(469, 143, 'コスプレ・外国人クラブ四国小２', NULL, '2015-05-11 16:33:52', '2015-05-11 16:33:52', 0),
(470, 143, 'コスプレ・外国人クラブ四国小３', NULL, '2015-05-11 16:33:52', '2015-05-11 16:33:52', 0),
(471, 143, 'コスプレ・外国人クラブ四国小４', NULL, '2015-05-11 16:33:52', '2015-05-11 16:33:52', 0),
(472, 143, 'コスプレ・外国人クラブ四国小５', NULL, '2015-05-11 16:33:52', '2015-05-11 16:33:52', 0),
(473, 143, 'コスプレ・外国人クラブ四国小６', NULL, '2015-05-11 16:33:52', '2015-05-11 16:33:52', 0),
(474, 144, 'コスプレ・クラブ九州北小１', NULL, '2015-05-11 16:33:52', '2015-05-11 16:33:52', 0),
(475, 144, 'コスプレ・クラブ九州北小２', NULL, '2015-05-11 16:33:52', '2015-05-11 16:33:52', 0),
(476, 145, 'コスプレ・ラウンジ九州北小', NULL, '2015-05-11 16:33:52', '2015-05-11 16:33:52', 0),
(477, 146, 'コスプレ・スナック九州北小', NULL, '2015-05-11 16:33:52', '2015-05-11 16:33:52', 0),
(478, 147, 'コスプレ・パブ九州北小', NULL, '2015-05-11 16:33:52', '2015-05-11 16:33:52', 0),
(479, 148, 'コスプレ・バーその他九州北小', NULL, '2015-05-11 16:33:52', '2015-05-11 16:33:52', 0),
(480, 149, 'コスプレ・外国人クラブ九州北小１', NULL, '2015-05-11 16:33:52', '2015-05-11 16:33:52', 0),
(481, 149, 'コスプレ・外国人クラブ九州北小２', NULL, '2015-05-11 16:33:52', '2015-05-11 16:33:52', 0),
(482, 149, 'コスプレ・外国人クラブ九州北小３', NULL, '2015-05-11 16:33:52', '2015-05-11 16:33:52', 0),
(483, 149, 'コスプレ・外国人クラブ九州北小４', NULL, '2015-05-11 16:33:52', '2015-05-11 16:33:52', 0),
(484, 149, 'コスプレ・外国人クラブ九州北小５', NULL, '2015-05-11 16:33:52', '2015-05-11 16:33:52', 0),
(485, 149, 'コスプレ・外国人クラブ九州北小６', NULL, '2015-05-11 16:33:52', '2015-05-11 16:33:52', 0),
(486, 150, 'コスプレ・クラブ九州南小１', NULL, '2015-05-11 16:33:52', '2015-05-11 16:33:52', 0),
(487, 150, 'コスプレ・クラブ九州南小２', NULL, '2015-05-11 16:33:52', '2015-05-11 16:33:52', 0),
(488, 151, 'コスプレ・ラウンジ九州南小', NULL, '2015-05-11 16:33:52', '2015-05-11 16:33:52', 0),
(489, 152, 'コスプレ・スナック九州南小', NULL, '2015-05-11 16:33:52', '2015-05-11 16:33:52', 0),
(490, 153, 'コスプレ・パブ九州南小', NULL, '2015-05-11 16:33:52', '2015-05-11 16:33:52', 0),
(491, 154, 'コスプレ・バーその他九州南小', NULL, '2015-05-11 16:33:52', '2015-05-11 16:33:52', 0);
INSERT INTO `category_small` (`category_small_id`, `category_midium_id`, `category_small_name`, `rank`, `regist_date`, `update_date`, `delete_flg`) VALUES
(492, 155, 'コスプレ・外国人クラブ九州南小１', NULL, '2015-05-11 16:33:52', '2015-05-11 16:33:52', 0),
(493, 155, 'コスプレ・外国人クラブ九州南小２', NULL, '2015-05-11 16:33:52', '2015-05-11 16:33:52', 0),
(494, 155, 'コスプレ・外国人クラブ九州南小３', NULL, '2015-05-11 16:33:52', '2015-05-11 16:33:52', 0),
(495, 155, 'コスプレ・外国人クラブ九州南小４', NULL, '2015-05-11 16:33:52', '2015-05-11 16:33:52', 0),
(496, 155, 'コスプレ・外国人クラブ九州南小５', NULL, '2015-05-11 16:33:52', '2015-05-11 16:33:52', 0),
(497, 155, 'コスプレ・外国人クラブ九州南小６', NULL, '2015-05-11 16:33:52', '2015-05-11 16:33:52', 0),
(498, 156, 'コスプレ・クラブ沖縄小１', NULL, '2015-05-11 16:33:52', '2015-05-11 16:33:52', 0),
(499, 156, 'コスプレ・クラブ沖縄小２', NULL, '2015-05-11 16:33:52', '2015-05-11 16:33:52', 0),
(500, 157, 'コスプレ・ラウンジ沖縄小', NULL, '2015-05-11 16:33:52', '2015-05-11 16:33:52', 0),
(501, 158, 'コスプレ・スナック沖縄小', NULL, '2015-05-11 16:33:52', '2015-05-11 16:33:52', 0),
(502, 159, 'コスプレ・パブ沖縄小', NULL, '2015-05-11 16:33:52', '2015-05-11 16:33:52', 0),
(503, 160, 'コスプレ・バーその他沖縄小', NULL, '2015-05-11 16:33:52', '2015-05-11 16:33:52', 0),
(504, 161, 'コスプレ・外国人クラブ沖縄小１', NULL, '2015-05-11 16:33:52', '2015-05-11 16:33:52', 0),
(505, 161, 'コスプレ・外国人クラブ沖縄小２', NULL, '2015-05-11 16:33:52', '2015-05-11 16:33:52', 0),
(506, 161, 'コスプレ・外国人クラブ沖縄小３', NULL, '2015-05-11 16:33:52', '2015-05-11 16:33:52', 0),
(507, 161, 'コスプレ・外国人クラブ沖縄小４', NULL, '2015-05-11 16:33:52', '2015-05-11 16:33:52', 0),
(508, 161, 'コスプレ・外国人クラブ沖縄小５', NULL, '2015-05-11 16:33:52', '2015-05-11 16:33:52', 0),
(509, 161, 'コスプレ・外国人クラブ沖縄小６', NULL, '2015-05-11 16:33:52', '2015-05-11 16:33:52', 0);

-- --------------------------------------------------------

--
-- テーブルの構造 `contact`
--

CREATE TABLE IF NOT EXISTS `contact` (
  `contact_id` bigint(20) NOT NULL AUTO_INCREMENT COMMENT '問合せID',
  `user_id` bigint(20) DEFAULT NULL COMMENT 'ユーザーID : 会員番号',
  `prefectures_id` tinyint(4) NOT NULL COMMENT '都道府県ID',
  `contents` text NOT NULL COMMENT '内容',
  `regist_date` datetime NOT NULL COMMENT '登録日時',
  `update_date` datetime NOT NULL COMMENT '変更日時',
  `delete_flg` tinyint(4) NOT NULL DEFAULT '0' COMMENT '削除フラグ : 0：未削除、1：削除済み',
  PRIMARY KEY (`contact_id`)
) ENGINE=InnoDB DEFAULT CHARSET=utf8 COMMENT='問合せ情報' AUTO_INCREMENT=1 ;

-- --------------------------------------------------------

--
-- テーブルの構造 `coupon`
--

CREATE TABLE IF NOT EXISTS `coupon` (
  `coupon_id` bigint(20) NOT NULL AUTO_INCREMENT COMMENT 'クーポンID',
  `course_id` bigint(20) NOT NULL COMMENT 'コースID',
  `store_id` mediumint(9) NOT NULL COMMENT '店舗ID',
  `status_id` tinyint(4) NOT NULL DEFAULT '0' COMMENT 'ステータス : 0：無効、1：有効',
  `point_kind` tinyint(4) NOT NULL COMMENT 'ポイント種類 : 1：通常ポイント、2：イベントポイント、3：特別ポイント',
  `coupon_name` varchar(50) NOT NULL COMMENT 'クーポン名',
  `point` int(11) NOT NULL COMMENT 'ポイント : ユーザーがサービス利用後に獲得するポイント',
  `use_condition` text COMMENT '利用条件',
  `public_start_date` datetime DEFAULT NULL COMMENT '表示開始日時',
  `public_end_date` datetime DEFAULT NULL COMMENT '表示終了日時',
  `regist_date` datetime NOT NULL COMMENT '登録日時',
  `update_date` datetime NOT NULL COMMENT '変更日時',
  `delete_flg` tinyint(4) NOT NULL DEFAULT '0' COMMENT '削除フラグ : 0：未削除、1：削除済み',
  PRIMARY KEY (`coupon_id`)
) ENGINE=InnoDB DEFAULT CHARSET=utf8 COMMENT='クーポン情報' AUTO_INCREMENT=1 ;

-- --------------------------------------------------------

--
-- テーブルの構造 `course`
--

CREATE TABLE IF NOT EXISTS `course` (
  `course_id` bigint(20) NOT NULL AUTO_INCREMENT COMMENT 'コースID',
  `store_id` mediumint(9) NOT NULL COMMENT '店舗ID',
  `status_id` tinyint(4) NOT NULL DEFAULT '1' COMMENT 'ステータス : 0：無効、1：有効',
  `point_kind` tinyint(4) NOT NULL COMMENT 'ポイント種類 : 1：通常ポイント、2：イベントポイント、3：特別ポイント',
  `course_name` varchar(50) NOT NULL COMMENT 'コース名',
  `minutes` smallint(6) NOT NULL COMMENT '分',
  `price` mediumint(9) NOT NULL DEFAULT '0' COMMENT '料金',
  `use_condition` text COMMENT '利用条件',
  `rank` tinyint(4) DEFAULT NULL COMMENT 'ランク順',
  `regist_date` datetime NOT NULL COMMENT '登録日時',
  `update_date` datetime NOT NULL COMMENT '変更日時',
  `delete_flg` tinyint(4) NOT NULL DEFAULT '0' COMMENT '削除フラグ : 0：未削除、1：削除済み',
  PRIMARY KEY (`course_id`)
) ENGINE=InnoDB DEFAULT CHARSET=utf8 COMMENT='コース情報' AUTO_INCREMENT=1 ;

-- --------------------------------------------------------

--
-- テーブルの構造 `jpbank_account`
--

CREATE TABLE IF NOT EXISTS `jpbank_account` (
  `bank_account_id` bigint(20) NOT NULL AUTO_INCREMENT COMMENT '銀行口座ID',
  `store_id` mediumint(9) NOT NULL COMMENT '店舗ID',
  `jpbank_symbol1` varchar(20) NOT NULL COMMENT 'ゆうちょ銀行の記号1',
  `jpbank_symbol2` varchar(20) NOT NULL COMMENT 'ゆうちょ銀行の記号2',
  `jpbank_account_number` varchar(30) NOT NULL COMMENT 'ゆうちょ銀行の口座番号',
  `jpbank_account_holder` varchar(50) NOT NULL COMMENT 'ゆうちょ銀行の名義人',
  `regist_date` datetime NOT NULL COMMENT '登録日時',
  `update_date` datetime NOT NULL COMMENT '変更日時',
  `delete_flg` tinyint(4) NOT NULL DEFAULT '0' COMMENT '削除フラグ : 0：未削除、1：削除済み',
  PRIMARY KEY (`bank_account_id`)
) ENGINE=InnoDB DEFAULT CHARSET=utf8 COMMENT='ゆうちょ銀行口座' AUTO_INCREMENT=1 ;

-- --------------------------------------------------------

--
-- テーブルの構造 `news`
--

CREATE TABLE IF NOT EXISTS `news` (
  `news_id` bigint(20) NOT NULL AUTO_INCREMENT COMMENT 'ニュースID',
  `public` tinyint(4) NOT NULL DEFAULT '2' COMMENT '公開 : 0：削除(無効)、1：公開、2：非公開',
  `public_start_date` datetime DEFAULT NULL COMMENT '表示開始日時',
  `public_end_date` datetime DEFAULT NULL COMMENT '表示終了日時',
  `display_date` date NOT NULL COMMENT '表示日付',
  `title` varchar(100) NOT NULL COMMENT 'タイトル',
  `image1` varchar(100) DEFAULT NULL COMMENT '画像1 : 画像ファイル名',
  `image2` varchar(100) DEFAULT NULL COMMENT '画像2 : 画像ファイル名',
  `image3` varchar(100) DEFAULT NULL COMMENT '画像3 : 画像ファイル名',
  `body` text NOT NULL COMMENT '本文',
  `regist_date` datetime NOT NULL COMMENT '登録日時',
  `update_date` datetime NOT NULL COMMENT '変更日時',
  `delete_flg` tinyint(4) NOT NULL DEFAULT '0' COMMENT '削除フラグ : 0：未削除、1：削除済み',
  PRIMARY KEY (`news_id`)
) ENGINE=InnoDB DEFAULT CHARSET=utf8 COMMENT='ニュース情報' AUTO_INCREMENT=1 ;

-- --------------------------------------------------------

--
-- テーブルの構造 `notice`
--

CREATE TABLE IF NOT EXISTS `notice` (
  `notice_id` bigint(20) NOT NULL AUTO_INCREMENT COMMENT 'お知らせID',
  `store_id` mediumint(9) DEFAULT NULL COMMENT '店舗ID',
  `public` tinyint(4) NOT NULL DEFAULT '2' COMMENT '公開 : 0：削除(無効)、1：公開、2：非公開',
  `public_start_date` datetime DEFAULT NULL COMMENT '表示開始日時',
  `public_end_date` datetime DEFAULT NULL COMMENT '表示終了日時',
  `display_date` date NOT NULL COMMENT '表示日付',
  `title` varchar(100) NOT NULL COMMENT 'タイトル',
  `image1` varchar(100) DEFAULT NULL COMMENT '画像1 : 画像ファイル名',
  `image2` varchar(100) DEFAULT NULL COMMENT '画像2 : 画像ファイル名',
  `image3` varchar(100) DEFAULT NULL COMMENT '画像3 : 画像ファイル名',
  `body` text NOT NULL COMMENT '本文',
  `regist_date` datetime NOT NULL COMMENT '登録日時',
  `update_date` datetime NOT NULL COMMENT '変更日時',
  `delete_flg` tinyint(4) NOT NULL DEFAULT '0' COMMENT '削除フラグ : 0：未削除、1：削除済み',
  PRIMARY KEY (`notice_id`)
) ENGINE=InnoDB DEFAULT CHARSET=utf8 COMMENT='お知らせ情報' AUTO_INCREMENT=1 ;

-- --------------------------------------------------------

--
-- テーブルの構造 `prefectures_master`
--

CREATE TABLE IF NOT EXISTS `prefectures_master` (
  `prefectures_id` tinyint(4) NOT NULL AUTO_INCREMENT COMMENT '都道府県ID',
  `region_id` tinyint(4) NOT NULL COMMENT '地域ID',
  `prefectures_name` varchar(50) NOT NULL COMMENT '都道府県名',
  `prefectures_code` tinyint(4) NOT NULL COMMENT '都道府県コード',
  `regist_date` datetime NOT NULL COMMENT '登録日時',
  `update_date` datetime NOT NULL COMMENT '変更日時',
  `delete_flg` tinyint(4) NOT NULL DEFAULT '0' COMMENT '削除フラグ : 0：未削除、1：削除済み',
  PRIMARY KEY (`prefectures_id`)
) ENGINE=InnoDB  DEFAULT CHARSET=utf8 COMMENT='都道府県マスター' AUTO_INCREMENT=48 ;

--
-- テーブルのデータのダンプ `prefectures_master`
--

INSERT INTO `prefectures_master` (`prefectures_id`, `region_id`, `prefectures_name`, `prefectures_code`, `regist_date`, `update_date`, `delete_flg`) VALUES
(1, 1, '北海道', 1, '2015-05-11 13:26:45', '2015-05-11 13:26:45', 0),
(2, 2, '宮城県', 4, '2015-05-11 13:26:45', '2015-05-11 13:26:45', 0),
(3, 2, '福島県', 7, '2015-05-11 13:26:45', '2015-05-11 13:26:45', 0),
(4, 2, '岩手県', 3, '2015-05-11 13:26:45', '2015-05-11 13:26:45', 0),
(5, 2, '秋田県', 5, '2015-05-11 13:26:45', '2015-05-11 13:26:45', 0),
(6, 2, '青森県', 2, '2015-05-11 13:26:45', '2015-05-11 13:26:45', 0),
(7, 2, '山形県', 6, '2015-05-11 13:26:45', '2015-05-11 13:26:45', 0),
(8, 3, '新潟県', 15, '2015-05-11 13:26:45', '2015-05-11 13:26:45', 0),
(9, 3, '山梨県', 19, '2015-05-11 13:26:45', '2015-05-11 13:26:45', 0),
(10, 3, '長野県', 20, '2015-05-11 13:26:45', '2015-05-11 13:26:45', 0),
(11, 4, '石川県', 17, '2015-05-11 13:26:45', '2015-05-11 13:26:45', 0),
(12, 4, '富山県', 16, '2015-05-11 13:26:45', '2015-05-11 13:26:45', 0),
(13, 4, '福井県', 18, '2015-05-11 13:26:45', '2015-05-11 13:26:45', 0),
(14, 5, '茨城県', 8, '2015-05-11 13:26:45', '2015-05-11 13:26:45', 0),
(15, 5, '栃木県', 9, '2015-05-11 13:26:45', '2015-05-11 13:26:45', 0),
(16, 6, '埼玉県', 11, '2015-05-11 13:26:45', '2015-05-11 13:26:45', 0),
(17, 6, '群馬県', 10, '2015-05-11 13:26:45', '2015-05-11 13:26:45', 0),
(18, 7, '千葉県', 12, '2015-05-11 13:26:45', '2015-05-11 13:26:45', 0),
(19, 8, '東京都', 13, '2015-05-11 13:26:45', '2015-05-11 13:26:45', 0),
(20, 9, '神奈川県', 14, '2015-05-11 13:26:45', '2015-05-11 13:26:45', 0),
(21, 10, '静岡県', 22, '2015-05-11 13:26:45', '2015-05-11 13:26:45', 0),
(22, 11, '愛知県', 23, '2015-05-11 13:26:45', '2015-05-11 13:26:45', 0),
(23, 11, '岐阜県', 21, '2015-05-11 13:26:45', '2015-05-11 13:26:45', 0),
(24, 11, '三重県', 24, '2015-05-11 13:26:45', '2015-05-11 13:26:45', 0),
(25, 12, '京都府', 26, '2015-05-11 13:26:45', '2015-05-11 13:26:45', 0),
(26, 12, '滋賀県', 25, '2015-05-11 13:26:45', '2015-05-11 13:26:45', 0),
(27, 12, '和歌山県', 30, '2015-05-11 13:26:45', '2015-05-11 13:26:45', 0),
(28, 12, '奈良県', 29, '2015-05-11 13:26:45', '2015-05-11 13:26:45', 0),
(29, 13, '大阪府', 27, '2015-05-11 13:26:45', '2015-05-11 13:26:45', 0),
(30, 14, '兵庫県', 28, '2015-05-11 13:26:45', '2015-05-11 13:26:45', 0),
(31, 15, '広島県', 34, '2015-05-11 13:26:45', '2015-05-11 13:26:45', 0),
(32, 15, '岡山県', 33, '2015-05-11 13:26:45', '2015-05-11 13:26:45', 0),
(33, 15, '鳥取県', 31, '2015-05-11 13:26:45', '2015-05-11 13:26:45', 0),
(34, 15, '島根県', 32, '2015-05-11 13:26:45', '2015-05-11 13:26:45', 0),
(35, 15, '山口県', 35, '2015-05-11 13:26:45', '2015-05-11 13:26:45', 0),
(36, 16, '愛媛県', 38, '2015-05-11 13:26:45', '2015-05-11 13:26:45', 0),
(37, 16, '香川県', 37, '2015-05-11 13:26:45', '2015-05-11 13:26:45', 0),
(38, 16, '徳島県', 36, '2015-05-11 13:26:45', '2015-05-11 13:26:45', 0),
(39, 16, '高知県', 39, '2015-05-11 13:26:45', '2015-05-11 13:26:45', 0),
(40, 17, '福岡県', 40, '2015-05-11 13:26:45', '2015-05-11 13:26:45', 0),
(41, 17, '佐賀県', 41, '2015-05-11 13:26:45', '2015-05-11 13:26:45', 0),
(42, 17, '大分県', 44, '2015-05-11 13:26:45', '2015-05-11 13:26:45', 0),
(43, 17, '長崎県', 42, '2015-05-11 13:26:45', '2015-05-11 13:26:45', 0),
(44, 18, '熊本県', 43, '2015-05-11 13:26:45', '2015-05-11 13:26:45', 0),
(45, 18, '宮崎県', 45, '2015-05-11 13:26:45', '2015-05-11 13:26:45', 0),
(46, 18, '鹿児島県', 46, '2015-05-11 13:26:45', '2015-05-11 13:26:45', 0),
(47, 19, '沖縄県', 47, '2015-05-11 13:26:45', '2015-05-11 13:26:45', 0);

-- --------------------------------------------------------

--
-- テーブルの構造 `region_master`
--

CREATE TABLE IF NOT EXISTS `region_master` (
  `region_id` tinyint(4) NOT NULL AUTO_INCREMENT COMMENT '地域ID',
  `region_name` varchar(50) NOT NULL COMMENT '地域名',
  `rank` tinyint(4) DEFAULT NULL COMMENT 'ランク順',
  `regist_date` datetime NOT NULL COMMENT '登録日時',
  `update_date` datetime NOT NULL COMMENT '変更日時',
  `delete_flg` tinyint(4) NOT NULL DEFAULT '0' COMMENT '削除フラグ : 0：未削除、1：削除済み',
  PRIMARY KEY (`region_id`)
) ENGINE=InnoDB  DEFAULT CHARSET=utf8 COMMENT='地域マスター' AUTO_INCREMENT=20 ;

--
-- テーブルのデータのダンプ `region_master`
--

INSERT INTO `region_master` (`region_id`, `region_name`, `rank`, `regist_date`, `update_date`, `delete_flg`) VALUES
(1, '北海道', 1, '2015-05-11 13:22:19', '2015-05-11 13:22:19', 0),
(2, '東北', 2, '2015-05-11 13:22:19', '2015-05-11 13:22:19', 0),
(3, '甲信越', 3, '2015-05-11 13:22:19', '2015-05-11 13:22:19', 0),
(4, '北陸', 4, '2015-05-11 13:22:19', '2015-05-11 13:22:19', 0),
(5, '北関東', 5, '2015-05-11 13:22:19', '2015-05-11 13:22:19', 0),
(6, '埼玉群馬', 6, '2015-05-11 13:22:19', '2015-05-11 13:22:19', 0),
(7, '千葉', 7, '2015-05-11 13:22:19', '2015-05-11 13:22:19', 0),
(8, '東京', 8, '2015-05-11 13:22:19', '2015-05-11 13:22:19', 0),
(9, '神奈川', 9, '2015-05-11 13:22:19', '2015-05-11 13:22:19', 0),
(10, '静岡', 10, '2015-05-11 13:22:19', '2015-05-11 13:22:19', 0),
(11, '東海', 11, '2015-05-11 13:22:19', '2015-05-11 13:22:19', 0),
(12, '関西', 12, '2015-05-11 13:22:19', '2015-05-11 13:22:19', 0),
(13, '大阪', 13, '2015-05-11 13:22:19', '2015-05-11 13:22:19', 0),
(14, '兵庫', 14, '2015-05-11 13:22:19', '2015-05-11 13:22:19', 0),
(15, '中国', 15, '2015-05-11 13:22:19', '2015-05-11 13:22:19', 0),
(16, '四国', 16, '2015-05-11 13:22:19', '2015-05-11 13:22:19', 0),
(17, '九州北', 17, '2015-05-11 13:22:19', '2015-05-11 13:22:19', 0),
(18, '九州南', 18, '2015-05-11 13:22:19', '2015-05-11 13:22:19', 0),
(19, '沖縄', 19, '2015-05-11 13:22:19', '2015-05-11 13:22:19', 0);

-- --------------------------------------------------------

--
-- テーブルの構造 `reserved`
--

CREATE TABLE IF NOT EXISTS `reserved` (
  `reserved_id` bigint(20) NOT NULL AUTO_INCREMENT COMMENT '予約ID',
  `store_id` mediumint(9) NOT NULL COMMENT '店舗ID',
  `user_id` bigint(20) NOT NULL COMMENT 'ユーザーID : 会員番号',
  `coupon_id` bigint(20) DEFAULT NULL COMMENT 'クーポンID',
  `point_code` char(7) DEFAULT NULL COMMENT 'ポイントコード(予約No) : 上位４桁：16進数の店ID\r\n下位３桁：001?999の連番(クーポンID)',
  `status_id` tinyint(4) NOT NULL COMMENT 'ステータス : 0：無効(予約取消)、1：未処理(予約済み)、2：処理完了(予約受理)',
  `course_name` varchar(50) DEFAULT NULL COMMENT 'コース名',
  `coupon_name` varchar(50) DEFAULT NULL COMMENT 'クーポン名',
  `minutes` smallint(6) DEFAULT NULL COMMENT '分',
  `price` mediumint(9) DEFAULT NULL COMMENT '料金',
  `use_condition` text COMMENT '利用条件',
  `reserved_date` datetime DEFAULT NULL COMMENT '予約日時',
  `use_persons` tinyint(4) DEFAULT NULL COMMENT '利用人数',
  `use_date` datetime DEFAULT NULL COMMENT '利用日時 : 店舗への到着予定時刻',
  `reserved_name` varchar(50) DEFAULT NULL COMMENT '予約名',
  `telephone` varchar(15) DEFAULT NULL COMMENT '電話番号',
  `total_price` int(11) DEFAULT NULL COMMENT '支払い合計',
  `use_point` int(11) NOT NULL DEFAULT '0' COMMENT '利用ポイント',
  `get_point` int(11) NOT NULL COMMENT '取得ポイント',
  `regist_date` datetime NOT NULL COMMENT '登録日時',
  `update_date` datetime NOT NULL COMMENT '変更日時',
  `delete_flg` tinyint(4) NOT NULL DEFAULT '0' COMMENT '削除フラグ : 0：未削除、1：削除済み',
  PRIMARY KEY (`reserved_id`)
) ENGINE=InnoDB DEFAULT CHARSET=utf8 COMMENT='予約情報' AUTO_INCREMENT=1 ;

-- --------------------------------------------------------

--
-- テーブルの構造 `store`
--

CREATE TABLE IF NOT EXISTS `store` (
  `store_id` mediumint(9) NOT NULL AUTO_INCREMENT COMMENT '店舗ID',
  `store_hex_id` char(4) COMMENT '店ID : 16進数の店ID',
  `status_id` tinyint(4) NOT NULL DEFAULT '1' COMMENT 'ステータス : 1：準備中、2：運営中、9：停止中',
  `store_name` varchar(50) NOT NULL COMMENT '店舗名',
  `new_arrival` tinyint(4) NOT NULL COMMENT '新着 : 0：既存、1：新着',
  `type_of_industry_id` tinyint(4) NOT NULL COMMENT '業種ID',
  `license` varchar(100) NOT NULL COMMENT '営業許可証',
  `account_name` varchar(50) NOT NULL COMMENT 'アカウント名',
  `login_id` varchar(20) NOT NULL COMMENT 'ログインID',
  `login_password` varchar(20) NOT NULL COMMENT 'ログインパスワード',
  `category_large_id` tinyint(4) NOT NULL COMMENT '大カテゴリーID',
  `category_midium_id` smallint(6) NOT NULL COMMENT '中カテゴリーID',
  `category_small_id` smallint(6) NOT NULL COMMENT '小カテゴリーID',
  `area_first_id` smallint(6) NOT NULL COMMENT '第１エリアID',
  `area_second_id` smallint(6) NOT NULL COMMENT '第２エリアID',
  `area_third_id` smallint(6) NOT NULL COMMENT '第３エリアID',
  `image1` varchar(100) DEFAULT NULL COMMENT '画像1 : 画像ファイル名',
  `image2` varchar(100) DEFAULT NULL COMMENT '画像2 : 画像ファイル名',
  `image3` varchar(100) DEFAULT NULL COMMENT '画像3 : 画像ファイル名',
  `image4` varchar(100) DEFAULT NULL COMMENT '画像4 : 画像ファイル名',
  `image5` varchar(100) DEFAULT NULL COMMENT '画像5 : 画像ファイル名',
  `image6` varchar(100) DEFAULT NULL COMMENT '画像6 : 画像ファイル名',
  `image7` varchar(100) DEFAULT NULL COMMENT '画像7 : 画像ファイル名',
  `image8` varchar(100) DEFAULT NULL COMMENT '画像8 : 画像ファイル名',
  `image9` varchar(100) DEFAULT NULL COMMENT '画像9 : 画像ファイル名',
  `introduction` text COMMENT '紹介文',
  `latitude` double NOT NULL COMMENT '緯度',
  `longitude` double NOT NULL COMMENT '経度',
  `zip_code` varchar(7) NOT NULL COMMENT '郵便番号 : ハイフンなし',
  `prefectures_id` tinyint(4) NOT NULL COMMENT '都道府県ID',
  `address1` varchar(100) NOT NULL COMMENT '市区町村番地',
  `address2` varchar(100) DEFAULT NULL COMMENT 'マンション／ビル名',
  `business_hours` varchar(50) NOT NULL COMMENT '営業時間 : 例．11:00?24:00',
  `telephone` varchar(15) NOT NULL COMMENT '電話番号',
  `holiday` varchar(50) DEFAULT NULL COMMENT '休日',
  `url_outside1` varchar(256) DEFAULT NULL COMMENT '外部サイト1 : ヘブンネットURL',
  `url_outside2` varchar(256) DEFAULT NULL COMMENT '外部サイト2 : 夜遊びガイドURL',
  `url_official1` varchar(256) DEFAULT NULL COMMENT '公式サイト1',
  `url_official2` varchar(256) DEFAULT NULL COMMENT '公式サイト2',
  `url_official3` varchar(256) DEFAULT NULL COMMENT '公式サイト3',
  `url_official4` varchar(256) DEFAULT NULL COMMENT '公式サイト4',
  `representative_sei` varchar(30) NOT NULL COMMENT '担当者の姓',
  `representative_mei` varchar(30) NOT NULL COMMENT '担当者の名',
  `representative_email` varchar(256) NOT NULL COMMENT '担当者メールアドレス',
  `reserved_email` varchar(256) NOT NULL COMMENT '予約受信メールアドレス',
  `latest_login_date` datetime DEFAULT NULL COMMENT '最終ログイン日時',
  `regist_date` datetime NOT NULL COMMENT '登録日時',
  `update_date` datetime NOT NULL COMMENT '変更日時',
  `delete_flg` tinyint(4) NOT NULL DEFAULT '0' COMMENT '削除フラグ : 0：未削除、1：削除済み',
  PRIMARY KEY (`store_id`)
) ENGINE=InnoDB  DEFAULT CHARSET=utf8 COMMENT='店舗情報' AUTO_INCREMENT=15 ;

--
-- テーブルのデータのダンプ `store`
--

INSERT INTO `store` (`store_id`, `store_hex_id`, `status_id`, `store_name`, `new_arrival`, `type_of_industry_id`, `license`, `account_name`, `login_id`, `login_password`, `category_large_id`, `category_midium_id`, `category_small_id`, `area_first_id`, `area_second_id`, `area_third_id`, `image1`, `image2`, `image3`, `image4`, `image5`, `image6`, `image7`, `image8`, `image9`, `introduction`, `latitude`, `longitude`, `zip_code`, `prefectures_id`, `address1`, `address2`, `business_hours`, `telephone`, `holiday`, `url_outside1`, `url_outside2`, `url_official1`, `url_official2`, `url_official3`, `url_official4`, `representative_sei`, `representative_mei`, `representative_email`, `reserved_email`, `latest_login_date`, `regist_date`, `update_date`, `delete_flg`) VALUES
(1, '0001', 1, 'テスト店舗', 0, 0, '', 'テスト店舗', 'teststore', 'REm0ql7HNzY=', 0, 0, 0, 0, 0, 0, NULL, NULL, NULL, NULL, NULL, NULL, NULL, NULL, NULL, NULL, 0, 0, '', 0, '', NULL, '', '', NULL, NULL, NULL, NULL, NULL, NULL, '', '', '', '', '', NULL, '0000-00-00 00:00:00', '0000-00-00 00:00:00', 0),
(2, '0002', 2, '１５５知立店', 0, 1, '', '１５５知立店', '000ID1', 'kdeveu22Yxc=', 1, 50, 199, 43, 97, 216, NULL, NULL, NULL, NULL, NULL, NULL, NULL, NULL, NULL, NULL, 35.005987, 137.031509, '4720055', 22, '知立市鳥居2-3-3', NULL, '9：00-17：00', '0123-00-0001', '土日祝日', NULL, NULL, NULL, NULL, NULL, NULL, '１５５知立', '店', 'a1@web.co.jp', 'a1@web.co.jp', NULL, '2015-06-09 16:04:21', '2015-06-09 16:04:21', 0),
(3, '0003', 2, '大府共和店', 0, 1, '', '大府共和店', '000ID2', 'DFp+Me3OXZI=', 1, 51, 207, 43, 97, 217, NULL, NULL, NULL, NULL, NULL, NULL, NULL, NULL, NULL, NULL, 35.032887, 136.952004, '4740061', 22, '大府市共和町3-3-11', NULL, '9：00-17：00', '0123-00-0002', '土日祝日', NULL, NULL, NULL, NULL, NULL, NULL, '大府共和', '店', 'a2@web.co.jp', 'a2@web.co.jp', NULL, '2015-06-09 16:11:37', '2015-06-09 16:11:37', 0),
(4, '0004', 2, '大須スポーツセンター店', 0, 1, '', '大須スポーツセンター店', '000ID3', 'Xi1s+jBhqk8=', 1, 51, 208, 43, 96, 214, NULL, NULL, NULL, NULL, NULL, NULL, NULL, NULL, NULL, NULL, 35.157458, 136.899108, '4600018', 22, '名古屋市中区門前町1-60', NULL, '9：00-17：00', '0123-00-0003', '土日祝日', NULL, NULL, NULL, NULL, NULL, NULL, '大須スポーツセンター', '店', 'a3@web.co.jp', 'a3@web.co.jp', NULL, '2015-06-09 16:18:50', '2015-06-09 16:18:50', 0),
(5, '0005', 2, 'ＪＲ名古屋駅店', 0, 1, '', 'ＪＲ名古屋駅店', '000ID4', 'MjQfjAUIMh0=', 1, 52, 210, 43, 96, 204, NULL, NULL, NULL, NULL, NULL, NULL, NULL, NULL, NULL, NULL, 35.170711, 136.882545, '4500002', 22, '名古屋市中村区名駅1−1−4', NULL, '9：00-17：00', '0123-00-0004', '土日祝日', NULL, NULL, NULL, NULL, NULL, NULL, 'ＪＲ名古屋駅', '店', 'a4@web.co.jp', 'a4@web.co.jp', NULL, '2015-06-09 16:23:59', '2015-06-09 16:23:59', 0),
(6, '0006', 2, '名古屋エスカ店', 0, 1, '', '名古屋エスカ店', '000ID5', 'rgazAp8y7Ek=', 1, 53, 211, 43, 96, 204, NULL, NULL, NULL, NULL, NULL, NULL, NULL, NULL, NULL, NULL, 35.170347, 136.879417, '4530015', 22, '名古屋市中村区椿町6-9', NULL, '9：00-17：00', '0123-00-0005', '土日祝日', NULL, NULL, NULL, NULL, NULL, NULL, '名古屋エスカ', '店', 'a5@web.co.jp', 'a5@web.co.jp', NULL, '2015-06-09 16:30:40', '2015-06-09 16:30:40', 0),
(7, '0007', 2, '名古屋テルミナ店 ', 0, 2, '', '名古屋テルミナ店 ', '000ID6', '1MvZ0MVdhvk=', 1, 57, 224, 46, 102, 223, NULL, NULL, NULL, NULL, NULL, NULL, NULL, NULL, NULL, NULL, 35.170714, 136.883597, '4500002', 22, '名古屋市中村区名駅1-1-2', NULL, '9：00-17：00', '0123-00-0006', '土日祝日', NULL, NULL, NULL, NULL, NULL, NULL, '名古屋テルミナ', '店', 'a6@web.co.jp', 'a6@web.co.jp', NULL, '2015-06-09 16:49:52', '2015-06-09 16:49:52', 0),
(8, '0008', 2, '名鉄レジャック店', 0, 3, '', '名鉄レジャック店', '000ID7', 'gGbabUJOSNQ=', 2, 123, 420, 116, 184, 420, NULL, NULL, NULL, NULL, NULL, NULL, NULL, NULL, NULL, '', 35.167234, 136.884814, '4500003', 22, '中村区名駅南1-25-2', '', '9：00-17：00', '0123-00-0007', '土日祝日', '', '', '', '', '', '', '名鉄レジャック', '店', 'a7@web.co.jp', 'a7@web.co.jp', NULL, '2015-06-09 17:01:05', '2015-06-09 17:07:09', 0),
(9, '0009', 2, '新岐阜駅前店', 0, 1, '', '新岐阜駅前店', '000ID8', '7KJGQ4zsRBs=', 1, 51, 209, 44, 100, 220, NULL, NULL, NULL, NULL, NULL, NULL, NULL, NULL, NULL, NULL, 35.412616, 136.759851, '5008833', 23, '岐阜市神田町8-7', NULL, '9：00-17：00', '0123-00-0008', '土日祝日', NULL, NULL, NULL, NULL, NULL, NULL, '新岐阜駅前', '店', 'a8@web.co.jp', 'a8@web.co.jp', NULL, '2015-06-09 17:06:17', '2015-06-09 17:06:17', 0),
(10, '000A', 2, 'イオンタウン大垣店', 0, 2, '', 'イオンタウン大垣店', '000ID9', 'JZ45uKCtndY=', 1, 54, 214, 47, 106, 233, NULL, NULL, NULL, NULL, NULL, NULL, NULL, NULL, NULL, NULL, 35.367259, 136.633389, '5030808', 23, '大垣市三塚町丹瀬463-1', NULL, '9：00-17：00', '0123-00-0009', '土日祝日', NULL, NULL, NULL, NULL, NULL, NULL, 'イオンタウン大垣', '店', 'a9@web.co.jp', 'a9@web.co.jp', NULL, '2015-06-09 17:15:53', '2015-06-09 17:15:53', 0),
(11, '000B', 2, '大垣アクアウォーク店 ', 0, 3, '', '大垣アクアウォーク店 ', '000ID10', 'FLww2ZPbbIM=', 2, 123, 422, 117, 185, 436, NULL, NULL, NULL, NULL, NULL, NULL, NULL, NULL, NULL, NULL, 35.370614, 136.61746, '5030015', 23, '大垣市林町6−80−21', NULL, '9：00-17：00', '0123-00-0010', '土日祝日', NULL, NULL, NULL, NULL, NULL, NULL, '大垣アクアウォーク', '店', 'a10@web.co.jp', 'a10@web.co.jp', NULL, '2015-06-09 17:26:12', '2015-06-09 17:26:12', 0),
(12, '000C', 2, '矢場町店 ', 0, 1, '78689261e81316b6175c6df2522414c1.jpg', '矢場町店 ', '000ID11', 'c+b3Gs+BD0g=', 1, 51, 208, 43, 96, 214, NULL, NULL, NULL, NULL, NULL, NULL, NULL, NULL, NULL, '', 35.161552, 136.906087, '4600011', 22, '名古屋市中区大須3-8-1', '', '9：00-17：00', '0123-00-0011', '土日祝日', '', '', '', '', '', '', '矢場町', '店', 'a11@web.co.jp', 'a11@web.co.jp', NULL, '2015-06-10 11:00:23', '2015-06-10 11:01:02', 0),
(13, '000D', 2, '岐阜アピタ店 ', 0, 1, 'cb410ce104e77d0de927cef6620491e2.jpg', '岐阜アピタ店 ', '000ID12', 'CePeLNogAEU=', 1, 51, 209, 44, 100, 220, NULL, NULL, NULL, NULL, NULL, NULL, NULL, NULL, NULL, '', 35.402701, 136.747825, '5008462', 23, '岐阜市加納桜田町３ー４', '', '9：00-17：00', '0123-00-0012', '土日祝日', '', '', '', '', '', '', '岐阜アピタ店', '店', 'a12@web.co.jp', 'a12@web.co.jp', NULL, '2015-06-10 11:10:18', '2015-06-10 11:10:33', 0),
(14, '000E', 2, '岐阜オーキッドパーク店 ', 0, 1, '9355dcd2322c745668f1c1fd223af16e.jpg', '岐阜オーキッドパーク店 ', '000ID13', 'JZEW1rvpwlI=', 1, 51, 209, 44, 100, 220, NULL, NULL, NULL, NULL, NULL, NULL, NULL, NULL, NULL, '', 35.410775, 136.744789, '5008891', 23, '岐阜市香蘭2-23', '', '9：00-17：00', '0123-00-0013', '土日祝日', '', '', '', '', '', '', '岐阜オーキッドパーク', '店', 'a13@web.co.jp', 'a13@web.co.jp', NULL, '2015-06-10 11:14:56', '2015-06-10 11:15:17', 0);

-- --------------------------------------------------------

--
-- テーブルの構造 `temp_image`
--

CREATE TABLE IF NOT EXISTS `temp_image` (
  `temp_image_id` bigint(20) NOT NULL AUTO_INCREMENT COMMENT '一時画像ID',
  `use_state` tinyint(4) NOT NULL DEFAULT '0' COMMENT '使用状態',
  `dir_path` varchar(100) NOT NULL COMMENT 'ディレクトリパス',
  `file_name` varchar(100) NOT NULL COMMENT 'ファイル名',
  `regist_date` datetime NOT NULL COMMENT '登録日時',
  `update_date` datetime NOT NULL COMMENT '変更日時',
  `delete_flg` tinyint(4) NOT NULL DEFAULT '0' COMMENT '削除フラグ : 0：未削除、1：削除済み',
  PRIMARY KEY (`temp_image_id`)
) ENGINE=InnoDB DEFAULT CHARSET=utf8 COMMENT='一時画像' AUTO_INCREMENT=1 ;

-- --------------------------------------------------------

--
-- テーブルの構造 `user`
--

CREATE TABLE IF NOT EXISTS `user` (
  `user_id` bigint(20) NOT NULL AUTO_INCREMENT COMMENT 'ユーザーID : 会員番号',
  `nickname` varchar(30) NOT NULL COMMENT 'ニックネーム : 重複不可',
  `email` varchar(256) NOT NULL COMMENT 'メールアドレス',
  `birthday` date NOT NULL COMMENT '生年月日',
  `gender` tinyint(1) NOT NULL COMMENT '性別 : 1：男性、2：女性',
  `prefectures_id` tinyint(4) NOT NULL COMMENT '都道府県ID',
  `password` varchar(20) NOT NULL COMMENT 'パスワード',
  `point` int(11) NOT NULL DEFAULT '0' COMMENT '保持ポイント数',
  `status_id` tinyint(4) NOT NULL DEFAULT '1' COMMENT 'ステータス : 1：有効、9：利用不可',
  `latest_login_date` datetime DEFAULT NULL COMMENT '最終ログイン日時',
  `regist_date` datetime NOT NULL COMMENT '登録日時',
  `update_date` datetime NOT NULL COMMENT '変更日時',
  `delete_flg` tinyint(4) NOT NULL DEFAULT '0' COMMENT '削除フラグ : 0：未削除、1：削除済み',
  PRIMARY KEY (`user_id`)
) ENGINE=InnoDB DEFAULT CHARSET=utf8 COMMENT='ユーザー情報' AUTO_INCREMENT=1 ;

-- --------------------------------------------------------

--
-- テーブルの構造 `user_favorite_store`
--

CREATE TABLE IF NOT EXISTS `user_favorite_store` (
  `favorite_id` bigint(20) NOT NULL AUTO_INCREMENT COMMENT 'ユーザーお気に入りID',
  `user_id` bigint(20) NOT NULL COMMENT 'ユーザーID : 会員番号',
  `store_id` mediumint(9) NOT NULL COMMENT '店舗ID',
  `regist_date` datetime NOT NULL COMMENT '登録日時',
  `update_date` datetime NOT NULL COMMENT '変更日時',
  `delete_flg` tinyint(4) NOT NULL DEFAULT '0' COMMENT '削除フラグ : 0：未削除、1：削除済み',
  PRIMARY KEY (`favorite_id`)
) ENGINE=InnoDB DEFAULT CHARSET=utf8 COMMENT='ユーザーお気に入り店舗' AUTO_INCREMENT=1 ;

-- --------------------------------------------------------

--
-- テーブルの構造 `user_hash`
--

CREATE TABLE IF NOT EXISTS `user_hash` (
  `user_hash_id` bigint(20) NOT NULL AUTO_INCREMENT COMMENT 'ユーザーハッシュID',
  `hash` varchar(256) NOT NULL COMMENT 'ハッシュ',
  `hash_type` tinyint(4) NOT NULL COMMENT 'ハッシュタイプ : 1：新規登録、2：リマインダー',
  `user_id` bigint(20) NOT NULL COMMENT 'ユーザーID : 会員番号',
  `limit_date` datetime DEFAULT NULL COMMENT '期限日時',
  `regist_date` datetime NOT NULL COMMENT '登録日時',
  `update_date` datetime NOT NULL COMMENT '変更日時',
  `delete_flg` tinyint(4) NOT NULL DEFAULT '0' COMMENT '削除フラグ : 0：未削除、1：削除済み',
  PRIMARY KEY (`user_hash_id`)
) ENGINE=InnoDB DEFAULT CHARSET=utf8 COMMENT='ユーザーハッシュ' AUTO_INCREMENT=1 ;

/*!40101 SET CHARACTER_SET_CLIENT=@OLD_CHARACTER_SET_CLIENT */;
/*!40101 SET CHARACTER_SET_RESULTS=@OLD_CHARACTER_SET_RESULTS */;
/*!40101 SET COLLATION_CONNECTION=@OLD_COLLATION_CONNECTION */;
