-- phpMyAdmin SQL Dump
-- version 3.4.2
-- http://www.phpmyadmin.net
--
-- ホスト: localhost
-- 生成時間: 2015 年 8 月 24 日 18:19
-- サーバのバージョン: 5.1.56
-- PHP のバージョン: 5.4.33

SET SQL_MODE="NO_AUTO_VALUE_ON_ZERO";
SET time_zone = "+00:00";


/*!40101 SET @OLD_CHARACTER_SET_CLIENT=@@CHARACTER_SET_CLIENT */;
/*!40101 SET @OLD_CHARACTER_SET_RESULTS=@@CHARACTER_SET_RESULTS */;
/*!40101 SET @OLD_COLLATION_CONNECTION=@@COLLATION_CONNECTION */;
/*!40101 SET NAMES utf8 */;

--
-- データベース: `point`
--

-- --------------------------------------------------------

--
-- テーブルの構造 `account`
--

CREATE TABLE IF NOT EXISTS `account` (
  `account_id` bigint(20) NOT NULL AUTO_INCREMENT COMMENT 'アカウントID',
  `account_name` varchar(50) NOT NULL COMMENT 'アカウント名',
  `login_id` varchar(20) NOT NULL COMMENT 'ログインID',
  `login_password` varchar(20) DEFAULT NULL COMMENT 'ログインパスワード',
  `permission_kind` tinyint(4) NOT NULL DEFAULT '1' COMMENT '権限種類 : 1：WebサイトGuest、2：Webサイト管理者',
  `status_id` tinyint(4) NOT NULL DEFAULT '1' COMMENT 'ステータス : 1：利用可能、9：利用不可(ロック)',
  `latest_login_date` datetime DEFAULT NULL COMMENT '最終ログイン日時',
  `regist_date` datetime NOT NULL COMMENT '登録日時',
  `update_date` datetime NOT NULL COMMENT '変更日時',
  `delete_flg` tinyint(4) NOT NULL DEFAULT '0' COMMENT '削除フラグ : 0：未削除、1：削除済み',
  PRIMARY KEY (`account_id`)
) ENGINE=InnoDB  DEFAULT CHARSET=utf8 COMMENT='アカウント情報' AUTO_INCREMENT=3 ;

--
-- テーブルのデータをダンプしています `account`
--

INSERT INTO `account` (`account_id`, `account_name`, `login_id`, `login_password`, `permission_kind`, `status_id`, `latest_login_date`, `regist_date`, `update_date`, `delete_flg`) VALUES
(1, '高橋 <br />', 'testadmin', 'REm0ql7HNzY=', 2, 1, '2015-05-09 00:00:00', '2015-05-09 00:00:00', '2015-05-10 16:53:13', 0),
(2, 'テスト太郎', 'testguest', 'REm0ql7HNzY=', 1, 1, NULL, '2015-05-10 00:34:02', '2015-05-10 11:40:37', 1);

-- --------------------------------------------------------

--
-- テーブルの構造 `add_limit`
--

CREATE TABLE IF NOT EXISTS `add_limit` (
  `add_limit_id` bigint(20) NOT NULL AUTO_INCREMENT COMMENT 'ポイント利用枠ＩＤ',
  `store_id` mediumint(9) NOT NULL COMMENT '店舗ID',
  `add_date` date NOT NULL COMMENT '入金日',
  `add_point` int(11) NOT NULL DEFAULT '0' COMMENT '追加ポイント枠',
  `add_type` char(1) NOT NULL DEFAULT '1' COMMENT '追加タイプ : 1:前払い 2:後払い',
  `memo` text COMMENT 'メモ',
  `review_status` char(1) NOT NULL DEFAULT '0' COMMENT '審査状況 : 0:申請 1:承認',
  `regist_date` datetime NOT NULL COMMENT '登録日時',
  `update_date` datetime NOT NULL COMMENT '更新日時',
  `delete_flg` tinyint(1) NOT NULL DEFAULT '0' COMMENT '削除フラグ : 0:通常　1:削除',
  PRIMARY KEY (`add_limit_id`)
) ENGINE=InnoDB DEFAULT CHARSET=utf8 COMMENT='利用枠追加' AUTO_INCREMENT=1 ;

-- --------------------------------------------------------

--
-- テーブルの構造 `area_first`
--

CREATE TABLE IF NOT EXISTS `area_first` (
  `area_first_id` smallint(6) NOT NULL AUTO_INCREMENT COMMENT '第１エリアID',
  `category_large_id` tinyint(4) NOT NULL COMMENT '大カテゴリーID',
  `region_id` tinyint(4) NOT NULL COMMENT '地域ID',
  `prefectures_id` tinyint(4) DEFAULT NULL COMMENT '都道府県ID',
  `area_first_name` varchar(50) DEFAULT NULL COMMENT '第１エリア名',
  `delivery` char(1) NOT NULL COMMENT 'デリバリー',
  `rank` smallint(6) DEFAULT NULL COMMENT 'ランク順',
  `regist_date` datetime NOT NULL COMMENT '登録日時',
  `update_date` datetime NOT NULL COMMENT '変更日時',
  `delete_flg` tinyint(4) NOT NULL DEFAULT '0' COMMENT '削除フラグ : 0：未削除、1：削除済み',
  PRIMARY KEY (`area_first_id`)
) ENGINE=InnoDB  DEFAULT CHARSET=utf8 COMMENT='第１エリアマスター' AUTO_INCREMENT=189 ;

--
-- テーブルのデータをダンプしています `area_first`
--

INSERT INTO `area_first` (`area_first_id`, `category_large_id`, `region_id`, `prefectures_id`, `area_first_name`, `delivery`, `rank`, `regist_date`, `update_date`, `delete_flg`) VALUES
(1, 1, 1, 1, '北海道', '0', NULL, '2015-10-16 13:29:52', '2015-10-16 13:29:52', 0),
(2, 1, 1, 1, '北海道', '1', NULL, '2015-10-16 13:29:52', '2015-10-16 13:29:52', 0),
(3, 1, 2, 2, '宮城県', '0', NULL, '2015-10-16 13:29:52', '2015-10-16 13:29:52', 0),
(4, 1, 2, 3, '福島県', '0', NULL, '2015-10-16 13:29:52', '2015-10-16 13:29:52', 0),
(5, 1, 2, 6, '青森県', '0', NULL, '2015-10-16 13:29:52', '2015-10-16 13:29:52', 0),
(6, 1, 2, 4, '岩手県', '0', NULL, '2015-10-16 13:29:52', '2015-10-16 13:29:52', 0),
(7, 1, 2, 5, '秋田県', '0', NULL, '2015-10-16 13:29:52', '2015-10-16 13:29:52', 0),
(8, 1, 2, 7, '山形県', '0', NULL, '2015-10-16 13:29:52', '2015-10-16 13:29:52', 0),
(9, 1, 2, 2, '宮城県', '1', NULL, '2015-10-16 13:29:52', '2015-10-16 13:29:52', 0),
(10, 1, 2, 3, '福島県', '1', NULL, '2015-10-16 13:29:52', '2015-10-16 13:29:52', 0),
(11, 1, 2, 6, '青森県', '1', NULL, '2015-10-16 13:29:52', '2015-10-16 13:29:52', 0),
(12, 1, 2, 4, '岩手県', '1', NULL, '2015-10-16 13:29:52', '2015-10-16 13:29:52', 0),
(13, 1, 2, 5, '秋田県', '1', NULL, '2015-10-16 13:29:52', '2015-10-16 13:29:52', 0),
(14, 1, 2, 7, '山形県', '1', NULL, '2015-10-16 13:29:52', '2015-10-16 13:29:52', 0),
(15, 1, 3, 8, '新潟県', '0', NULL, '2015-10-16 13:29:52', '2015-10-16 13:29:52', 0),
(16, 1, 3, 9, '山梨県', '0', NULL, '2015-10-16 13:29:52', '2015-10-16 13:29:52', 0),
(17, 1, 3, 10, '長野県', '0', NULL, '2015-10-16 13:29:52', '2015-10-16 13:29:52', 0),
(18, 1, 3, 8, '新潟県', '1', NULL, '2015-10-16 13:29:52', '2015-10-16 13:29:52', 0),
(19, 1, 3, 9, '山梨県', '1', NULL, '2015-10-16 13:29:52', '2015-10-16 13:29:52', 0),
(20, 1, 3, 10, '長野県', '1', NULL, '2015-10-16 13:29:52', '2015-10-16 13:29:52', 0),
(21, 1, 4, 11, '石川県', '0', NULL, '2015-10-16 13:29:52', '2015-10-16 13:29:52', 0),
(22, 1, 4, 12, '富山県', '0', NULL, '2015-10-16 13:29:52', '2015-10-16 13:29:52', 0),
(23, 1, 4, 13, '福井県', '0', NULL, '2015-10-16 13:29:52', '2015-10-16 13:29:52', 0),
(24, 1, 4, 11, '石川県', '1', NULL, '2015-10-16 13:29:52', '2015-10-16 13:29:52', 0),
(25, 1, 4, 12, '富山県', '1', NULL, '2015-10-16 13:29:52', '2015-10-16 13:29:52', 0),
(26, 1, 4, 13, '福井県', '1', NULL, '2015-10-16 13:29:52', '2015-10-16 13:29:52', 0),
(27, 1, 5, 14, '茨城県', '0', NULL, '2015-10-16 13:29:52', '2015-10-16 13:29:52', 0),
(28, 1, 5, 15, '栃木県', '0', NULL, '2015-10-16 13:29:52', '2015-10-16 13:29:52', 0),
(29, 1, 5, 14, '茨城県', '1', NULL, '2015-10-16 13:29:52', '2015-10-16 13:29:52', 0),
(30, 1, 5, 15, '栃木県', '1', NULL, '2015-10-16 13:29:52', '2015-10-16 13:29:52', 0),
(31, 1, 6, 16, '埼玉県', '0', NULL, '2015-10-16 13:29:52', '2015-10-16 13:29:52', 0),
(32, 1, 6, 17, '群馬県', '0', NULL, '2015-10-16 13:29:52', '2015-10-16 13:29:52', 0),
(33, 1, 6, 16, '埼玉県', '1', NULL, '2015-10-16 13:29:52', '2015-10-16 13:29:52', 0),
(34, 1, 6, 17, '群馬県', '1', NULL, '2015-10-16 13:29:52', '2015-10-16 13:29:52', 0),
(35, 1, 7, 18, '千葉県', '0', NULL, '2015-10-16 13:29:52', '2015-10-16 13:29:52', 0),
(36, 1, 7, 18, '千葉県', '1', NULL, '2015-10-16 13:29:52', '2015-10-16 13:29:52', 0),
(37, 1, 8, 19, '東京都', '0', NULL, '2015-10-16 13:29:52', '2015-10-16 13:29:52', 0),
(38, 1, 8, 19, '東京都', '1', NULL, '2015-10-16 13:29:52', '2015-10-16 13:29:52', 0),
(39, 1, 9, 20, '神奈川県', '0', NULL, '2015-10-16 13:29:52', '2015-10-16 13:29:52', 0),
(40, 1, 9, 20, '神奈川県', '1', NULL, '2015-10-16 13:29:52', '2015-10-16 13:29:52', 0),
(41, 1, 10, 21, '静岡県', '0', NULL, '2015-10-16 13:29:52', '2015-10-16 13:29:52', 0),
(42, 1, 10, 21, '静岡県', '1', NULL, '2015-10-16 13:29:52', '2015-10-16 13:29:52', 0),
(43, 1, 11, 22, '愛知県', '0', NULL, '2015-10-16 13:29:52', '2015-10-16 13:29:52', 0),
(44, 1, 11, 23, '岐阜県', '0', NULL, '2015-10-16 13:29:52', '2015-10-16 13:29:52', 0),
(45, 1, 11, 24, '三重県', '0', NULL, '2015-10-16 13:29:52', '2015-10-16 13:29:52', 0),
(46, 1, 11, 22, '愛知県', '1', NULL, '2015-10-16 13:29:52', '2015-10-16 13:29:52', 0),
(47, 1, 11, 23, '岐阜県', '1', NULL, '2015-10-16 13:29:52', '2015-10-16 13:29:52', 0),
(48, 1, 11, 24, '三重県', '1', NULL, '2015-10-16 13:29:52', '2015-10-16 13:29:52', 0),
(49, 1, 12, 25, '京都府', '0', NULL, '2015-10-16 13:29:52', '2015-10-16 13:29:52', 0),
(50, 1, 12, 26, '滋賀県', '0', NULL, '2015-10-16 13:29:52', '2015-10-16 13:29:52', 0),
(51, 1, 12, 27, '和歌山県', '0', NULL, '2015-10-16 13:29:52', '2015-10-16 13:29:52', 0),
(52, 1, 12, 28, '奈良県', '0', NULL, '2015-10-16 13:29:52', '2015-10-16 13:29:52', 0),
(53, 1, 12, 25, '京都府', '1', NULL, '2015-10-16 13:29:52', '2015-10-16 13:29:52', 0),
(54, 1, 12, 26, '滋賀県', '1', NULL, '2015-10-16 13:29:52', '2015-10-16 13:29:52', 0),
(55, 1, 12, 27, '和歌山県', '1', NULL, '2015-10-16 13:29:52', '2015-10-16 13:29:52', 0),
(56, 1, 12, 28, '奈良県', '1', NULL, '2015-10-16 13:29:52', '2015-10-16 13:29:52', 0),
(57, 1, 13, 29, '大阪府', '0', NULL, '2015-10-16 13:29:52', '2015-10-16 13:29:52', 0),
(58, 1, 13, 29, '大阪府', '1', NULL, '2015-10-16 13:29:52', '2015-10-16 13:29:52', 0),
(59, 1, 14, 30, '兵庫県', '0', NULL, '2015-10-16 13:29:52', '2015-10-16 13:29:52', 0),
(60, 1, 14, 30, '兵庫県', '1', NULL, '2015-10-16 13:29:52', '2015-10-16 13:29:52', 0),
(61, 1, 15, 31, '広島県', '0', NULL, '2015-10-16 13:29:52', '2015-10-16 13:29:52', 0),
(62, 1, 15, 32, '岡山県', '0', NULL, '2015-10-16 13:29:52', '2015-10-16 13:29:52', 0),
(63, 1, 15, 33, '鳥取県', '0', NULL, '2015-10-16 13:29:52', '2015-10-16 13:29:52', 0),
(64, 1, 15, 34, '島根県', '0', NULL, '2015-10-16 13:29:52', '2015-10-16 13:29:52', 0),
(65, 1, 15, 35, '山口県', '0', NULL, '2015-10-16 13:29:52', '2015-10-16 13:29:52', 0),
(66, 1, 15, 31, '広島県', '1', NULL, '2015-10-16 13:29:52', '2015-10-16 13:29:52', 0),
(67, 1, 15, 32, '岡山県', '1', NULL, '2015-10-16 13:29:52', '2015-10-16 13:29:52', 0),
(68, 1, 15, 33, '鳥取県', '1', NULL, '2015-10-16 13:29:52', '2015-10-16 13:29:52', 0),
(69, 1, 15, 34, '島根県', '1', NULL, '2015-10-16 13:29:52', '2015-10-16 13:29:52', 0),
(70, 1, 15, 35, '山口県', '1', NULL, '2015-10-16 13:29:52', '2015-10-16 13:29:52', 0),
(71, 1, 16, 36, '愛媛県', '0', NULL, '2015-10-16 13:29:52', '2015-10-16 13:29:52', 0),
(72, 1, 16, 37, '香川県', '0', NULL, '2015-10-16 13:29:52', '2015-10-16 13:29:52', 0),
(73, 1, 16, 38, '徳島県', '0', NULL, '2015-10-16 13:29:52', '2015-10-16 13:29:52', 0),
(74, 1, 16, 39, '高知県', '0', NULL, '2015-10-16 13:29:52', '2015-10-16 13:29:52', 0),
(75, 1, 16, 36, '愛媛県', '1', NULL, '2015-10-16 13:29:52', '2015-10-16 13:29:52', 0),
(76, 1, 16, 37, '香川県', '1', NULL, '2015-10-16 13:29:52', '2015-10-16 13:29:52', 0),
(77, 1, 16, 38, '徳島県', '1', NULL, '2015-10-16 13:29:52', '2015-10-16 13:29:52', 0),
(78, 1, 16, 39, '高知県', '1', NULL, '2015-10-16 13:29:52', '2015-10-16 13:29:52', 0),
(79, 1, 17, 40, '福岡県', '0', NULL, '2015-10-16 13:29:52', '2015-10-16 13:29:52', 0),
(80, 1, 17, 41, '佐賀県', '0', NULL, '2015-10-16 13:29:52', '2015-10-16 13:29:52', 0),
(81, 1, 17, 42, '大分県', '0', NULL, '2015-10-16 13:29:52', '2015-10-16 13:29:52', 0),
(82, 1, 17, 43, '長崎県', '0', NULL, '2015-10-16 13:29:52', '2015-10-16 13:29:52', 0),
(83, 1, 17, 40, '福岡県', '1', NULL, '2015-10-16 13:29:52', '2015-10-16 13:29:52', 0),
(84, 1, 17, 41, '佐賀県', '1', NULL, '2015-10-16 13:29:52', '2015-10-16 13:29:52', 0),
(85, 1, 17, 42, '大分県', '1', NULL, '2015-10-16 13:29:52', '2015-10-16 13:29:52', 0),
(86, 1, 17, 43, '長崎県', '1', NULL, '2015-10-16 13:29:52', '2015-10-16 13:29:52', 0),
(87, 1, 18, 44, '熊本県', '0', NULL, '2015-10-16 13:29:52', '2015-10-16 13:29:52', 0),
(88, 1, 18, 45, '宮崎県', '0', NULL, '2015-10-16 13:29:52', '2015-10-16 13:29:52', 0),
(89, 1, 18, 46, '鹿児島県', '0', NULL, '2015-10-16 13:29:52', '2015-10-16 13:29:52', 0),
(90, 1, 18, 44, '熊本県', '1', NULL, '2015-10-16 13:29:52', '2015-10-16 13:29:52', 0),
(91, 1, 18, 45, '宮崎県', '1', NULL, '2015-10-16 13:29:52', '2015-10-16 13:29:52', 0),
(92, 1, 18, 46, '鹿児島県', '1', NULL, '2015-10-16 13:29:52', '2015-10-16 13:29:52', 0),
(93, 1, 19, 47, '沖縄県', '0', NULL, '2015-10-16 13:29:52', '2015-10-16 13:29:52', 0),
(94, 1, 19, 47, '沖縄県', '1', NULL, '2015-10-16 13:29:52', '2015-10-16 13:29:52', 0),
(95, 3, 2, 2, '宮城県', '0', NULL, '2015-10-16 13:29:52', '2015-10-16 13:29:52', 0),
(96, 3, 2, 3, '福島県', '0', NULL, '2015-10-16 13:29:52', '2015-10-16 13:29:52', 0),
(97, 3, 2, 7, '山形県', '0', NULL, '2015-10-16 13:29:52', '2015-10-16 13:29:52', 0),
(98, 3, 2, 4, '岩手県', '0', NULL, '2015-10-16 13:29:52', '2015-10-16 13:29:52', 0),
(99, 3, 2, 5, '秋田県', '0', NULL, '2015-10-16 13:29:52', '2015-10-16 13:29:52', 0),
(100, 3, 2, 6, '青森県', '0', NULL, '2015-10-16 13:29:52', '2015-10-16 13:29:52', 0),
(101, 3, 3, 8, '新潟県', '0', NULL, '2015-10-16 13:29:52', '2015-10-16 13:29:52', 0),
(102, 3, 3, 10, '長野県', '0', NULL, '2015-10-16 13:29:52', '2015-10-16 13:29:52', 0),
(103, 3, 3, 9, '山梨県', '0', NULL, '2015-10-16 13:29:52', '2015-10-16 13:29:52', 0),
(104, 3, 6, 17, '群馬県', '0', NULL, '2015-10-16 13:29:52', '2015-10-16 13:29:52', 0),
(105, 3, 5, 15, '栃木県', '0', NULL, '2015-10-16 13:29:52', '2015-10-16 13:29:52', 0),
(106, 3, 5, 14, '茨城県', '0', NULL, '2015-10-16 13:29:52', '2015-10-16 13:29:52', 0),
(107, 3, 8, 19, '東京都', '0', NULL, '2015-10-16 13:29:52', '2015-10-16 13:29:52', 0),
(108, 3, 9, 20, '神奈川県', '0', NULL, '2015-10-16 13:29:52', '2015-10-16 13:29:52', 0),
(109, 3, 6, 16, '埼玉県', '0', NULL, '2015-10-16 13:29:52', '2015-10-16 13:29:52', 0),
(110, 3, 7, 18, '千葉県', '0', NULL, '2015-10-16 13:29:52', '2015-10-16 13:29:52', 0),
(111, 3, 11, 22, '愛知県', '0', NULL, '2015-10-16 13:29:52', '2015-10-16 13:29:52', 0),
(112, 3, 11, 23, '岐阜県', '0', NULL, '2015-10-16 13:29:52', '2015-10-16 13:29:52', 0),
(113, 3, 11, 24, '三重県', '0', NULL, '2015-10-16 13:29:52', '2015-10-16 13:29:52', 0),
(114, 3, 13, 29, '大阪府', '0', NULL, '2015-10-16 13:29:52', '2015-10-16 13:29:52', 0),
(115, 3, 12, 25, '京都府', '0', NULL, '2015-10-16 13:29:52', '2015-10-16 13:29:52', 0),
(116, 3, 14, 30, '兵庫県', '0', NULL, '2015-10-16 13:29:52', '2015-10-16 13:29:52', 0),
(117, 3, 12, 26, '滋賀県', '0', NULL, '2015-10-16 13:29:52', '2015-10-16 13:29:52', 0),
(118, 3, 12, 27, '和歌山県', '0', NULL, '2015-10-16 13:29:52', '2015-10-16 13:29:52', 0),
(119, 3, 12, 28, '奈良県', '0', NULL, '2015-10-16 13:29:52', '2015-10-16 13:29:52', 0),
(120, 3, 17, 40, '福岡県', '0', NULL, '2015-10-16 13:29:52', '2015-10-16 13:29:52', 0),
(121, 3, 17, 41, '佐賀県', '0', NULL, '2015-10-16 13:29:52', '2015-10-16 13:29:52', 0),
(122, 3, 17, 43, '長崎県', '0', NULL, '2015-10-16 13:29:52', '2015-10-16 13:29:52', 0),
(123, 3, 17, 42, '大分県', '0', NULL, '2015-10-16 13:29:52', '2015-10-16 13:29:52', 0),
(124, 3, 18, 44, '熊本県', '0', NULL, '2015-10-16 13:29:52', '2015-10-16 13:29:52', 0),
(125, 3, 18, 45, '宮崎県', '0', NULL, '2015-10-16 13:29:52', '2015-10-16 13:29:52', 0),
(126, 3, 18, 46, '鹿児島県', '0', NULL, '2015-10-16 13:29:52', '2015-10-16 13:29:52', 0),
(127, 3, 19, 47, '沖縄県', '0', NULL, '2015-10-16 13:29:52', '2015-10-16 13:29:52', 0),
(128, 3, 1, 1, '北海道', '0', NULL, '2015-10-16 13:29:52', '2015-10-16 13:29:52', 0),
(129, 3, 4, 11, '石川県', '0', NULL, '2015-10-16 13:29:52', '2015-10-16 13:29:52', 0),
(130, 3, 4, 12, '富山県', '0', NULL, '2015-10-16 13:29:52', '2015-10-16 13:29:52', 0),
(131, 3, 4, 13, '福井県', '0', NULL, '2015-10-16 13:29:52', '2015-10-16 13:29:52', 0),
(132, 3, 10, 21, '静岡県', '0', NULL, '2015-10-16 13:29:52', '2015-10-16 13:29:52', 0),
(133, 3, 15, 31, '広島県', '0', NULL, '2015-10-16 13:29:52', '2015-10-16 13:29:52', 0),
(134, 3, 15, 32, '岡山県', '0', NULL, '2015-10-16 13:29:52', '2015-10-16 13:29:52', 0),
(135, 3, 15, 33, '鳥取県', '0', NULL, '2015-10-16 13:29:52', '2015-10-16 13:29:52', 0),
(136, 3, 15, 34, '島根県', '0', NULL, '2015-10-16 13:29:52', '2015-10-16 13:29:52', 0),
(137, 3, 15, 35, '山口県', '0', NULL, '2015-10-16 13:29:52', '2015-10-16 13:29:52', 0),
(138, 3, 16, 36, '愛媛県', '0', NULL, '2015-10-16 13:29:52', '2015-10-16 13:29:52', 0),
(139, 3, 16, 37, '香川県', '0', NULL, '2015-10-16 13:29:52', '2015-10-16 13:29:52', 0),
(140, 3, 16, 38, '徳島県', '0', NULL, '2015-10-16 13:29:52', '2015-10-16 13:29:52', 0),
(141, 3, 16, 39, '高知県', '0', NULL, '2015-10-16 13:29:52', '2015-10-16 13:29:52', 0),
(142, 2, 2, 2, '宮城県', '0', NULL, '2015-10-16 13:29:52', '2015-10-16 13:29:52', 0),
(143, 2, 2, 3, '福島県', '0', NULL, '2015-10-16 13:29:52', '2015-10-16 13:29:52', 0),
(144, 2, 2, 7, '山形県', '0', NULL, '2015-10-16 13:29:52', '2015-10-16 13:29:52', 0),
(145, 2, 2, 4, '岩手県', '0', NULL, '2015-10-16 13:29:52', '2015-10-16 13:29:52', 0),
(146, 2, 2, 5, '秋田県', '0', NULL, '2015-10-16 13:29:52', '2015-10-16 13:29:52', 0),
(147, 2, 2, 6, '青森県', '0', NULL, '2015-10-16 13:29:52', '2015-10-16 13:29:52', 0),
(148, 2, 3, 8, '新潟県', '0', NULL, '2015-10-16 13:29:52', '2015-10-16 13:29:52', 0),
(149, 2, 3, 10, '長野県', '0', NULL, '2015-10-16 13:29:52', '2015-10-16 13:29:52', 0),
(150, 2, 3, 9, '山梨県', '0', NULL, '2015-10-16 13:29:52', '2015-10-16 13:29:52', 0),
(151, 2, 6, 17, '群馬県', '0', NULL, '2015-10-16 13:29:52', '2015-10-16 13:29:52', 0),
(152, 2, 5, 15, '栃木県', '0', NULL, '2015-10-16 13:29:52', '2015-10-16 13:29:52', 0),
(153, 2, 5, 14, '茨城県', '0', NULL, '2015-10-16 13:29:52', '2015-10-16 13:29:52', 0),
(154, 2, 8, 19, '東京都', '0', NULL, '2015-10-16 13:29:52', '2015-10-16 13:29:52', 0),
(155, 2, 9, 20, '神奈川県', '0', NULL, '2015-10-16 13:29:52', '2015-10-16 13:29:52', 0),
(156, 2, 6, 16, '埼玉県', '0', NULL, '2015-10-16 13:29:52', '2015-10-16 13:29:52', 0),
(157, 2, 7, 18, '千葉県', '0', NULL, '2015-10-16 13:29:52', '2015-10-16 13:29:52', 0),
(158, 2, 11, 22, '愛知県', '0', NULL, '2015-10-16 13:29:52', '2015-10-16 13:29:52', 0),
(159, 2, 11, 23, '岐阜県', '0', NULL, '2015-10-16 13:29:52', '2015-10-16 13:29:52', 0),
(160, 2, 11, 24, '三重県', '0', NULL, '2015-10-16 13:29:52', '2015-10-16 13:29:52', 0),
(161, 2, 13, 29, '大阪府', '0', NULL, '2015-10-16 13:29:52', '2015-10-16 13:29:52', 0),
(162, 2, 12, 25, '京都府', '0', NULL, '2015-10-16 13:29:52', '2015-10-16 13:29:52', 0),
(163, 2, 14, 30, '兵庫県', '0', NULL, '2015-10-16 13:29:52', '2015-10-16 13:29:52', 0),
(164, 2, 12, 26, '滋賀県', '0', NULL, '2015-10-16 13:29:52', '2015-10-16 13:29:52', 0),
(165, 2, 12, 27, '和歌山県', '0', NULL, '2015-10-16 13:29:52', '2015-10-16 13:29:52', 0),
(166, 2, 12, 28, '奈良県', '0', NULL, '2015-10-16 13:29:52', '2015-10-16 13:29:52', 0),
(167, 2, 17, 40, '福岡県', '0', NULL, '2015-10-16 13:29:52', '2015-10-16 13:29:52', 0),
(168, 2, 17, 41, '佐賀県', '0', NULL, '2015-10-16 13:29:52', '2015-10-16 13:29:52', 0),
(169, 2, 17, 43, '長崎県', '0', NULL, '2015-10-16 13:29:52', '2015-10-16 13:29:52', 0),
(170, 2, 17, 42, '大分県', '0', NULL, '2015-10-16 13:29:52', '2015-10-16 13:29:52', 0),
(171, 2, 18, 44, '熊本県', '0', NULL, '2015-10-16 13:29:52', '2015-10-16 13:29:52', 0),
(172, 2, 18, 45, '宮崎県', '0', NULL, '2015-10-16 13:29:52', '2015-10-16 13:29:52', 0),
(173, 2, 18, 46, '鹿児島県', '0', NULL, '2015-10-16 13:29:52', '2015-10-16 13:29:52', 0),
(174, 2, 19, 47, '沖縄県', '0', NULL, '2015-10-16 13:29:52', '2015-10-16 13:29:52', 0),
(175, 2, 1, 1, '北海道', '0', NULL, '2015-10-16 13:29:52', '2015-10-16 13:29:52', 0),
(176, 2, 4, 11, '石川県', '0', NULL, '2015-10-16 13:29:52', '2015-10-16 13:29:52', 0),
(177, 2, 4, 12, '富山県', '0', NULL, '2015-10-16 13:29:52', '2015-10-16 13:29:52', 0),
(178, 2, 4, 13, '福井県', '0', NULL, '2015-10-16 13:29:52', '2015-10-16 13:29:52', 0),
(179, 2, 10, 21, '静岡県', '0', NULL, '2015-10-16 13:29:52', '2015-10-16 13:29:52', 0),
(180, 2, 15, 31, '広島県', '0', NULL, '2015-10-16 13:29:52', '2015-10-16 13:29:52', 0),
(181, 2, 15, 32, '岡山県', '0', NULL, '2015-10-16 13:29:52', '2015-10-16 13:29:52', 0),
(182, 2, 15, 33, '鳥取県', '0', NULL, '2015-10-16 13:29:52', '2015-10-16 13:29:52', 0),
(183, 2, 15, 34, '島根県', '0', NULL, '2015-10-16 13:29:52', '2015-10-16 13:29:52', 0),
(184, 2, 15, 35, '山口県', '0', NULL, '2015-10-16 13:29:52', '2015-10-16 13:29:52', 0),
(185, 2, 16, 36, '愛媛県', '0', NULL, '2015-10-16 13:29:52', '2015-10-16 13:29:52', 0),
(186, 2, 16, 37, '香川県', '0', NULL, '2015-10-16 13:29:52', '2015-10-16 13:29:52', 0),
(187, 2, 16, 38, '徳島県', '0', NULL, '2015-10-16 13:29:52', '2015-10-16 13:29:52', 0),
(188, 2, 16, 39, '高知県', '0', NULL, '2015-10-16 13:29:52', '2015-10-16 13:29:52', 0);

-- --------------------------------------------------------

--
-- テーブルの構造 `area_second`
--

CREATE TABLE IF NOT EXISTS `area_second` (
  `area_second_id` smallint(6) NOT NULL AUTO_INCREMENT COMMENT '第２エリアID',
  `area_first_id` smallint(6) NOT NULL COMMENT '第１エリアID',
  `area_second_name` varchar(50) NOT NULL COMMENT '第２エリア名',
  `delivery` char(1) NOT NULL COMMENT 'デリバリー : 0：通常、1：デリバリー',
  `rank` smallint(6) DEFAULT NULL COMMENT 'ランク順',
  `regist_date` datetime NOT NULL COMMENT '登録日時',
  `update_date` datetime NOT NULL COMMENT '変更日時',
  `delete_flg` tinyint(4) NOT NULL DEFAULT '0' COMMENT '削除フラグ : 0：未削除、1：削除済み',
  PRIMARY KEY (`area_second_id`)
) ENGINE=InnoDB  DEFAULT CHARSET=utf8 COMMENT='第２エリアマスター' AUTO_INCREMENT=404 ;

--
-- テーブルのデータをダンプしています `area_second`
--

INSERT INTO `area_second` (`area_second_id`, `area_first_id`, `area_second_name`, `delivery`, `rank`, `regist_date`, `update_date`, `delete_flg`) VALUES
(1, 1, '札幌市', '0', NULL, '2015-10-16 13:30:30', '2015-10-16 13:30:30', 0),
(2, 2, '札幌市', '1', NULL, '2015-10-16 13:30:30', '2015-10-16 13:30:30', 0),
(3, 2, '石狩地方', '1', NULL, '2015-10-16 13:30:30', '2015-10-16 13:30:30', 0),
(4, 2, '函館市', '1', NULL, '2015-10-16 13:30:30', '2015-10-16 13:30:30', 0),
(5, 2, '旭川市', '1', NULL, '2015-10-16 13:30:30', '2015-10-16 13:30:30', 0),
(6, 2, '胆振地方', '1', NULL, '2015-10-16 13:30:30', '2015-10-16 13:30:30', 0),
(7, 2, '網走地方', '1', NULL, '2015-10-16 13:30:30', '2015-10-16 13:30:30', 0),
(8, 2, '帯広市', '1', NULL, '2015-10-16 13:30:30', '2015-10-16 13:30:30', 0),
(9, 2, '根室地方', '1', NULL, '2015-10-16 13:30:30', '2015-10-16 13:30:30', 0),
(10, 2, '釧路地方', '1', NULL, '2015-10-16 13:30:30', '2015-10-16 13:30:30', 0),
(11, 3, '仙台エリア', '0', NULL, '2015-10-16 13:30:30', '2015-10-16 13:30:30', 0),
(12, 4, '郡山エリア', '0', NULL, '2015-10-16 13:30:30', '2015-10-16 13:30:30', 0),
(13, 4, 'いわきエリア', '0', NULL, '2015-10-16 13:30:30', '2015-10-16 13:30:30', 0),
(14, 6, '盛岡エリア', '0', NULL, '2015-10-16 13:30:30', '2015-10-16 13:30:30', 0),
(15, 7, '秋田エリア', '0', NULL, '2015-10-16 13:30:30', '2015-10-16 13:30:30', 0),
(16, 9, '仙台エリア', '1', NULL, '2015-10-16 13:30:30', '2015-10-16 13:30:30', 0),
(17, 9, '仙南エリア', '1', NULL, '2015-10-16 13:30:30', '2015-10-16 13:30:30', 0),
(18, 9, '大崎・県北・黒川郡エリア', '1', NULL, '2015-10-16 13:30:30', '2015-10-16 13:30:30', 0),
(19, 9, '石巻エリア', '1', NULL, '2015-10-16 13:30:30', '2015-10-16 13:30:30', 0),
(20, 9, '気仙沼エリア', '1', NULL, '2015-10-16 13:30:30', '2015-10-16 13:30:30', 0),
(21, 10, '福島エリア', '1', NULL, '2015-10-16 13:30:30', '2015-10-16 13:30:30', 0),
(22, 10, '郡山エリア', '1', NULL, '2015-10-16 13:30:30', '2015-10-16 13:30:30', 0),
(23, 10, 'いわきエリア', '1', NULL, '2015-10-16 13:30:30', '2015-10-16 13:30:30', 0),
(24, 10, '会津エリア', '1', NULL, '2015-10-16 13:30:30', '2015-10-16 13:30:30', 0),
(25, 10, '白河エリア', '1', NULL, '2015-10-16 13:30:30', '2015-10-16 13:30:30', 0),
(26, 10, '相双エリア', '1', NULL, '2015-10-16 13:30:30', '2015-10-16 13:30:30', 0),
(27, 11, '青森エリア', '1', NULL, '2015-10-16 13:30:30', '2015-10-16 13:30:30', 0),
(28, 12, '盛岡エリア', '1', NULL, '2015-10-16 13:30:30', '2015-10-16 13:30:30', 0),
(29, 12, '北上エリア', '1', NULL, '2015-10-16 13:30:30', '2015-10-16 13:30:30', 0),
(30, 12, '一関エリア', '1', NULL, '2015-10-16 13:30:30', '2015-10-16 13:30:30', 0),
(31, 13, '秋田エリア', '1', NULL, '2015-10-16 13:30:30', '2015-10-16 13:30:30', 0),
(32, 14, '山形エリア', '1', NULL, '2015-10-16 13:30:30', '2015-10-16 13:30:30', 0),
(33, 15, '下越', '0', NULL, '2015-10-16 13:30:30', '2015-10-16 13:30:30', 0),
(34, 18, '下越', '1', NULL, '2015-10-16 13:30:30', '2015-10-16 13:30:30', 0),
(35, 18, '中越', '1', NULL, '2015-10-16 13:30:30', '2015-10-16 13:30:30', 0),
(36, 18, '上越', '1', NULL, '2015-10-16 13:30:30', '2015-10-16 13:30:30', 0),
(37, 21, '石川県', '0', NULL, '2015-10-16 13:30:30', '2015-10-16 13:30:30', 0),
(38, 22, '富山県', '0', NULL, '2015-10-16 13:30:30', '2015-10-16 13:30:30', 0),
(39, 23, '福井県', '0', NULL, '2015-10-16 13:30:30', '2015-10-16 13:30:30', 0),
(40, 24, '石川県', '1', NULL, '2015-10-16 13:30:30', '2015-10-16 13:30:30', 0),
(41, 25, '富山県', '1', NULL, '2015-10-16 13:30:30', '2015-10-16 13:30:30', 0),
(42, 26, '福井県', '1', NULL, '2015-10-16 13:30:30', '2015-10-16 13:30:30', 0),
(43, 27, '茨城', '0', NULL, '2015-10-16 13:30:30', '2015-10-16 13:30:30', 0),
(44, 29, '茨城', '1', NULL, '2015-10-16 13:30:30', '2015-10-16 13:30:30', 0),
(45, 30, '栃木', '1', NULL, '2015-10-16 13:30:30', '2015-10-16 13:30:30', 0),
(46, 31, '大宮・さいたま', '0', NULL, '2015-10-16 13:30:30', '2015-10-16 13:30:30', 0),
(47, 31, '川口・蕨・戸田', '0', NULL, '2015-10-16 13:30:30', '2015-10-16 13:30:30', 0),
(48, 31, '越谷・春日部・久喜', '0', NULL, '2015-10-16 13:30:30', '2015-10-16 13:30:30', 0),
(49, 33, '大宮・さいたま', '1', NULL, '2015-10-16 13:30:30', '2015-10-16 13:30:30', 0),
(50, 33, '川口・蕨・戸田', '1', NULL, '2015-10-16 13:30:30', '2015-10-16 13:30:30', 0),
(51, 33, '越谷・春日部・久喜', '1', NULL, '2015-10-16 13:30:30', '2015-10-16 13:30:30', 0),
(52, 33, '川越・所沢・朝霞', '1', NULL, '2015-10-16 13:30:30', '2015-10-16 13:30:30', 0),
(53, 33, '熊谷・本庄', '1', NULL, '2015-10-16 13:30:30', '2015-10-16 13:30:30', 0),
(54, 34, '群馬', '1', NULL, '2015-10-16 13:30:30', '2015-10-16 13:30:30', 0),
(55, 35, '千葉・幕張', '0', NULL, '2015-10-16 13:30:30', '2015-10-16 13:30:30', 0),
(56, 35, '船橋・市川・浦安', '0', NULL, '2015-10-16 13:30:30', '2015-10-16 13:30:30', 0),
(57, 35, '松戸・柏', '0', NULL, '2015-10-16 13:30:30', '2015-10-16 13:30:30', 0),
(58, 35, '市原・君津・房総', '0', NULL, '2015-10-16 13:30:30', '2015-10-16 13:30:30', 0),
(59, 36, '千葉・幕張', '1', NULL, '2015-10-16 13:30:30', '2015-10-16 13:30:30', 0),
(60, 36, '船橋・市川・浦安', '1', NULL, '2015-10-16 13:30:30', '2015-10-16 13:30:30', 0),
(61, 36, '松戸・柏', '1', NULL, '2015-10-16 13:30:30', '2015-10-16 13:30:30', 0),
(62, 36, '成田・北部', '1', NULL, '2015-10-16 13:30:30', '2015-10-16 13:30:30', 0),
(63, 36, '市原・君津・房総', '1', NULL, '2015-10-16 13:30:30', '2015-10-16 13:30:30', 0),
(64, 37, '池袋～大塚～巣鴨', '0', NULL, '2015-10-16 13:30:30', '2015-10-16 13:30:30', 0),
(65, 37, '新宿～新大久保～高田馬場', '0', NULL, '2015-10-16 13:30:30', '2015-10-16 13:30:30', 0),
(66, 37, '恵比寿～渋谷～六本木', '0', NULL, '2015-10-16 13:30:30', '2015-10-16 13:30:30', 0),
(67, 37, '五反田～品川～新橋～蒲田', '0', NULL, '2015-10-16 13:30:30', '2015-10-16 13:30:30', 0),
(68, 37, '日暮里～鶯谷～上野', '0', NULL, '2015-10-16 13:30:30', '2015-10-16 13:30:30', 0),
(69, 37, '神田～錦糸町～小岩', '0', NULL, '2015-10-16 13:30:30', '2015-10-16 13:30:30', 0),
(70, 37, '吉原', '0', NULL, '2015-10-16 13:30:30', '2015-10-16 13:30:30', 0),
(71, 37, '西東京', '0', NULL, '2015-10-16 13:30:30', '2015-10-16 13:30:30', 0),
(72, 38, '池袋～大塚～巣鴨', '1', NULL, '2015-10-16 13:30:30', '2015-10-16 13:30:30', 0),
(73, 38, '新宿～新大久保～高田馬場', '1', NULL, '2015-10-16 13:30:30', '2015-10-16 13:30:30', 0),
(74, 38, '恵比寿～渋谷～六本木', '1', NULL, '2015-10-16 13:30:30', '2015-10-16 13:30:30', 0),
(75, 38, '五反田～品川～新橋～蒲田', '1', NULL, '2015-10-16 13:30:30', '2015-10-16 13:30:30', 0),
(76, 38, '日暮里～鶯谷～上野', '1', NULL, '2015-10-16 13:30:30', '2015-10-16 13:30:30', 0),
(77, 38, '神田～錦糸町～小岩', '1', NULL, '2015-10-16 13:30:30', '2015-10-16 13:30:30', 0),
(78, 38, '西東京', '1', NULL, '2015-10-16 13:30:30', '2015-10-16 13:30:30', 0),
(79, 39, '横浜市', '0', NULL, '2015-10-16 13:30:30', '2015-10-16 13:30:30', 0),
(80, 39, '川崎市', '0', NULL, '2015-10-16 13:30:30', '2015-10-16 13:30:30', 0),
(81, 39, '厚木・大和', '0', NULL, '2015-10-16 13:30:30', '2015-10-16 13:30:30', 0),
(82, 39, '町田・相模原', '0', NULL, '2015-10-16 13:30:30', '2015-10-16 13:30:30', 0),
(83, 40, '横浜市', '1', NULL, '2015-10-16 13:30:30', '2015-10-16 13:30:30', 0),
(84, 40, '川崎市', '1', NULL, '2015-10-16 13:30:30', '2015-10-16 13:30:30', 0),
(85, 40, '平塚・藤沢', '1', NULL, '2015-10-16 13:30:30', '2015-10-16 13:30:30', 0),
(86, 40, '横須賀・三浦', '1', NULL, '2015-10-16 13:30:30', '2015-10-16 13:30:30', 0),
(87, 40, '厚木・大和', '1', NULL, '2015-10-16 13:30:30', '2015-10-16 13:30:30', 0),
(88, 40, '町田・相模原', '1', NULL, '2015-10-16 13:30:30', '2015-10-16 13:30:30', 0),
(89, 40, '小田原・西湘', '1', NULL, '2015-10-16 13:30:30', '2015-10-16 13:30:30', 0),
(90, 41, '静岡中部', '0', NULL, '2015-10-16 13:30:30', '2015-10-16 13:30:30', 0),
(91, 41, '静岡西部', '0', NULL, '2015-10-16 13:30:30', '2015-10-16 13:30:30', 0),
(92, 41, '静岡東部', '0', NULL, '2015-10-16 13:30:30', '2015-10-16 13:30:30', 0),
(93, 42, '静岡中部', '1', NULL, '2015-10-16 13:30:30', '2015-10-16 13:30:30', 0),
(94, 42, '静岡西部', '1', NULL, '2015-10-16 13:30:30', '2015-10-16 13:30:30', 0),
(95, 42, '静岡東部', '1', NULL, '2015-10-16 13:30:30', '2015-10-16 13:30:30', 0),
(96, 43, '名古屋市', '0', NULL, '2015-10-16 13:30:30', '2015-10-16 13:30:30', 0),
(97, 43, '西三河・知多地区', '0', NULL, '2015-10-16 13:30:30', '2015-10-16 13:30:30', 0),
(98, 43, '東三河地区', '0', NULL, '2015-10-16 13:30:30', '2015-10-16 13:30:30', 0),
(99, 43, '尾張地区', '0', NULL, '2015-10-16 13:30:30', '2015-10-16 13:30:30', 0),
(100, 44, '岐阜県', '0', NULL, '2015-10-16 13:30:30', '2015-10-16 13:30:30', 0),
(101, 45, '三重県', '0', NULL, '2015-10-16 13:30:30', '2015-10-16 13:30:30', 0),
(102, 46, '名古屋市', '1', NULL, '2015-10-16 13:30:30', '2015-10-16 13:30:30', 0),
(103, 46, '西三川・知多地区', '1', NULL, '2015-10-16 13:30:30', '2015-10-16 13:30:30', 0),
(104, 46, '東三河地区', '1', NULL, '2015-10-16 13:30:30', '2015-10-16 13:30:30', 0),
(105, 46, '尾張地区', '1', NULL, '2015-10-16 13:30:30', '2015-10-16 13:30:30', 0),
(106, 47, '岐阜県', '1', NULL, '2015-10-16 13:30:30', '2015-10-16 13:30:30', 0),
(107, 48, '三重県', '1', NULL, '2015-10-16 13:30:30', '2015-10-16 13:30:30', 0),
(108, 49, '京都', '0', NULL, '2015-10-16 13:30:30', '2015-10-16 13:30:30', 0),
(109, 50, '雄琴', '0', NULL, '2015-10-16 13:30:30', '2015-10-16 13:30:30', 0),
(110, 51, '和歌山県', '0', NULL, '2015-10-16 13:30:30', '2015-10-16 13:30:30', 0),
(111, 53, '京都', '1', NULL, '2015-10-16 13:30:30', '2015-10-16 13:30:30', 0),
(112, 53, '舞鶴・福知山', '1', NULL, '2015-10-16 13:30:30', '2015-10-16 13:30:30', 0),
(113, 54, '大津', '1', NULL, '2015-10-16 13:30:30', '2015-10-16 13:30:30', 0),
(114, 54, '草津・守山', '1', NULL, '2015-10-16 13:30:30', '2015-10-16 13:30:30', 0),
(115, 54, '彦根・米原・長浜', '1', NULL, '2015-10-16 13:30:30', '2015-10-16 13:30:30', 0),
(116, 55, '和歌山県', '1', NULL, '2015-10-16 13:30:30', '2015-10-16 13:30:30', 0),
(117, 56, '奈良県', '1', NULL, '2015-10-16 13:30:30', '2015-10-16 13:30:30', 0),
(118, 57, '大阪市', '0', NULL, '2015-10-16 13:30:30', '2015-10-16 13:30:30', 0),
(119, 57, '南大阪', '0', NULL, '2015-10-16 13:30:30', '2015-10-16 13:30:30', 0),
(120, 57, '東大阪', '0', NULL, '2015-10-16 13:30:30', '2015-10-16 13:30:30', 0),
(121, 58, '大阪市', '1', NULL, '2015-10-16 13:30:30', '2015-10-16 13:30:30', 0),
(122, 58, '南大阪', '1', NULL, '2015-10-16 13:30:30', '2015-10-16 13:30:30', 0),
(123, 58, '北大阪', '1', NULL, '2015-10-16 13:30:30', '2015-10-16 13:30:30', 0),
(124, 58, '東大阪', '1', NULL, '2015-10-16 13:30:30', '2015-10-16 13:30:30', 0),
(125, 59, '神戸', '0', NULL, '2015-10-16 13:30:30', '2015-10-16 13:30:30', 0),
(126, 59, '阪神', '0', NULL, '2015-10-16 13:30:30', '2015-10-16 13:30:30', 0),
(127, 59, '姫路・加古川・明石', '0', NULL, '2015-10-16 13:30:30', '2015-10-16 13:30:30', 0),
(128, 60, '神戸', '1', NULL, '2015-10-16 13:30:30', '2015-10-16 13:30:30', 0),
(129, 60, '阪神', '1', NULL, '2015-10-16 13:30:30', '2015-10-16 13:30:30', 0),
(130, 60, '姫路・加古川・明石', '1', NULL, '2015-10-16 13:30:30', '2015-10-16 13:30:30', 0),
(131, 61, '広島県', '0', NULL, '2015-10-16 13:30:30', '2015-10-16 13:30:30', 0),
(132, 63, '鳥取県', '0', NULL, '2015-10-16 13:30:30', '2015-10-16 13:30:30', 0),
(133, 64, '島根県', '0', NULL, '2015-10-16 13:30:30', '2015-10-16 13:30:30', 0),
(134, 66, '広島県', '1', NULL, '2015-10-16 13:30:30', '2015-10-16 13:30:30', 0),
(135, 67, '岡山県', '1', NULL, '2015-10-16 13:30:30', '2015-10-16 13:30:30', 0),
(136, 68, '鳥取県', '1', NULL, '2015-10-16 13:30:30', '2015-10-16 13:30:30', 0),
(137, 69, '島根県', '1', NULL, '2015-10-16 13:30:30', '2015-10-16 13:30:30', 0),
(138, 70, '山口県', '1', NULL, '2015-10-16 13:30:30', '2015-10-16 13:30:30', 0),
(139, 71, '愛媛県', '0', NULL, '2015-10-16 13:30:30', '2015-10-16 13:30:30', 0),
(140, 72, '香川県', '0', NULL, '2015-10-16 13:30:30', '2015-10-16 13:30:30', 0),
(141, 73, '徳島県', '0', NULL, '2015-10-16 13:30:30', '2015-10-16 13:30:30', 0),
(142, 74, '高知県', '0', NULL, '2015-10-16 13:30:30', '2015-10-16 13:30:30', 0),
(143, 75, '愛媛県', '1', NULL, '2015-10-16 13:30:30', '2015-10-16 13:30:30', 0),
(144, 76, '香川県', '1', NULL, '2015-10-16 13:30:30', '2015-10-16 13:30:30', 0),
(145, 77, '徳島県', '1', NULL, '2015-10-16 13:30:30', '2015-10-16 13:30:30', 0),
(146, 78, '高知県', '1', NULL, '2015-10-16 13:30:30', '2015-10-16 13:30:30', 0),
(147, 79, '福岡市', '0', NULL, '2015-10-16 13:30:30', '2015-10-16 13:30:30', 0),
(148, 79, '久留米・越後地方', '0', NULL, '2015-10-16 13:30:30', '2015-10-16 13:30:30', 0),
(149, 79, '北九州市', '0', NULL, '2015-10-16 13:30:30', '2015-10-16 13:30:30', 0),
(150, 79, '山口県', '0', NULL, '2015-10-16 13:30:30', '2015-10-16 13:30:30', 0),
(151, 80, '佐賀県', '0', NULL, '2015-10-16 13:30:30', '2015-10-16 13:30:30', 0),
(152, 81, '大分県', '0', NULL, '2015-10-16 13:30:30', '2015-10-16 13:30:30', 0),
(153, 83, '福岡市', '1', NULL, '2015-10-16 13:30:30', '2015-10-16 13:30:30', 0),
(154, 83, '久留米・越後地方', '1', NULL, '2015-10-16 13:30:30', '2015-10-16 13:30:30', 0),
(155, 83, '北九州市', '1', NULL, '2015-10-16 13:30:30', '2015-10-16 13:30:30', 0),
(156, 83, '筑豊地方', '1', NULL, '2015-10-16 13:30:30', '2015-10-16 13:30:30', 0),
(157, 84, '佐賀県', '1', NULL, '2015-10-16 13:30:30', '2015-10-16 13:30:30', 0),
(158, 85, '大分県', '1', NULL, '2015-10-16 13:30:30', '2015-10-16 13:30:30', 0),
(159, 86, '長崎県', '1', NULL, '2015-10-16 13:30:30', '2015-10-16 13:30:30', 0),
(160, 87, '熊本県', '0', NULL, '2015-10-16 13:30:30', '2015-10-16 13:30:30', 0),
(161, 88, '宮崎県', '0', NULL, '2015-10-16 13:30:30', '2015-10-16 13:30:30', 0),
(162, 89, '鹿児島県', '0', NULL, '2015-10-16 13:30:30', '2015-10-16 13:30:30', 0),
(163, 90, '熊本県', '1', NULL, '2015-10-16 13:30:30', '2015-10-16 13:30:30', 0),
(164, 91, '宮崎県', '1', NULL, '2015-10-16 13:30:30', '2015-10-16 13:30:30', 0),
(165, 92, '鹿児島県', '1', NULL, '2015-10-16 13:30:30', '2015-10-16 13:30:30', 0),
(166, 93, '沖縄県', '0', NULL, '2015-10-16 13:30:30', '2015-10-16 13:30:30', 0),
(167, 94, '沖縄県', '1', NULL, '2015-10-16 13:30:30', '2015-10-16 13:30:30', 0),
(168, 95, '宮城県', '0', NULL, '2015-10-16 13:30:30', '2015-10-16 13:30:30', 0),
(169, 96, '福島県', '0', NULL, '2015-10-16 13:30:30', '2015-10-16 13:30:30', 0),
(170, 97, '山形県', '0', NULL, '2015-10-16 13:30:30', '2015-10-16 13:30:30', 0),
(171, 98, '岩手県', '0', NULL, '2015-10-16 13:30:30', '2015-10-16 13:30:30', 0),
(172, 99, '秋田県', '0', NULL, '2015-10-16 13:30:30', '2015-10-16 13:30:30', 0),
(173, 100, '青森県', '0', NULL, '2015-10-16 13:30:30', '2015-10-16 13:30:30', 0),
(174, 101, '新潟県', '0', NULL, '2015-10-16 13:30:30', '2015-10-16 13:30:30', 0),
(175, 102, '長野県', '0', NULL, '2015-10-16 13:30:30', '2015-10-16 13:30:30', 0),
(176, 103, '山梨県', '0', NULL, '2015-10-16 13:30:30', '2015-10-16 13:30:30', 0),
(177, 104, '群馬県', '0', NULL, '2015-10-16 13:30:30', '2015-10-16 13:30:30', 0),
(178, 105, '栃木県', '0', NULL, '2015-10-16 13:30:30', '2015-10-16 13:30:30', 0),
(179, 106, '茨城県', '0', NULL, '2015-10-16 13:30:30', '2015-10-16 13:30:30', 0),
(180, 107, '新宿エリア', '0', NULL, '2015-10-16 13:30:30', '2015-10-16 13:30:30', 0),
(181, 107, '池袋エリア', '0', NULL, '2015-10-16 13:30:30', '2015-10-16 13:30:30', 0),
(182, 107, '渋谷/恵比寿エリア', '0', NULL, '2015-10-16 13:30:30', '2015-10-16 13:30:30', 0),
(183, 107, '六本木エリア', '0', NULL, '2015-10-16 13:30:30', '2015-10-16 13:30:30', 0),
(184, 107, '赤坂エリア', '0', NULL, '2015-10-16 13:30:30', '2015-10-16 13:30:30', 0),
(185, 107, '銀座/新橋エリア', '0', NULL, '2015-10-16 13:30:30', '2015-10-16 13:30:30', 0),
(186, 107, '東京/日本橋エリア', '0', NULL, '2015-10-16 13:30:30', '2015-10-16 13:30:30', 0),
(187, 107, '四ツ谷/市ヶ谷/飯田橋', '0', NULL, '2015-10-16 13:30:30', '2015-10-16 13:30:30', 0),
(188, 107, '秋葉原/神田', '0', NULL, '2015-10-16 13:30:30', '2015-10-16 13:30:30', 0),
(189, 107, '上野/浅草/日暮里', '0', NULL, '2015-10-16 13:30:30', '2015-10-16 13:30:30', 0),
(190, 107, '両国/錦糸町/小岩', '0', NULL, '2015-10-16 13:30:30', '2015-10-16 13:30:30', 0),
(191, 107, '葛西/江東区エリア', '0', NULL, '2015-10-16 13:30:30', '2015-10-16 13:30:30', 0),
(192, 107, '浜松町/田町/品川', '0', NULL, '2015-10-16 13:30:30', '2015-10-16 13:30:30', 0),
(193, 107, '大井/蒲田', '0', NULL, '2015-10-16 13:30:30', '2015-10-16 13:30:30', 0),
(194, 107, '目黒/白金/五反田', '0', NULL, '2015-10-16 13:30:30', '2015-10-16 13:30:30', 0),
(195, 107, '東急沿線', '0', NULL, '2015-10-16 13:30:30', '2015-10-16 13:30:30', 0),
(196, 107, '京玉/小田急沿線', '0', NULL, '2015-10-16 13:30:30', '2015-10-16 13:30:30', 0),
(197, 107, '中野/西荻窪エリア', '0', NULL, '2015-10-16 13:30:30', '2015-10-16 13:30:30', 0),
(198, 107, '吉祥寺/三鷹/武蔵境', '0', NULL, '2015-10-16 13:30:30', '2015-10-16 13:30:30', 0),
(199, 107, '板橋／東武沿線', '0', NULL, '2015-10-16 13:30:30', '2015-10-16 13:30:30', 0),
(200, 107, '大塚/巣鴨/駒込/赤羽', '0', NULL, '2015-10-16 13:30:30', '2015-10-16 13:30:30', 0),
(201, 107, '千住/綾瀬/葛飾', '0', NULL, '2015-10-16 13:30:30', '2015-10-16 13:30:30', 0),
(202, 107, '小金井/国分寺/国立', '0', NULL, '2015-10-16 13:30:30', '2015-10-16 13:30:30', 0),
(203, 107, '調布/府中', '0', NULL, '2015-10-16 13:30:30', '2015-10-16 13:30:30', 0),
(204, 107, '町田/多摩', '0', NULL, '2015-10-16 13:30:30', '2015-10-16 13:30:30', 0),
(205, 107, '西東京市エリア', '0', NULL, '2015-10-16 13:30:30', '2015-10-16 13:30:30', 0),
(206, 107, '立川市/八王子市エリア', '0', NULL, '2015-10-16 13:30:30', '2015-10-16 13:30:30', 0),
(207, 108, '横浜市（市街地)', '0', NULL, '2015-10-16 13:30:30', '2015-10-16 13:30:30', 0),
(208, 108, '横浜市（北部・東部)', '0', NULL, '2015-10-16 13:30:30', '2015-10-16 13:30:30', 0),
(209, 108, '横浜市（南部・西部)', '0', NULL, '2015-10-16 13:30:30', '2015-10-16 13:30:30', 0),
(210, 108, '鎌倉/湘南', '0', NULL, '2015-10-16 13:30:30', '2015-10-16 13:30:30', 0),
(211, 108, '川崎市', '0', NULL, '2015-10-16 13:30:30', '2015-10-16 13:30:30', 0),
(212, 108, '相模原/大和エリア', '0', NULL, '2015-10-16 13:30:30', '2015-10-16 13:30:30', 0),
(213, 108, '海老名/厚木周辺', '0', NULL, '2015-10-16 13:30:30', '2015-10-16 13:30:30', 0),
(214, 108, '小田原エリア', '0', NULL, '2015-10-16 13:30:30', '2015-10-16 13:30:30', 0),
(215, 109, 'さいたま市', '0', NULL, '2015-10-16 13:30:30', '2015-10-16 13:30:30', 0),
(216, 109, '川口/越谷/春日部/三郷', '0', NULL, '2015-10-16 13:30:30', '2015-10-16 13:30:30', 0),
(217, 109, '和光/新座/志木/川越', '0', NULL, '2015-10-16 13:30:30', '2015-10-16 13:30:30', 0),
(218, 109, '上尾/久喜/行田', '0', NULL, '2015-10-16 13:30:30', '2015-10-16 13:30:30', 0),
(219, 109, '熊谷/本庄/東松山/寄居', '0', NULL, '2015-10-16 13:30:30', '2015-10-16 13:30:30', 0),
(220, 109, '所沢/飯能', '0', NULL, '2015-10-16 13:30:30', '2015-10-16 13:30:30', 0),
(221, 110, '千葉市', '0', NULL, '2015-10-16 13:30:30', '2015-10-16 13:30:30', 0),
(222, 110, '津田沼/船橋/市川/浦安', '0', NULL, '2015-10-16 13:30:30', '2015-10-16 13:30:30', 0),
(223, 110, '柏/松戸', '0', NULL, '2015-10-16 13:30:30', '2015-10-16 13:30:30', 0),
(224, 110, '成田/佐倉/佐原', '0', NULL, '2015-10-16 13:30:30', '2015-10-16 13:30:30', 0),
(225, 110, '市原/木更津/富津', '0', NULL, '2015-10-16 13:30:30', '2015-10-16 13:30:30', 0),
(226, 111, '名古屋', '0', NULL, '2015-10-16 13:30:30', '2015-10-16 13:30:30', 0),
(227, 111, '一宮/稲沢～弥富', '0', NULL, '2015-10-16 13:30:30', '2015-10-16 13:30:30', 0),
(228, 111, '春日井/小牧/犬山/北名古屋', '0', NULL, '2015-10-16 13:30:30', '2015-10-16 13:30:30', 0),
(229, 111, '尾張旭/瀬戸/長久手/日進', '0', NULL, '2015-10-16 13:30:30', '2015-10-16 13:30:30', 0),
(230, 111, '豊田/岡崎', '0', NULL, '2015-10-16 13:30:30', '2015-10-16 13:30:30', 0),
(231, 111, '安城/刈谷/知立', '0', NULL, '2015-10-16 13:30:30', '2015-10-16 13:30:30', 0),
(232, 111, '半田/東浦/知多/東海市', '0', NULL, '2015-10-16 13:30:30', '2015-10-16 13:30:30', 0),
(233, 111, '豊橋/豊川/蒲郡', '0', NULL, '2015-10-16 13:30:30', '2015-10-16 13:30:30', 0),
(234, 112, '岐阜県', '0', NULL, '2015-10-16 13:30:30', '2015-10-16 13:30:30', 0),
(235, 113, '三重県', '0', NULL, '2015-10-16 13:30:30', '2015-10-16 13:30:30', 0),
(236, 114, 'キタ', '0', NULL, '2015-10-16 13:30:30', '2015-10-16 13:30:30', 0),
(237, 114, 'ミナミ', '0', NULL, '2015-10-16 13:30:30', '2015-10-16 13:30:30', 0),
(238, 114, '淀川', '0', NULL, '2015-10-16 13:30:30', '2015-10-16 13:30:30', 0),
(239, 114, '北大阪', '0', NULL, '2015-10-16 13:30:30', '2015-10-16 13:30:30', 0),
(240, 114, '京橋', '0', NULL, '2015-10-16 13:30:30', '2015-10-16 13:30:30', 0),
(241, 114, '京阪', '0', NULL, '2015-10-16 13:30:30', '2015-10-16 13:30:30', 0),
(242, 114, '東大阪', '0', NULL, '2015-10-16 13:30:30', '2015-10-16 13:30:30', 0),
(243, 114, '南大阪', '0', NULL, '2015-10-16 13:30:30', '2015-10-16 13:30:30', 0),
(244, 115, '京都府', '0', NULL, '2015-10-16 13:30:30', '2015-10-16 13:30:30', 0),
(245, 116, '兵庫県', '0', NULL, '2015-10-16 13:30:30', '2015-10-16 13:30:30', 0),
(246, 117, '滋賀県', '0', NULL, '2015-10-16 13:30:30', '2015-10-16 13:30:30', 0),
(247, 118, '和歌山県', '0', NULL, '2015-10-16 13:30:30', '2015-10-16 13:30:30', 0),
(248, 119, '奈良県', '0', NULL, '2015-10-16 13:30:30', '2015-10-16 13:30:30', 0),
(249, 120, '福岡市博多区', '0', NULL, '2015-10-16 13:30:30', '2015-10-16 13:30:30', 0),
(250, 120, '福岡市中央区', '0', NULL, '2015-10-16 13:30:30', '2015-10-16 13:30:30', 0),
(251, 120, '福岡市南区', '0', NULL, '2015-10-16 13:30:30', '2015-10-16 13:30:30', 0),
(252, 120, '福岡市早良区', '0', NULL, '2015-10-16 13:30:30', '2015-10-16 13:30:30', 0),
(253, 120, '飯塚市', '0', NULL, '2015-10-16 13:30:30', '2015-10-16 13:30:30', 0),
(254, 120, '田川市', '0', NULL, '2015-10-16 13:30:30', '2015-10-16 13:30:30', 0),
(255, 121, '佐賀県', '0', NULL, '2015-10-16 13:30:30', '2015-10-16 13:30:30', 0),
(256, 122, '長崎市', '0', NULL, '2015-10-16 13:30:30', '2015-10-16 13:30:30', 0),
(257, 122, '佐世保市', '0', NULL, '2015-10-16 13:30:30', '2015-10-16 13:30:30', 0),
(258, 122, '長崎その他', '0', NULL, '2015-10-16 13:30:30', '2015-10-16 13:30:30', 0),
(259, 123, '大分県', '0', NULL, '2015-10-16 13:30:30', '2015-10-16 13:30:30', 0),
(260, 124, '熊本市', '0', NULL, '2015-10-16 13:30:30', '2015-10-16 13:30:30', 0),
(261, 125, '宮崎市', '0', NULL, '2015-10-16 13:30:30', '2015-10-16 13:30:30', 0),
(262, 126, '鹿児島県', '0', NULL, '2015-10-16 13:30:30', '2015-10-16 13:30:30', 0),
(263, 127, '那覇エリア', '0', NULL, '2015-10-16 13:30:30', '2015-10-16 13:30:30', 0),
(264, 127, '中部エリア', '0', NULL, '2015-10-16 13:30:30', '2015-10-16 13:30:30', 0),
(265, 128, '札幌市', '0', NULL, '2015-10-16 13:30:30', '2015-10-16 13:30:30', 0),
(266, 128, '千歳市', '0', NULL, '2015-10-16 13:30:30', '2015-10-16 13:30:30', 0),
(267, 128, '旭川市', '0', NULL, '2015-10-16 13:30:30', '2015-10-16 13:30:30', 0),
(268, 128, '函館市', '0', NULL, '2015-10-16 13:30:30', '2015-10-16 13:30:30', 0),
(269, 128, '帯広市', '0', NULL, '2015-10-16 13:30:30', '2015-10-16 13:30:30', 0),
(270, 128, '釧路市', '0', NULL, '2015-10-16 13:30:30', '2015-10-16 13:30:30', 0),
(271, 129, '石川県', '0', NULL, '2015-10-16 13:30:30', '2015-10-16 13:30:30', 0),
(272, 130, '富山県', '0', NULL, '2015-10-16 13:30:30', '2015-10-16 13:30:30', 0),
(273, 131, '福井県', '0', NULL, '2015-10-16 13:30:30', '2015-10-16 13:30:30', 0),
(274, 132, '静岡西部', '0', NULL, '2015-10-16 13:30:30', '2015-10-16 13:30:30', 0),
(275, 132, '静岡中部', '0', NULL, '2015-10-16 13:30:30', '2015-10-16 13:30:30', 0),
(276, 132, '静岡東部', '0', NULL, '2015-10-16 13:30:30', '2015-10-16 13:30:30', 0),
(277, 133, '広島県', '0', NULL, '2015-10-16 13:30:30', '2015-10-16 13:30:30', 0),
(278, 134, '岡山県', '0', NULL, '2015-10-16 13:30:30', '2015-10-16 13:30:30', 0),
(279, 135, '鳥取県', '0', NULL, '2015-10-16 13:30:30', '2015-10-16 13:30:30', 0),
(280, 136, '島根県', '0', NULL, '2015-10-16 13:30:30', '2015-10-16 13:30:30', 0),
(281, 137, '山口県', '0', NULL, '2015-10-16 13:30:30', '2015-10-16 13:30:30', 0),
(282, 138, '愛媛県', '0', NULL, '2015-10-16 13:30:30', '2015-10-16 13:30:30', 0),
(283, 139, '香川県', '0', NULL, '2015-10-16 13:30:30', '2015-10-16 13:30:30', 0),
(284, 140, '徳島県', '0', NULL, '2015-10-16 13:30:30', '2015-10-16 13:30:30', 0),
(285, 141, '高知県', '0', NULL, '2015-10-16 13:30:30', '2015-10-16 13:30:30', 0),
(286, 142, '宮城県', '0', NULL, '2015-10-16 13:30:30', '2015-10-16 13:30:30', 0),
(287, 143, '福島県', '0', NULL, '2015-10-16 13:30:30', '2015-10-16 13:30:30', 0),
(288, 144, '山形県', '0', NULL, '2015-10-16 13:30:30', '2015-10-16 13:30:30', 0),
(289, 145, '岩手県', '0', NULL, '2015-10-16 13:30:30', '2015-10-16 13:30:30', 0),
(290, 146, '秋田県', '0', NULL, '2015-10-16 13:30:30', '2015-10-16 13:30:30', 0),
(291, 147, '青森県', '0', NULL, '2015-10-16 13:30:30', '2015-10-16 13:30:30', 0),
(292, 148, '新潟県', '0', NULL, '2015-10-16 13:30:30', '2015-10-16 13:30:30', 0),
(293, 149, '長野県', '0', NULL, '2015-10-16 13:30:30', '2015-10-16 13:30:30', 0),
(294, 150, '山梨県', '0', NULL, '2015-10-16 13:30:30', '2015-10-16 13:30:30', 0),
(295, 151, '群馬県', '0', NULL, '2015-10-16 13:30:30', '2015-10-16 13:30:30', 0),
(296, 152, '栃木県', '0', NULL, '2015-10-16 13:30:30', '2015-10-16 13:30:30', 0),
(297, 153, '茨城県', '0', NULL, '2015-10-16 13:30:30', '2015-10-16 13:30:30', 0),
(298, 154, '新宿エリア', '0', NULL, '2015-10-16 13:30:30', '2015-10-16 13:30:30', 0),
(299, 154, '池袋エリア', '0', NULL, '2015-10-16 13:30:30', '2015-10-16 13:30:30', 0),
(300, 154, '渋谷/恵比寿エリア', '0', NULL, '2015-10-16 13:30:30', '2015-10-16 13:30:30', 0),
(301, 154, '六本木エリア', '0', NULL, '2015-10-16 13:30:30', '2015-10-16 13:30:30', 0),
(302, 154, '赤坂エリア', '0', NULL, '2015-10-16 13:30:30', '2015-10-16 13:30:30', 0),
(303, 154, '銀座/新橋エリア', '0', NULL, '2015-10-16 13:30:30', '2015-10-16 13:30:30', 0),
(304, 154, '東京/日本橋エリア', '0', NULL, '2015-10-16 13:30:30', '2015-10-16 13:30:30', 0),
(305, 154, '四ツ谷/市ヶ谷/飯田橋', '0', NULL, '2015-10-16 13:30:30', '2015-10-16 13:30:30', 0),
(306, 154, '秋葉原/神田', '0', NULL, '2015-10-16 13:30:30', '2015-10-16 13:30:30', 0),
(307, 154, '上野/浅草/日暮里', '0', NULL, '2015-10-16 13:30:30', '2015-10-16 13:30:30', 0),
(308, 154, '両国/錦糸町/小岩', '0', NULL, '2015-10-16 13:30:30', '2015-10-16 13:30:30', 0),
(309, 154, '葛西/江東区エリア', '0', NULL, '2015-10-16 13:30:30', '2015-10-16 13:30:30', 0),
(310, 154, '浜松町/田町/品川', '0', NULL, '2015-10-16 13:30:30', '2015-10-16 13:30:30', 0),
(311, 154, '大井/蒲田', '0', NULL, '2015-10-16 13:30:30', '2015-10-16 13:30:30', 0),
(312, 154, '目黒/白金/五反田', '0', NULL, '2015-10-16 13:30:30', '2015-10-16 13:30:30', 0),
(313, 154, '東急沿線', '0', NULL, '2015-10-16 13:30:30', '2015-10-16 13:30:30', 0),
(314, 154, '京玉/小田急沿線', '0', NULL, '2015-10-16 13:30:30', '2015-10-16 13:30:30', 0),
(315, 154, '中野/西荻窪エリア', '0', NULL, '2015-10-16 13:30:30', '2015-10-16 13:30:30', 0),
(316, 154, '吉祥寺/三鷹/武蔵境', '0', NULL, '2015-10-16 13:30:30', '2015-10-16 13:30:30', 0),
(317, 154, '板橋／東武沿線', '0', NULL, '2015-10-16 13:30:30', '2015-10-16 13:30:30', 0),
(318, 154, '大塚/巣鴨/駒込/赤羽', '0', NULL, '2015-10-16 13:30:30', '2015-10-16 13:30:30', 0),
(319, 154, '千住/綾瀬/葛飾', '0', NULL, '2015-10-16 13:30:30', '2015-10-16 13:30:30', 0),
(320, 154, '小金井/国分寺/国立', '0', NULL, '2015-10-16 13:30:30', '2015-10-16 13:30:30', 0),
(321, 154, '調布/府中', '0', NULL, '2015-10-16 13:30:30', '2015-10-16 13:30:30', 0),
(322, 154, '町田/多摩', '0', NULL, '2015-10-16 13:30:30', '2015-10-16 13:30:30', 0),
(323, 154, '西東京市エリア', '0', NULL, '2015-10-16 13:30:30', '2015-10-16 13:30:30', 0),
(324, 154, '立川市/八王子市エリア', '0', NULL, '2015-10-16 13:30:30', '2015-10-16 13:30:30', 0),
(325, 155, '横浜市（市街地)', '0', NULL, '2015-10-16 13:30:30', '2015-10-16 13:30:30', 0),
(326, 155, '横浜市（北部・東部)', '0', NULL, '2015-10-16 13:30:30', '2015-10-16 13:30:30', 0),
(327, 155, '横浜市（南部・西部)', '0', NULL, '2015-10-16 13:30:30', '2015-10-16 13:30:30', 0),
(328, 155, '鎌倉/湘南', '0', NULL, '2015-10-16 13:30:30', '2015-10-16 13:30:30', 0),
(329, 155, '川崎市', '0', NULL, '2015-10-16 13:30:30', '2015-10-16 13:30:30', 0),
(330, 155, '相模原/大和エリア', '0', NULL, '2015-10-16 13:30:30', '2015-10-16 13:30:30', 0),
(331, 155, '海老名/厚木周辺', '0', NULL, '2015-10-16 13:30:30', '2015-10-16 13:30:30', 0),
(332, 155, '小田原エリア', '0', NULL, '2015-10-16 13:30:30', '2015-10-16 13:30:30', 0),
(333, 156, 'さいたま市', '0', NULL, '2015-10-16 13:30:30', '2015-10-16 13:30:30', 0),
(334, 156, '川口/越谷/春日部/三郷', '0', NULL, '2015-10-16 13:30:30', '2015-10-16 13:30:30', 0),
(335, 156, '和光/新座/志木/川越', '0', NULL, '2015-10-16 13:30:30', '2015-10-16 13:30:30', 0),
(336, 156, '上尾/久喜/行田', '0', NULL, '2015-10-16 13:30:30', '2015-10-16 13:30:30', 0),
(337, 156, '熊谷/本庄/東松山/寄居', '0', NULL, '2015-10-16 13:30:30', '2015-10-16 13:30:30', 0),
(338, 156, '所沢/飯能', '0', NULL, '2015-10-16 13:30:30', '2015-10-16 13:30:30', 0),
(339, 157, '千葉市', '0', NULL, '2015-10-16 13:30:30', '2015-10-16 13:30:30', 0),
(340, 157, '津田沼/船橋/市川/浦安', '0', NULL, '2015-10-16 13:30:30', '2015-10-16 13:30:30', 0),
(341, 157, '柏/松戸', '0', NULL, '2015-10-16 13:30:30', '2015-10-16 13:30:30', 0),
(342, 157, '成田/佐倉/佐原', '0', NULL, '2015-10-16 13:30:30', '2015-10-16 13:30:30', 0),
(343, 157, '市原/木更津/富津', '0', NULL, '2015-10-16 13:30:30', '2015-10-16 13:30:30', 0),
(344, 158, '名古屋', '0', NULL, '2015-10-16 13:30:30', '2015-10-16 13:30:30', 0),
(345, 158, '一宮/稲沢～弥富', '0', NULL, '2015-10-16 13:30:30', '2015-10-16 13:30:30', 0),
(346, 158, '春日井/小牧/犬山/北名古屋', '0', NULL, '2015-10-16 13:30:30', '2015-10-16 13:30:30', 0),
(347, 158, '尾張旭/瀬戸/長久手/日進', '0', NULL, '2015-10-16 13:30:30', '2015-10-16 13:30:30', 0),
(348, 158, '豊田/岡崎', '0', NULL, '2015-10-16 13:30:30', '2015-10-16 13:30:30', 0),
(349, 158, '安城/刈谷/知立', '0', NULL, '2015-10-16 13:30:30', '2015-10-16 13:30:30', 0),
(350, 158, '半田/東浦/知多/東海市', '0', NULL, '2015-10-16 13:30:30', '2015-10-16 13:30:30', 0),
(351, 158, '豊橋/豊川/蒲郡', '0', NULL, '2015-10-16 13:30:30', '2015-10-16 13:30:30', 0),
(352, 159, '岐阜県', '0', NULL, '2015-10-16 13:30:30', '2015-10-16 13:30:30', 0),
(353, 160, '三重県', '0', NULL, '2015-10-16 13:30:30', '2015-10-16 13:30:30', 0),
(354, 161, 'キタ', '0', NULL, '2015-10-16 13:30:30', '2015-10-16 13:30:30', 0),
(355, 161, 'ミナミ', '0', NULL, '2015-10-16 13:30:30', '2015-10-16 13:30:30', 0),
(356, 161, '淀川', '0', NULL, '2015-10-16 13:30:30', '2015-10-16 13:30:30', 0),
(357, 161, '北大阪', '0', NULL, '2015-10-16 13:30:30', '2015-10-16 13:30:30', 0),
(358, 161, '京橋', '0', NULL, '2015-10-16 13:30:30', '2015-10-16 13:30:30', 0),
(359, 161, '京阪', '0', NULL, '2015-10-16 13:30:30', '2015-10-16 13:30:30', 0),
(360, 161, '東大阪', '0', NULL, '2015-10-16 13:30:30', '2015-10-16 13:30:30', 0),
(361, 161, '南大阪', '0', NULL, '2015-10-16 13:30:30', '2015-10-16 13:30:30', 0),
(362, 162, '京都府', '0', NULL, '2015-10-16 13:30:30', '2015-10-16 13:30:30', 0),
(363, 163, '兵庫県', '0', NULL, '2015-10-16 13:30:30', '2015-10-16 13:30:30', 0),
(364, 164, '滋賀県', '0', NULL, '2015-10-16 13:30:30', '2015-10-16 13:30:30', 0),
(365, 165, '和歌山県', '0', NULL, '2015-10-16 13:30:30', '2015-10-16 13:30:30', 0),
(366, 166, '奈良県', '0', NULL, '2015-10-16 13:30:30', '2015-10-16 13:30:30', 0),
(367, 167, '福岡市博多区', '0', NULL, '2015-10-16 13:30:30', '2015-10-16 13:30:30', 0),
(368, 167, '福岡市中央区', '0', NULL, '2015-10-16 13:30:30', '2015-10-16 13:30:30', 0),
(369, 167, '福岡市南区', '0', NULL, '2015-10-16 13:30:30', '2015-10-16 13:30:30', 0),
(370, 167, '福岡市早良区', '0', NULL, '2015-10-16 13:30:30', '2015-10-16 13:30:30', 0),
(371, 167, '飯塚市', '0', NULL, '2015-10-16 13:30:30', '2015-10-16 13:30:30', 0),
(372, 167, '田川市', '0', NULL, '2015-10-16 13:30:30', '2015-10-16 13:30:30', 0),
(373, 168, '佐賀県', '0', NULL, '2015-10-16 13:30:30', '2015-10-16 13:30:30', 0),
(374, 169, '長崎市', '0', NULL, '2015-10-16 13:30:30', '2015-10-16 13:30:30', 0),
(375, 169, '佐世保市', '0', NULL, '2015-10-16 13:30:30', '2015-10-16 13:30:30', 0),
(376, 169, '長崎その他', '0', NULL, '2015-10-16 13:30:30', '2015-10-16 13:30:30', 0),
(377, 170, '大分県', '0', NULL, '2015-10-16 13:30:30', '2015-10-16 13:30:30', 0),
(378, 171, '熊本市', '0', NULL, '2015-10-16 13:30:30', '2015-10-16 13:30:30', 0),
(379, 172, '宮崎市', '0', NULL, '2015-10-16 13:30:30', '2015-10-16 13:30:30', 0),
(380, 173, '鹿児島県', '0', NULL, '2015-10-16 13:30:30', '2015-10-16 13:30:30', 0),
(381, 174, '那覇エリア', '0', NULL, '2015-10-16 13:30:30', '2015-10-16 13:30:30', 0),
(382, 174, '中部エリア', '0', NULL, '2015-10-16 13:30:30', '2015-10-16 13:30:30', 0),
(383, 175, '札幌市', '0', NULL, '2015-10-16 13:30:30', '2015-10-16 13:30:30', 0),
(384, 175, '千歳市', '0', NULL, '2015-10-16 13:30:30', '2015-10-16 13:30:30', 0),
(385, 175, '旭川市', '0', NULL, '2015-10-16 13:30:30', '2015-10-16 13:30:30', 0),
(386, 175, '函館市', '0', NULL, '2015-10-16 13:30:30', '2015-10-16 13:30:30', 0),
(387, 175, '帯広市', '0', NULL, '2015-10-16 13:30:30', '2015-10-16 13:30:30', 0),
(388, 175, '釧路市', '0', NULL, '2015-10-16 13:30:30', '2015-10-16 13:30:30', 0),
(389, 176, '石川県', '0', NULL, '2015-10-16 13:30:30', '2015-10-16 13:30:30', 0),
(390, 177, '富山県', '0', NULL, '2015-10-16 13:30:30', '2015-10-16 13:30:30', 0),
(391, 178, '福井県', '0', NULL, '2015-10-16 13:30:30', '2015-10-16 13:30:30', 0),
(392, 179, '静岡西部', '0', NULL, '2015-10-16 13:30:30', '2015-10-16 13:30:30', 0),
(393, 179, '静岡中部', '0', NULL, '2015-10-16 13:30:30', '2015-10-16 13:30:30', 0),
(394, 179, '静岡東部', '0', NULL, '2015-10-16 13:30:30', '2015-10-16 13:30:30', 0),
(395, 180, '広島県', '0', NULL, '2015-10-16 13:30:30', '2015-10-16 13:30:30', 0),
(396, 181, '岡山県', '0', NULL, '2015-10-16 13:30:30', '2015-10-16 13:30:30', 0),
(397, 182, '鳥取県', '0', NULL, '2015-10-16 13:30:30', '2015-10-16 13:30:30', 0),
(398, 183, '島根県', '0', NULL, '2015-10-16 13:30:30', '2015-10-16 13:30:30', 0),
(399, 184, '山口県', '0', NULL, '2015-10-16 13:30:30', '2015-10-16 13:30:30', 0),
(400, 185, '愛媛県', '0', NULL, '2015-10-16 13:30:30', '2015-10-16 13:30:30', 0),
(401, 186, '香川県', '0', NULL, '2015-10-16 13:30:30', '2015-10-16 13:30:30', 0),
(402, 187, '徳島県', '0', NULL, '2015-10-16 13:30:30', '2015-10-16 13:30:30', 0),
(403, 188, '高知県', '0', NULL, '2015-10-16 13:30:30', '2015-10-16 13:30:30', 0);

-- --------------------------------------------------------

--
-- テーブルの構造 `area_third`
--

CREATE TABLE IF NOT EXISTS `area_third` (
  `area_third_id` smallint(6) NOT NULL AUTO_INCREMENT COMMENT '第３エリアID',
  `area_second_id` smallint(6) NOT NULL COMMENT '第２エリアID',
  `area_third_name` varchar(50) NOT NULL COMMENT '第３エリア名',
  `rank` smallint(6) DEFAULT NULL COMMENT 'ランク順',
  `regist_date` datetime NOT NULL COMMENT '登録日時',
  `update_date` datetime NOT NULL COMMENT '変更日時',
  `delete_flg` tinyint(4) NOT NULL DEFAULT '0' COMMENT '削除フラグ : 0：未削除、1：削除済み',
  PRIMARY KEY (`area_third_id`)
) ENGINE=InnoDB  DEFAULT CHARSET=utf8 COMMENT='第３エリアマスター' AUTO_INCREMENT=992 ;

--
-- テーブルのデータをダンプしています `area_third`
--

INSERT INTO `area_third` (`area_third_id`, `area_second_id`, `area_third_name`, `rank`, `regist_date`, `update_date`, `delete_flg`) VALUES
(1, 1, 'ススキノ', NULL, '2015-10-16 13:31:07', '2015-10-16 13:31:07', 0),
(2, 2, '札幌市内', NULL, '2015-10-16 13:31:07', '2015-10-16 13:31:07', 0),
(3, 3, '千歳市', NULL, '2015-10-16 13:31:07', '2015-10-16 13:31:07', 0),
(4, 4, '函館市内', NULL, '2015-10-16 13:31:07', '2015-10-16 13:31:07', 0),
(5, 5, '旭川市内', NULL, '2015-10-16 13:31:07', '2015-10-16 13:31:07', 0),
(6, 6, '苫小牧市内', NULL, '2015-10-16 13:31:07', '2015-10-16 13:31:07', 0),
(7, 6, '室蘭市内', NULL, '2015-10-16 13:31:07', '2015-10-16 13:31:07', 0),
(8, 7, '北見市内', NULL, '2015-10-16 13:31:07', '2015-10-16 13:31:07', 0),
(9, 8, '帯広市内', NULL, '2015-10-16 13:31:07', '2015-10-16 13:31:07', 0),
(10, 9, '根室市近郊', NULL, '2015-10-16 13:31:07', '2015-10-16 13:31:07', 0),
(11, 10, '釧路市内', NULL, '2015-10-16 13:31:07', '2015-10-16 13:31:07', 0),
(12, 11, '仙台市', NULL, '2015-10-16 13:31:07', '2015-10-16 13:31:07', 0),
(13, 12, '郡山市', NULL, '2015-10-16 13:31:07', '2015-10-16 13:31:07', 0),
(14, 13, 'いわき市', NULL, '2015-10-16 13:31:07', '2015-10-16 13:31:07', 0),
(15, 14, '盛岡市', NULL, '2015-10-16 13:31:07', '2015-10-16 13:31:07', 0),
(16, 15, '秋田市', NULL, '2015-10-16 13:31:07', '2015-10-16 13:31:07', 0),
(17, 16, '仙台市', NULL, '2015-10-16 13:31:07', '2015-10-16 13:31:07', 0),
(18, 17, '名取・岩沼', NULL, '2015-10-16 13:31:07', '2015-10-16 13:31:07', 0),
(19, 18, '古川', NULL, '2015-10-16 13:31:07', '2015-10-16 13:31:07', 0),
(20, 19, '石巻・東松島', NULL, '2015-10-16 13:31:07', '2015-10-16 13:31:07', 0),
(21, 20, '気仙沼', NULL, '2015-10-16 13:31:07', '2015-10-16 13:31:07', 0),
(22, 21, '福島市', NULL, '2015-10-16 13:31:07', '2015-10-16 13:31:07', 0),
(23, 22, '郡山市', NULL, '2015-10-16 13:31:07', '2015-10-16 13:31:07', 0),
(24, 23, 'いわき市', NULL, '2015-10-16 13:31:07', '2015-10-16 13:31:07', 0),
(25, 24, '会津若松市', NULL, '2015-10-16 13:31:07', '2015-10-16 13:31:07', 0),
(26, 25, '白河市', NULL, '2015-10-16 13:31:07', '2015-10-16 13:31:07', 0),
(27, 26, '南相馬・相馬', NULL, '2015-10-16 13:31:07', '2015-10-16 13:31:07', 0),
(28, 27, '青森・弘前', NULL, '2015-10-16 13:31:07', '2015-10-16 13:31:07', 0),
(29, 28, '盛岡市', NULL, '2015-10-16 13:31:07', '2015-10-16 13:31:07', 0),
(30, 29, '北上市', NULL, '2015-10-16 13:31:07', '2015-10-16 13:31:07', 0),
(31, 30, '一関市', NULL, '2015-10-16 13:31:07', '2015-10-16 13:31:07', 0),
(32, 31, '秋田市', NULL, '2015-10-16 13:31:07', '2015-10-16 13:31:07', 0),
(33, 32, '山形', NULL, '2015-10-16 13:31:07', '2015-10-16 13:31:07', 0),
(34, 32, '米沢', NULL, '2015-10-16 13:31:07', '2015-10-16 13:31:07', 0),
(35, 32, '庄内', NULL, '2015-10-16 13:31:07', '2015-10-16 13:31:07', 0),
(36, 33, '新潟市', NULL, '2015-10-16 13:31:07', '2015-10-16 13:31:07', 0),
(37, 34, '佐渡市', NULL, '2015-10-16 13:31:07', '2015-10-16 13:31:07', 0),
(38, 34, '新潟市', NULL, '2015-10-16 13:31:07', '2015-10-16 13:31:07', 0),
(39, 34, '胎内市', NULL, '2015-10-16 13:31:07', '2015-10-16 13:31:07', 0),
(40, 35, '三条市', NULL, '2015-10-16 13:31:07', '2015-10-16 13:31:07', 0),
(41, 35, '柏崎市', NULL, '2015-10-16 13:31:07', '2015-10-16 13:31:07', 0),
(42, 35, '長岡市', NULL, '2015-10-16 13:31:07', '2015-10-16 13:31:07', 0),
(43, 35, '魚沼市', NULL, '2015-10-16 13:31:07', '2015-10-16 13:31:07', 0),
(44, 36, '上越市', NULL, '2015-10-16 13:31:07', '2015-10-16 13:31:07', 0),
(45, 37, '金沢', NULL, '2015-10-16 13:31:07', '2015-10-16 13:31:07', 0),
(46, 37, '加賀', NULL, '2015-10-16 13:31:07', '2015-10-16 13:31:07', 0),
(47, 38, '富山', NULL, '2015-10-16 13:31:07', '2015-10-16 13:31:07', 0),
(48, 39, '福井', NULL, '2015-10-16 13:31:07', '2015-10-16 13:31:07', 0),
(49, 40, '金沢', NULL, '2015-10-16 13:31:07', '2015-10-16 13:31:07', 0),
(50, 40, '加賀', NULL, '2015-10-16 13:31:07', '2015-10-16 13:31:07', 0),
(51, 40, '能登', NULL, '2015-10-16 13:31:07', '2015-10-16 13:31:07', 0),
(52, 41, '富山', NULL, '2015-10-16 13:31:07', '2015-10-16 13:31:07', 0),
(53, 41, '高岡', NULL, '2015-10-16 13:31:07', '2015-10-16 13:31:07', 0),
(54, 41, '黒部・魚津', NULL, '2015-10-16 13:31:07', '2015-10-16 13:31:07', 0),
(55, 42, '福井', NULL, '2015-10-16 13:31:07', '2015-10-16 13:31:07', 0),
(56, 42, '敦賀', NULL, '2015-10-16 13:31:07', '2015-10-16 13:31:07', 0),
(57, 43, '土浦・取手・つくば', NULL, '2015-10-16 13:31:07', '2015-10-16 13:31:07', 0),
(58, 43, '水戸', NULL, '2015-10-16 13:31:07', '2015-10-16 13:31:07', 0),
(59, 44, '日立・北茨城', NULL, '2015-10-16 13:31:07', '2015-10-16 13:31:07', 0),
(60, 44, '土浦・取手・つくば', NULL, '2015-10-16 13:31:07', '2015-10-16 13:31:07', 0),
(61, 45, '宇都宮', NULL, '2015-10-16 13:31:07', '2015-10-16 13:31:07', 0),
(62, 45, '小山', NULL, '2015-10-16 13:31:07', '2015-10-16 13:31:07', 0),
(63, 45, '那須塩原', NULL, '2015-10-16 13:31:07', '2015-10-16 13:31:07', 0),
(64, 46, '大宮', NULL, '2015-10-16 13:31:07', '2015-10-16 13:31:07', 0),
(65, 47, '川口・西川口', NULL, '2015-10-16 13:31:07', '2015-10-16 13:31:07', 0),
(66, 47, '蕨・戸田', NULL, '2015-10-16 13:31:07', '2015-10-16 13:31:07', 0),
(67, 48, '春日部', NULL, '2015-10-16 13:31:07', '2015-10-16 13:31:07', 0),
(68, 49, '大宮', NULL, '2015-10-16 13:31:07', '2015-10-16 13:31:07', 0),
(69, 49, 'その他さいたま', NULL, '2015-10-16 13:31:07', '2015-10-16 13:31:07', 0),
(70, 49, '上尾・桶川・北本', NULL, '2015-10-16 13:31:07', '2015-10-16 13:31:07', 0),
(71, 50, '川口・西川口', NULL, '2015-10-16 13:31:07', '2015-10-16 13:31:07', 0),
(72, 50, '蕨・戸田', NULL, '2015-10-16 13:31:07', '2015-10-16 13:31:07', 0),
(73, 51, '越谷・草加・三郷', NULL, '2015-10-16 13:31:07', '2015-10-16 13:31:07', 0),
(74, 51, '春日部', NULL, '2015-10-16 13:31:07', '2015-10-16 13:31:07', 0),
(75, 51, '久喜・幸手・蓮田', NULL, '2015-10-16 13:31:07', '2015-10-16 13:31:07', 0),
(76, 52, '川越・鶴ヶ島・坂戸', NULL, '2015-10-16 13:31:07', '2015-10-16 13:31:07', 0),
(77, 52, '所沢・入間・狭山', NULL, '2015-10-16 13:31:07', '2015-10-16 13:31:07', 0),
(78, 52, '朝霧・志木・新座', NULL, '2015-10-16 13:31:07', '2015-10-16 13:31:07', 0),
(79, 53, '熊谷・行田', NULL, '2015-10-16 13:31:07', '2015-10-16 13:31:07', 0),
(80, 53, '鴻巣・東松山', NULL, '2015-10-16 13:31:07', '2015-10-16 13:31:07', 0),
(81, 53, '本庄・深谷', NULL, '2015-10-16 13:31:07', '2015-10-16 13:31:07', 0),
(82, 54, '高崎', NULL, '2015-10-16 13:31:07', '2015-10-16 13:31:07', 0),
(83, 54, '伊勢崎', NULL, '2015-10-16 13:31:07', '2015-10-16 13:31:07', 0),
(84, 54, '館林', NULL, '2015-10-16 13:31:07', '2015-10-16 13:31:07', 0),
(85, 54, '太田', NULL, '2015-10-16 13:31:07', '2015-10-16 13:31:07', 0),
(86, 55, '栄町', NULL, '2015-10-16 13:31:07', '2015-10-16 13:31:07', 0),
(87, 56, '船橋・西船橋', NULL, '2015-10-16 13:31:07', '2015-10-16 13:31:07', 0),
(88, 57, '松戸・新松戸', NULL, '2015-10-16 13:31:07', '2015-10-16 13:31:07', 0),
(89, 57, '柏・野田', NULL, '2015-10-16 13:31:07', '2015-10-16 13:31:07', 0),
(90, 58, '市原・茂原', NULL, '2015-10-16 13:31:07', '2015-10-16 13:31:07', 0),
(91, 59, '栄町', NULL, '2015-10-16 13:31:07', '2015-10-16 13:31:07', 0),
(92, 59, '幕張', NULL, '2015-10-16 13:31:07', '2015-10-16 13:31:07', 0),
(93, 59, 'その他千葉市', NULL, '2015-10-16 13:31:07', '2015-10-16 13:31:07', 0),
(94, 60, '船橋・西船橋', NULL, '2015-10-16 13:31:07', '2015-10-16 13:31:07', 0),
(95, 60, '市川・本八幡', NULL, '2015-10-16 13:31:07', '2015-10-16 13:31:07', 0),
(96, 60, '浦安・行徳', NULL, '2015-10-16 13:31:07', '2015-10-16 13:31:07', 0),
(97, 61, '松戸・新松戸', NULL, '2015-10-16 13:31:07', '2015-10-16 13:31:07', 0),
(98, 61, '柏・野田', NULL, '2015-10-16 13:31:07', '2015-10-16 13:31:07', 0),
(99, 62, '成田', NULL, '2015-10-16 13:31:07', '2015-10-16 13:31:07', 0),
(100, 62, '旭・銚子', NULL, '2015-10-16 13:31:07', '2015-10-16 13:31:07', 0),
(101, 63, '市原・茂原', NULL, '2015-10-16 13:31:07', '2015-10-16 13:31:07', 0),
(102, 63, '君津・木更津', NULL, '2015-10-16 13:31:07', '2015-10-16 13:31:07', 0),
(103, 64, '池袋（豊島区）', NULL, '2015-10-16 13:31:07', '2015-10-16 13:31:07', 0),
(104, 64, '大塚（豊島区）', NULL, '2015-10-16 13:31:07', '2015-10-16 13:31:07', 0),
(105, 64, '巣鴨（豊島区）', NULL, '2015-10-16 13:31:07', '2015-10-16 13:31:07', 0),
(106, 65, '新宿区', NULL, '2015-10-16 13:31:07', '2015-10-16 13:31:07', 0),
(107, 65, '新宿区・歌舞伎町（新宿区）', NULL, '2015-10-16 13:31:07', '2015-10-16 13:31:07', 0),
(108, 65, '新大久保（新宿区）', NULL, '2015-10-16 13:31:07', '2015-10-16 13:31:07', 0),
(109, 65, '高田馬場（新宿区）', NULL, '2015-10-16 13:31:07', '2015-10-16 13:31:07', 0),
(110, 65, '大久保（新宿区）', NULL, '2015-10-16 13:31:07', '2015-10-16 13:31:07', 0),
(111, 65, '中野（中野区）', NULL, '2015-10-16 13:31:07', '2015-10-16 13:31:07', 0),
(112, 66, '渋谷（渋谷区）', NULL, '2015-10-16 13:31:07', '2015-10-16 13:31:07', 0),
(113, 66, '恵比寿（渋谷区）', NULL, '2015-10-16 13:31:07', '2015-10-16 13:31:07', 0),
(114, 67, '目黒（目黒区）', NULL, '2015-10-16 13:31:07', '2015-10-16 13:31:07', 0),
(115, 67, '五反田（品川区）', NULL, '2015-10-16 13:31:07', '2015-10-16 13:31:07', 0),
(116, 67, '新橋（港区）', NULL, '2015-10-16 13:31:07', '2015-10-16 13:31:07', 0),
(117, 67, '蒲田（大田区）', NULL, '2015-10-16 13:31:07', '2015-10-16 13:31:07', 0),
(118, 68, '上野（台東区）', NULL, '2015-10-16 13:31:07', '2015-10-16 13:31:07', 0),
(119, 68, '鶯谷（台東区）', NULL, '2015-10-16 13:31:07', '2015-10-16 13:31:07', 0),
(120, 68, '日暮里（荒川区）', NULL, '2015-10-16 13:31:07', '2015-10-16 13:31:07', 0),
(121, 68, '町屋（荒川区）', NULL, '2015-10-16 13:31:07', '2015-10-16 13:31:07', 0),
(122, 69, '神田（千代田区）', NULL, '2015-10-16 13:31:07', '2015-10-16 13:31:07', 0),
(123, 69, '錦糸町（墨田区）', NULL, '2015-10-16 13:31:07', '2015-10-16 13:31:07', 0),
(124, 69, '小岩（江戸川区）', NULL, '2015-10-16 13:31:07', '2015-10-16 13:31:07', 0),
(125, 69, '葛西（江戸川区）', NULL, '2015-10-16 13:31:07', '2015-10-16 13:31:07', 0),
(126, 69, '亀有（葛飾区）', NULL, '2015-10-16 13:31:07', '2015-10-16 13:31:07', 0),
(127, 70, '吉原（台東区）', NULL, '2015-10-16 13:31:07', '2015-10-16 13:31:07', 0),
(128, 71, '立川（立川市）', NULL, '2015-10-16 13:31:07', '2015-10-16 13:31:07', 0),
(129, 71, '吉祥寺（武蔵野市）', NULL, '2015-10-16 13:31:07', '2015-10-16 13:31:07', 0),
(130, 71, '府中（府中市）', NULL, '2015-10-16 13:31:07', '2015-10-16 13:31:07', 0),
(131, 71, '多摩（多摩市）', NULL, '2015-10-16 13:31:07', '2015-10-16 13:31:07', 0),
(132, 72, '池袋（豊島区）', NULL, '2015-10-16 13:31:07', '2015-10-16 13:31:07', 0),
(133, 72, '大塚（豊島区）', NULL, '2015-10-16 13:31:07', '2015-10-16 13:31:07', 0),
(134, 72, '巣鴨（豊島区）', NULL, '2015-10-16 13:31:07', '2015-10-16 13:31:07', 0),
(135, 72, '赤羽（北区）', NULL, '2015-10-16 13:31:07', '2015-10-16 13:31:07', 0),
(136, 73, '新宿区', NULL, '2015-10-16 13:31:07', '2015-10-16 13:31:07', 0),
(137, 73, '新宿・歌舞伎町（新宿区）', NULL, '2015-10-16 13:31:07', '2015-10-16 13:31:07', 0),
(138, 73, '新大久保（新宿区）', NULL, '2015-10-16 13:31:07', '2015-10-16 13:31:07', 0),
(139, 73, '高田馬場（新宿区）', NULL, '2015-10-16 13:31:07', '2015-10-16 13:31:07', 0),
(140, 73, '大久保（新宿区）', NULL, '2015-10-16 13:31:07', '2015-10-16 13:31:07', 0),
(141, 74, '渋谷（渋谷区）', NULL, '2015-10-16 13:31:07', '2015-10-16 13:31:07', 0),
(142, 74, '恵比寿（渋谷区）', NULL, '2015-10-16 13:31:07', '2015-10-16 13:31:07', 0),
(143, 74, '青山（渋谷区）', NULL, '2015-10-16 13:31:07', '2015-10-16 13:31:07', 0),
(144, 74, '六本木（港区）', NULL, '2015-10-16 13:31:07', '2015-10-16 13:31:07', 0),
(145, 74, '赤坂（港区）', NULL, '2015-10-16 13:31:07', '2015-10-16 13:31:07', 0),
(146, 74, '白金（港区）', NULL, '2015-10-16 13:31:07', '2015-10-16 13:31:07', 0),
(147, 74, '麻布（港区）', NULL, '2015-10-16 13:31:07', '2015-10-16 13:31:07', 0),
(148, 75, '目黒（目黒区）', NULL, '2015-10-16 13:31:07', '2015-10-16 13:31:07', 0),
(149, 75, '品川（品川区）', NULL, '2015-10-16 13:31:07', '2015-10-16 13:31:07', 0),
(150, 75, '五反田（品川区）', NULL, '2015-10-16 13:31:07', '2015-10-16 13:31:07', 0),
(151, 75, '新橋（港区）', NULL, '2015-10-16 13:31:07', '2015-10-16 13:31:07', 0),
(152, 75, '銀座（中央区）', NULL, '2015-10-16 13:31:07', '2015-10-16 13:31:07', 0),
(153, 75, '汐留（港区）', NULL, '2015-10-16 13:31:07', '2015-10-16 13:31:07', 0),
(154, 75, '蒲田（大田区）', NULL, '2015-10-16 13:31:07', '2015-10-16 13:31:07', 0),
(155, 76, '上野（台東区）', NULL, '2015-10-16 13:31:07', '2015-10-16 13:31:07', 0),
(156, 76, '鶯谷（台東区）', NULL, '2015-10-16 13:31:07', '2015-10-16 13:31:07', 0),
(157, 76, '秋葉原（台東区）', NULL, '2015-10-16 13:31:07', '2015-10-16 13:31:07', 0),
(158, 76, '日暮里（荒川区）', NULL, '2015-10-16 13:31:07', '2015-10-16 13:31:07', 0),
(159, 77, '神田（千代田区）', NULL, '2015-10-16 13:31:07', '2015-10-16 13:31:07', 0),
(160, 77, '錦糸町（墨田区）', NULL, '2015-10-16 13:31:07', '2015-10-16 13:31:07', 0),
(161, 77, '小岩（江戸川区）', NULL, '2015-10-16 13:31:07', '2015-10-16 13:31:07', 0),
(162, 77, '新小岩（葛飾区）', NULL, '2015-10-16 13:31:07', '2015-10-16 13:31:07', 0),
(163, 78, '立川（立川市）', NULL, '2015-10-16 13:31:07', '2015-10-16 13:31:07', 0),
(164, 78, '八王子（八王子市）', NULL, '2015-10-16 13:31:07', '2015-10-16 13:31:07', 0),
(165, 78, '吉祥寺（武蔵野市）', NULL, '2015-10-16 13:31:07', '2015-10-16 13:31:07', 0),
(166, 78, '府中（府中市）', NULL, '2015-10-16 13:31:07', '2015-10-16 13:31:07', 0),
(167, 78, '福生（福生市）', NULL, '2015-10-16 13:31:07', '2015-10-16 13:31:07', 0),
(168, 79, '関内曙町', NULL, '2015-10-16 13:31:07', '2015-10-16 13:31:07', 0),
(169, 79, '関内福富町', NULL, '2015-10-16 13:31:07', '2015-10-16 13:31:07', 0),
(170, 79, '桜木町・日ノ出町', NULL, '2015-10-16 13:31:07', '2015-10-16 13:31:07', 0),
(171, 79, '横浜西口', NULL, '2015-10-16 13:31:07', '2015-10-16 13:31:07', 0),
(172, 79, '鶴見', NULL, '2015-10-16 13:31:07', '2015-10-16 13:31:07', 0),
(173, 79, '横浜市内', NULL, '2015-10-16 13:31:07', '2015-10-16 13:31:07', 0),
(174, 80, '川崎堀之内', NULL, '2015-10-16 13:31:07', '2015-10-16 13:31:07', 0),
(175, 80, '川崎南町', NULL, '2015-10-16 13:31:07', '2015-10-16 13:31:07', 0),
(176, 80, '川崎市内', NULL, '2015-10-16 13:31:07', '2015-10-16 13:31:07', 0),
(177, 81, '本厚木', NULL, '2015-10-16 13:31:07', '2015-10-16 13:31:07', 0),
(178, 82, '町田', NULL, '2015-10-16 13:31:07', '2015-10-16 13:31:07', 0),
(179, 83, '関内', NULL, '2015-10-16 13:31:07', '2015-10-16 13:31:07', 0),
(180, 83, '横浜市内', NULL, '2015-10-16 13:31:07', '2015-10-16 13:31:07', 0),
(181, 84, '川崎市内', NULL, '2015-10-16 13:31:07', '2015-10-16 13:31:07', 0),
(182, 85, '平塚', NULL, '2015-10-16 13:31:07', '2015-10-16 13:31:07', 0),
(183, 85, '藤沢', NULL, '2015-10-16 13:31:07', '2015-10-16 13:31:07', 0),
(184, 86, '横須賀', NULL, '2015-10-16 13:31:07', '2015-10-16 13:31:07', 0),
(185, 87, '厚木', NULL, '2015-10-16 13:31:07', '2015-10-16 13:31:07', 0),
(186, 87, '大和', NULL, '2015-10-16 13:31:07', '2015-10-16 13:31:07', 0),
(187, 88, '町田', NULL, '2015-10-16 13:31:07', '2015-10-16 13:31:07', 0),
(188, 88, '相模原', NULL, '2015-10-16 13:31:07', '2015-10-16 13:31:07', 0),
(189, 89, '小田原', NULL, '2015-10-16 13:31:07', '2015-10-16 13:31:07', 0),
(190, 90, '静岡市', NULL, '2015-10-16 13:31:07', '2015-10-16 13:31:07', 0),
(191, 91, '浜松市', NULL, '2015-10-16 13:31:07', '2015-10-16 13:31:07', 0),
(192, 92, '三島市', NULL, '2015-10-16 13:31:07', '2015-10-16 13:31:07', 0),
(193, 92, '富士市', NULL, '2015-10-16 13:31:07', '2015-10-16 13:31:07', 0),
(194, 92, '沼津市', NULL, '2015-10-16 13:31:07', '2015-10-16 13:31:07', 0),
(195, 92, '熱海市', NULL, '2015-10-16 13:31:07', '2015-10-16 13:31:07', 0),
(196, 93, '焼津市・藤枝市・島田市', NULL, '2015-10-16 13:31:07', '2015-10-16 13:31:07', 0),
(197, 93, '静岡市', NULL, '2015-10-16 13:31:07', '2015-10-16 13:31:07', 0),
(198, 94, '浜松市', NULL, '2015-10-16 13:31:07', '2015-10-16 13:31:07', 0),
(199, 94, '磐田市・袋井市・掛川市', NULL, '2015-10-16 13:31:07', '2015-10-16 13:31:07', 0),
(200, 94, '菊川・御前崎', NULL, '2015-10-16 13:31:07', '2015-10-16 13:31:07', 0),
(201, 95, '三島市・その他周辺地域', NULL, '2015-10-16 13:31:07', '2015-10-16 13:31:07', 0),
(202, 95, '富士市・その他周辺地域', NULL, '2015-10-16 13:31:07', '2015-10-16 13:31:07', 0),
(203, 95, '沼津市', NULL, '2015-10-16 13:31:07', '2015-10-16 13:31:07', 0),
(204, 96, '名古屋駅', NULL, '2015-10-16 13:31:07', '2015-10-16 13:31:07', 0),
(205, 96, '太閤通', NULL, '2015-10-16 13:31:07', '2015-10-16 13:31:07', 0),
(206, 96, '納屋橋', NULL, '2015-10-16 13:31:07', '2015-10-16 13:31:07', 0),
(207, 96, '錦・丸の内', NULL, '2015-10-16 13:31:07', '2015-10-16 13:31:07', 0),
(208, 96, '栄', NULL, '2015-10-16 13:31:07', '2015-10-16 13:31:07', 0),
(209, 96, '東新町・新栄', NULL, '2015-10-16 13:31:07', '2015-10-16 13:31:07', 0),
(210, 96, '今池・池下', NULL, '2015-10-16 13:31:07', '2015-10-16 13:31:07', 0),
(211, 96, '大曽根', NULL, '2015-10-16 13:31:07', '2015-10-16 13:31:07', 0),
(212, 96, '熱田・堀田', NULL, '2015-10-16 13:31:07', '2015-10-16 13:31:07', 0),
(213, 96, '柴田', NULL, '2015-10-16 13:31:07', '2015-10-16 13:31:07', 0),
(214, 96, '大須・鶴舞', NULL, '2015-10-16 13:31:07', '2015-10-16 13:31:07', 0),
(215, 96, '金山・尾頭橋', NULL, '2015-10-16 13:31:07', '2015-10-16 13:31:07', 0),
(216, 97, '知立・刈谷', NULL, '2015-10-16 13:31:07', '2015-10-16 13:31:07', 0),
(217, 97, '大府・知多', NULL, '2015-10-16 13:31:07', '2015-10-16 13:31:07', 0),
(218, 98, '豊橋・豊川', NULL, '2015-10-16 13:31:07', '2015-10-16 13:31:07', 0),
(219, 99, '一宮・稲沢', NULL, '2015-10-16 13:31:07', '2015-10-16 13:31:07', 0),
(220, 100, '金津園', NULL, '2015-10-16 13:31:07', '2015-10-16 13:31:07', 0),
(221, 100, '大垣', NULL, '2015-10-16 13:31:07', '2015-10-16 13:31:07', 0),
(222, 101, '四日市', NULL, '2015-10-16 13:31:07', '2015-10-16 13:31:07', 0),
(223, 102, '名古屋市内', NULL, '2015-10-16 13:31:07', '2015-10-16 13:31:07', 0),
(224, 103, '豊田・知立・刈谷', NULL, '2015-10-16 13:31:07', '2015-10-16 13:31:07', 0),
(225, 103, '安城・岡崎方面', NULL, '2015-10-16 13:31:07', '2015-10-16 13:31:07', 0),
(226, 103, '西尾・碧南方面', NULL, '2015-10-16 13:31:07', '2015-10-16 13:31:07', 0),
(227, 103, '東海大府方面', NULL, '2015-10-16 13:31:07', '2015-10-16 13:31:07', 0),
(228, 103, '知多半島方面', NULL, '2015-10-16 13:31:07', '2015-10-16 13:31:07', 0),
(229, 104, '豊橋豊川方面', NULL, '2015-10-16 13:31:07', '2015-10-16 13:31:07', 0),
(230, 105, '一宮・稲沢方面', NULL, '2015-10-16 13:31:07', '2015-10-16 13:31:07', 0),
(231, 105, '春日井・小牧方面', NULL, '2015-10-16 13:31:07', '2015-10-16 13:31:07', 0),
(232, 105, '海部郡方面', NULL, '2015-10-16 13:31:07', '2015-10-16 13:31:07', 0),
(233, 106, '岐阜市内', NULL, '2015-10-16 13:31:07', '2015-10-16 13:31:07', 0),
(234, 106, '岐阜西濃方面', NULL, '2015-10-16 13:31:07', '2015-10-16 13:31:07', 0),
(235, 106, '岐阜中濃方面', NULL, '2015-10-16 13:31:07', '2015-10-16 13:31:07', 0),
(236, 106, '岐阜東濃方面', NULL, '2015-10-16 13:31:07', '2015-10-16 13:31:07', 0),
(237, 106, '岐阜飛騨方面', NULL, '2015-10-16 13:31:07', '2015-10-16 13:31:07', 0),
(238, 107, '桑名・四日市方面', NULL, '2015-10-16 13:31:07', '2015-10-16 13:31:07', 0),
(239, 107, '鈴鹿亀山方面', NULL, '2015-10-16 13:31:07', '2015-10-16 13:31:07', 0),
(240, 107, '三重中部方面', NULL, '2015-10-16 13:31:07', '2015-10-16 13:31:07', 0),
(241, 107, '三重南部方面', NULL, '2015-10-16 13:31:07', '2015-10-16 13:31:07', 0),
(242, 108, '祇園', NULL, '2015-10-16 13:31:07', '2015-10-16 13:31:07', 0),
(243, 108, '河原町', NULL, '2015-10-16 13:31:07', '2015-10-16 13:31:07', 0),
(244, 108, '木屋町', NULL, '2015-10-16 13:31:07', '2015-10-16 13:31:07', 0),
(245, 108, '伏見／南インター', NULL, '2015-10-16 13:31:07', '2015-10-16 13:31:07', 0),
(246, 109, '雄琴', NULL, '2015-10-16 13:31:07', '2015-10-16 13:31:07', 0),
(247, 110, '和歌山', NULL, '2015-10-16 13:31:07', '2015-10-16 13:31:07', 0),
(248, 111, '祇園', NULL, '2015-10-16 13:31:07', '2015-10-16 13:31:07', 0),
(249, 111, '伏見／南インター', NULL, '2015-10-16 13:31:07', '2015-10-16 13:31:07', 0),
(250, 111, '京都市内', NULL, '2015-10-16 13:31:07', '2015-10-16 13:31:07', 0),
(251, 112, '舞鶴市', NULL, '2015-10-16 13:31:07', '2015-10-16 13:31:07', 0),
(252, 113, '大津市', NULL, '2015-10-16 13:31:07', '2015-10-16 13:31:07', 0),
(253, 114, '草津市', NULL, '2015-10-16 13:31:07', '2015-10-16 13:31:07', 0),
(254, 114, '守山市', NULL, '2015-10-16 13:31:07', '2015-10-16 13:31:07', 0),
(255, 115, '彦根市', NULL, '2015-10-16 13:31:07', '2015-10-16 13:31:07', 0),
(256, 115, '米原市', NULL, '2015-10-16 13:31:07', '2015-10-16 13:31:07', 0),
(257, 116, '和歌山市内', NULL, '2015-10-16 13:31:07', '2015-10-16 13:31:07', 0),
(258, 116, '和歌山その他', NULL, '2015-10-16 13:31:07', '2015-10-16 13:31:07', 0),
(259, 117, '奈良市部', NULL, '2015-10-16 13:31:07', '2015-10-16 13:31:07', 0),
(260, 118, '梅田', NULL, '2015-10-16 13:31:07', '2015-10-16 13:31:07', 0),
(261, 118, '京橋・桜ノ宮・天満', NULL, '2015-10-16 13:31:07', '2015-10-16 13:31:07', 0),
(262, 118, '天王寺・阿倍野・大国町', NULL, '2015-10-16 13:31:07', '2015-10-16 13:31:07', 0),
(263, 118, '日本橋', NULL, '2015-10-16 13:31:07', '2015-10-16 13:31:07', 0),
(264, 118, '難波', NULL, '2015-10-16 13:31:07', '2015-10-16 13:31:07', 0),
(265, 118, '上本町・鶴橋', NULL, '2015-10-16 13:31:07', '2015-10-16 13:31:07', 0),
(266, 118, '谷九', NULL, '2015-10-16 13:31:07', '2015-10-16 13:31:07', 0),
(267, 118, '十三', NULL, '2015-10-16 13:31:07', '2015-10-16 13:31:07', 0),
(268, 118, '新大阪・西中島', NULL, '2015-10-16 13:31:07', '2015-10-16 13:31:07', 0),
(269, 118, 'その他大阪市内', NULL, '2015-10-16 13:31:07', '2015-10-16 13:31:07', 0),
(270, 119, '堺', NULL, '2015-10-16 13:31:07', '2015-10-16 13:31:07', 0),
(271, 119, '堺東', NULL, '2015-10-16 13:31:07', '2015-10-16 13:31:07', 0),
(272, 120, '東大阪市', NULL, '2015-10-16 13:31:07', '2015-10-16 13:31:07', 0),
(273, 121, '梅田', NULL, '2015-10-16 13:31:07', '2015-10-16 13:31:07', 0),
(274, 121, '京橋・桜ノ宮・天満', NULL, '2015-10-16 13:31:07', '2015-10-16 13:31:07', 0),
(275, 121, '天王寺・阿倍野・大国町', NULL, '2015-10-16 13:31:07', '2015-10-16 13:31:07', 0),
(276, 121, '日本橋', NULL, '2015-10-16 13:31:07', '2015-10-16 13:31:07', 0),
(277, 121, '難波', NULL, '2015-10-16 13:31:07', '2015-10-16 13:31:07', 0),
(278, 121, '谷九', NULL, '2015-10-16 13:31:07', '2015-10-16 13:31:07', 0),
(279, 121, '十三', NULL, '2015-10-16 13:31:07', '2015-10-16 13:31:07', 0),
(280, 121, '新大阪・西中島', NULL, '2015-10-16 13:31:07', '2015-10-16 13:31:07', 0),
(281, 121, 'その他大阪市内', NULL, '2015-10-16 13:31:07', '2015-10-16 13:31:07', 0),
(282, 122, '堺', NULL, '2015-10-16 13:31:07', '2015-10-16 13:31:07', 0),
(283, 122, '堺東', NULL, '2015-10-16 13:31:07', '2015-10-16 13:31:07', 0),
(284, 122, '南大阪その他', NULL, '2015-10-16 13:31:07', '2015-10-16 13:31:07', 0),
(285, 123, '北摂地区', NULL, '2015-10-16 13:31:07', '2015-10-16 13:31:07', 0),
(286, 124, '東大阪市', NULL, '2015-10-16 13:31:07', '2015-10-16 13:31:07', 0),
(287, 125, '福原', NULL, '2015-10-16 13:31:07', '2015-10-16 13:31:07', 0),
(288, 125, '三宮', NULL, '2015-10-16 13:31:07', '2015-10-16 13:31:07', 0),
(289, 126, '尼崎', NULL, '2015-10-16 13:31:07', '2015-10-16 13:31:07', 0),
(290, 127, '姫路', NULL, '2015-10-16 13:31:07', '2015-10-16 13:31:07', 0),
(291, 128, '三宮', NULL, '2015-10-16 13:31:07', '2015-10-16 13:31:07', 0),
(292, 128, '神戸市内', NULL, '2015-10-16 13:31:07', '2015-10-16 13:31:07', 0),
(293, 129, '尼崎', NULL, '2015-10-16 13:31:07', '2015-10-16 13:31:07', 0),
(294, 130, '姫路', NULL, '2015-10-16 13:31:07', '2015-10-16 13:31:07', 0),
(295, 130, '加古川', NULL, '2015-10-16 13:31:07', '2015-10-16 13:31:07', 0),
(296, 130, '明石', NULL, '2015-10-16 13:31:07', '2015-10-16 13:31:07', 0),
(297, 131, '広島市', NULL, '2015-10-16 13:31:07', '2015-10-16 13:31:07', 0),
(298, 132, '米子市', NULL, '2015-10-16 13:31:07', '2015-10-16 13:31:07', 0),
(299, 133, '松江エリア', NULL, '2015-10-16 13:31:07', '2015-10-16 13:31:07', 0),
(300, 134, '広島市', NULL, '2015-10-16 13:31:07', '2015-10-16 13:31:07', 0),
(301, 134, '呉エリア', NULL, '2015-10-16 13:31:07', '2015-10-16 13:31:07', 0),
(302, 134, '東広島エリア', NULL, '2015-10-16 13:31:07', '2015-10-16 13:31:07', 0),
(303, 135, '岡山市', NULL, '2015-10-16 13:31:07', '2015-10-16 13:31:07', 0),
(304, 135, '倉敷', NULL, '2015-10-16 13:31:07', '2015-10-16 13:31:07', 0),
(305, 136, '米子・境港エリア', NULL, '2015-10-16 13:31:07', '2015-10-16 13:31:07', 0),
(306, 137, '松江エリア', NULL, '2015-10-16 13:31:07', '2015-10-16 13:31:07', 0),
(307, 138, '下関市', NULL, '2015-10-16 13:31:07', '2015-10-16 13:31:07', 0),
(308, 138, '宇部市', NULL, '2015-10-16 13:31:07', '2015-10-16 13:31:07', 0),
(309, 138, '山口・防府エリア', NULL, '2015-10-16 13:31:07', '2015-10-16 13:31:07', 0),
(310, 138, '周南エリア', NULL, '2015-10-16 13:31:07', '2015-10-16 13:31:07', 0),
(311, 138, '萩・長門エリア', NULL, '2015-10-16 13:31:07', '2015-10-16 13:31:07', 0),
(312, 139, '松山市', NULL, '2015-10-16 13:31:07', '2015-10-16 13:31:07', 0),
(313, 140, '高松市', NULL, '2015-10-16 13:31:07', '2015-10-16 13:31:07', 0),
(314, 140, 'その他香川', NULL, '2015-10-16 13:31:07', '2015-10-16 13:31:07', 0),
(315, 141, '徳島市', NULL, '2015-10-16 13:31:07', '2015-10-16 13:31:07', 0),
(316, 142, '高知市', NULL, '2015-10-16 13:31:07', '2015-10-16 13:31:07', 0),
(317, 143, '松山市', NULL, '2015-10-16 13:31:07', '2015-10-16 13:31:07', 0),
(318, 143, '東予', NULL, '2015-10-16 13:31:07', '2015-10-16 13:31:07', 0),
(319, 143, '南予', NULL, '2015-10-16 13:31:07', '2015-10-16 13:31:07', 0),
(320, 144, '高松市', NULL, '2015-10-16 13:31:07', '2015-10-16 13:31:07', 0),
(321, 144, '中西讃', NULL, '2015-10-16 13:31:07', '2015-10-16 13:31:07', 0),
(322, 145, '徳島市', NULL, '2015-10-16 13:31:07', '2015-10-16 13:31:07', 0),
(323, 146, '高知市', NULL, '2015-10-16 13:31:07', '2015-10-16 13:31:07', 0),
(324, 146, '高知西部', NULL, '2015-10-16 13:31:07', '2015-10-16 13:31:07', 0),
(325, 147, '雑餉隈', NULL, '2015-10-16 13:31:07', '2015-10-16 13:31:07', 0),
(326, 147, 'その他福岡', NULL, '2015-10-16 13:31:07', '2015-10-16 13:31:07', 0),
(327, 147, '中洲', NULL, '2015-10-16 13:31:07', '2015-10-16 13:31:07', 0),
(328, 147, '天神', NULL, '2015-10-16 13:31:07', '2015-10-16 13:31:07', 0),
(329, 147, '博多駅', NULL, '2015-10-16 13:31:07', '2015-10-16 13:31:07', 0),
(330, 148, '久留米市', NULL, '2015-10-16 13:31:07', '2015-10-16 13:31:07', 0),
(331, 148, '大牟田市', NULL, '2015-10-16 13:31:07', '2015-10-16 13:31:07', 0),
(332, 149, '小倉', NULL, '2015-10-16 13:31:07', '2015-10-16 13:31:07', 0),
(333, 150, '下関市', NULL, '2015-10-16 13:31:07', '2015-10-16 13:31:07', 0),
(334, 151, '佐賀・多久地区', NULL, '2015-10-16 13:31:07', '2015-10-16 13:31:07', 0),
(335, 151, '武雄・嬉野地区', NULL, '2015-10-16 13:31:07', '2015-10-16 13:31:07', 0),
(336, 151, '伊万里・唐津地区', NULL, '2015-10-16 13:31:07', '2015-10-16 13:31:07', 0),
(337, 152, '別府市', NULL, '2015-10-16 13:31:07', '2015-10-16 13:31:07', 0),
(338, 153, '福岡市内', NULL, '2015-10-16 13:31:07', '2015-10-16 13:31:07', 0),
(339, 154, '久留米市', NULL, '2015-10-16 13:31:07', '2015-10-16 13:31:07', 0),
(340, 154, '筑後市', NULL, '2015-10-16 13:31:07', '2015-10-16 13:31:07', 0),
(341, 154, '柳川市', NULL, '2015-10-16 13:31:07', '2015-10-16 13:31:07', 0),
(342, 155, '小倉', NULL, '2015-10-16 13:31:07', '2015-10-16 13:31:07', 0),
(343, 155, '八幡', NULL, '2015-10-16 13:31:07', '2015-10-16 13:31:07', 0),
(344, 155, '遠賀・中間', NULL, '2015-10-16 13:31:07', '2015-10-16 13:31:07', 0),
(345, 155, '行橋', NULL, '2015-10-16 13:31:07', '2015-10-16 13:31:07', 0),
(346, 156, '直方・飯塚・田川', NULL, '2015-10-16 13:31:07', '2015-10-16 13:31:07', 0),
(347, 157, '佐賀・多久地区', NULL, '2015-10-16 13:31:07', '2015-10-16 13:31:07', 0),
(348, 157, '武雄・嬉野地区', NULL, '2015-10-16 13:31:07', '2015-10-16 13:31:07', 0),
(349, 157, '伊万里・唐津地区', NULL, '2015-10-16 13:31:07', '2015-10-16 13:31:07', 0),
(350, 158, '大分中部', NULL, '2015-10-16 13:31:07', '2015-10-16 13:31:07', 0),
(351, 158, '大分北部', NULL, '2015-10-16 13:31:07', '2015-10-16 13:31:07', 0),
(352, 159, '長崎地区', NULL, '2015-10-16 13:31:07', '2015-10-16 13:31:07', 0),
(353, 159, '諫早・大村方面', NULL, '2015-10-16 13:31:07', '2015-10-16 13:31:07', 0),
(354, 159, '佐世保・東彼地区', NULL, '2015-10-16 13:31:07', '2015-10-16 13:31:07', 0),
(355, 160, '熊本市', NULL, '2015-10-16 13:31:07', '2015-10-16 13:31:07', 0),
(356, 161, '宮崎市', NULL, '2015-10-16 13:31:07', '2015-10-16 13:31:07', 0),
(357, 162, '鹿児島市', NULL, '2015-10-16 13:31:07', '2015-10-16 13:31:07', 0),
(358, 163, '熊本市', NULL, '2015-10-16 13:31:07', '2015-10-16 13:31:07', 0),
(359, 163, '八代市', NULL, '2015-10-16 13:31:07', '2015-10-16 13:31:07', 0),
(360, 163, '人吉市', NULL, '2015-10-16 13:31:07', '2015-10-16 13:31:07', 0),
(361, 163, '天草市', NULL, '2015-10-16 13:31:07', '2015-10-16 13:31:07', 0),
(362, 164, '宮崎市', NULL, '2015-10-16 13:31:07', '2015-10-16 13:31:07', 0),
(363, 164, '都城市', NULL, '2015-10-16 13:31:07', '2015-10-16 13:31:07', 0),
(364, 164, '延岡市', NULL, '2015-10-16 13:31:07', '2015-10-16 13:31:07', 0),
(365, 165, '鹿児島市', NULL, '2015-10-16 13:31:07', '2015-10-16 13:31:07', 0),
(366, 165, '霧島方面', NULL, '2015-10-16 13:31:07', '2015-10-16 13:31:07', 0),
(367, 166, '那覇市', NULL, '2015-10-16 13:31:07', '2015-10-16 13:31:07', 0),
(368, 167, '那覇市', NULL, '2015-10-16 13:31:07', '2015-10-16 13:31:07', 0),
(369, 167, '石垣市', NULL, '2015-10-16 13:31:07', '2015-10-16 13:31:07', 0),
(370, 167, '名護市', NULL, '2015-10-16 13:31:07', '2015-10-16 13:31:07', 0),
(371, 167, '沖縄市', NULL, '2015-10-16 13:31:07', '2015-10-16 13:31:07', 0),
(372, 168, '国分町', NULL, '2015-10-16 13:31:07', '2015-10-16 13:31:07', 0),
(373, 168, '仙台駅前', NULL, '2015-10-16 13:31:07', '2015-10-16 13:31:07', 0),
(374, 168, '泉中央', NULL, '2015-10-16 13:31:07', '2015-10-16 13:31:07', 0),
(375, 168, '六丁の目', NULL, '2015-10-16 13:31:07', '2015-10-16 13:31:07', 0),
(376, 168, '古川', NULL, '2015-10-16 13:31:07', '2015-10-16 13:31:07', 0),
(377, 168, '佐沼', NULL, '2015-10-16 13:31:07', '2015-10-16 13:31:07', 0),
(378, 168, '石巻', NULL, '2015-10-16 13:31:07', '2015-10-16 13:31:07', 0),
(379, 169, '郡山', NULL, '2015-10-16 13:31:07', '2015-10-16 13:31:07', 0),
(380, 170, '山形', NULL, '2015-10-16 13:31:07', '2015-10-16 13:31:07', 0),
(381, 170, 'その他', NULL, '2015-10-16 13:31:07', '2015-10-16 13:31:07', 0),
(382, 171, '盛岡', NULL, '2015-10-16 13:31:07', '2015-10-16 13:31:07', 0),
(383, 172, '秋田', NULL, '2015-10-16 13:31:07', '2015-10-16 13:31:07', 0),
(384, 173, '八戸市', NULL, '2015-10-16 13:31:07', '2015-10-16 13:31:07', 0),
(385, 173, '青森市', NULL, '2015-10-16 13:31:07', '2015-10-16 13:31:07', 0),
(386, 173, 'その他', NULL, '2015-10-16 13:31:07', '2015-10-16 13:31:07', 0),
(387, 174, '新潟駅前', NULL, '2015-10-16 13:31:07', '2015-10-16 13:31:07', 0),
(388, 174, '古町', NULL, '2015-10-16 13:31:07', '2015-10-16 13:31:07', 0),
(389, 174, '新八田', NULL, '2015-10-16 13:31:07', '2015-10-16 13:31:07', 0),
(390, 174, 'その他下越', NULL, '2015-10-16 13:31:07', '2015-10-16 13:31:07', 0),
(391, 174, '殿町', NULL, '2015-10-16 13:31:07', '2015-10-16 13:31:07', 0),
(392, 174, '本寺小路', NULL, '2015-10-16 13:31:07', '2015-10-16 13:31:07', 0),
(393, 174, 'その他中越', NULL, '2015-10-16 13:31:07', '2015-10-16 13:31:07', 0),
(394, 174, '高田', NULL, '2015-10-16 13:31:07', '2015-10-16 13:31:07', 0),
(395, 174, '直江津', NULL, '2015-10-16 13:31:07', '2015-10-16 13:31:07', 0),
(396, 175, '長野', NULL, '2015-10-16 13:31:07', '2015-10-16 13:31:07', 0),
(397, 175, '上田', NULL, '2015-10-16 13:31:07', '2015-10-16 13:31:07', 0),
(398, 175, '佐久', NULL, '2015-10-16 13:31:07', '2015-10-16 13:31:07', 0),
(399, 175, '松本', NULL, '2015-10-16 13:31:07', '2015-10-16 13:31:07', 0),
(400, 175, '諏訪', NULL, '2015-10-16 13:31:07', '2015-10-16 13:31:07', 0),
(401, 175, '伊那', NULL, '2015-10-16 13:31:07', '2015-10-16 13:31:07', 0),
(402, 176, '甲府市', NULL, '2015-10-16 13:31:07', '2015-10-16 13:31:07', 0),
(403, 176, '山梨市', NULL, '2015-10-16 13:31:07', '2015-10-16 13:31:07', 0),
(404, 177, '太田', NULL, '2015-10-16 13:31:07', '2015-10-16 13:31:07', 0),
(405, 177, '伊勢崎/足利/舘林', NULL, '2015-10-16 13:31:07', '2015-10-16 13:31:07', 0),
(406, 178, 'JR宇都宮', NULL, '2015-10-16 13:31:07', '2015-10-16 13:31:07', 0),
(407, 178, '東武宇都宮', NULL, '2015-10-16 13:31:07', '2015-10-16 13:31:07', 0),
(408, 178, '小山', NULL, '2015-10-16 13:31:07', '2015-10-16 13:31:07', 0),
(409, 178, '栃木', NULL, '2015-10-16 13:31:07', '2015-10-16 13:31:07', 0),
(410, 178, '太田原', NULL, '2015-10-16 13:31:07', '2015-10-16 13:31:07', 0),
(411, 179, '古河', NULL, '2015-10-16 13:31:07', '2015-10-16 13:31:07', 0),
(412, 179, '取手', NULL, '2015-10-16 13:31:07', '2015-10-16 13:31:07', 0),
(413, 179, '水戸', NULL, '2015-10-16 13:31:07', '2015-10-16 13:31:07', 0),
(414, 179, 'ひたちなか', NULL, '2015-10-16 13:31:07', '2015-10-16 13:31:07', 0),
(415, 179, '日立', NULL, '2015-10-16 13:31:07', '2015-10-16 13:31:07', 0),
(416, 179, '神栖', NULL, '2015-10-16 13:31:07', '2015-10-16 13:31:07', 0),
(417, 180, '新宿/歌舞伎町', NULL, '2015-10-16 13:31:07', '2015-10-16 13:31:07', 0),
(418, 180, '高田馬場', NULL, '2015-10-16 13:31:07', '2015-10-16 13:31:07', 0),
(419, 181, '池袋', NULL, '2015-10-16 13:31:07', '2015-10-16 13:31:07', 0),
(420, 182, '渋谷', NULL, '2015-10-16 13:31:07', '2015-10-16 13:31:07', 0),
(421, 182, '恵比寿', NULL, '2015-10-16 13:31:07', '2015-10-16 13:31:07', 0),
(422, 183, '六本木', NULL, '2015-10-16 13:31:07', '2015-10-16 13:31:07', 0),
(423, 184, '赤坂', NULL, '2015-10-16 13:31:07', '2015-10-16 13:31:07', 0),
(424, 185, '銀座', NULL, '2015-10-16 13:31:07', '2015-10-16 13:31:07', 0),
(425, 185, '新橋', NULL, '2015-10-16 13:31:07', '2015-10-16 13:31:07', 0),
(426, 186, '人形町/小伝馬町', NULL, '2015-10-16 13:31:07', '2015-10-16 13:31:07', 0),
(427, 187, '四ツ谷', NULL, '2015-10-16 13:31:07', '2015-10-16 13:31:07', 0),
(428, 188, '秋葉原', NULL, '2015-10-16 13:31:07', '2015-10-16 13:31:07', 0),
(429, 188, '神田/御茶の水', NULL, '2015-10-16 13:31:07', '2015-10-16 13:31:07', 0),
(430, 188, '神保町/水道橋', NULL, '2015-10-16 13:31:07', '2015-10-16 13:31:07', 0),
(431, 189, '上野/御徒町/湯島', NULL, '2015-10-16 13:31:07', '2015-10-16 13:31:07', 0),
(432, 189, '浅草', NULL, '2015-10-16 13:31:07', '2015-10-16 13:31:07', 0),
(433, 189, '浅草橋/蔵前', NULL, '2015-10-16 13:31:07', '2015-10-16 13:31:07', 0),
(434, 189, '鶯谷/入谷', NULL, '2015-10-16 13:31:07', '2015-10-16 13:31:07', 0),
(435, 189, '日暮里', NULL, '2015-10-16 13:31:07', '2015-10-16 13:31:07', 0),
(436, 190, '両国/錦糸町', NULL, '2015-10-16 13:31:07', '2015-10-16 13:31:07', 0),
(437, 190, '小岩/新小岩', NULL, '2015-10-16 13:31:07', '2015-10-16 13:31:07', 0),
(438, 191, '門前仲町/木馬/東陽町', NULL, '2015-10-16 13:31:07', '2015-10-16 13:31:07', 0),
(439, 191, '葛西/西葛西', NULL, '2015-10-16 13:31:07', '2015-10-16 13:31:07', 0),
(440, 192, '浜松町/芝公園', NULL, '2015-10-16 13:31:07', '2015-10-16 13:31:07', 0),
(441, 193, '大井町/青物横丁', NULL, '2015-10-16 13:31:07', '2015-10-16 13:31:07', 0),
(442, 193, '大森/平和島', NULL, '2015-10-16 13:31:07', '2015-10-16 13:31:07', 0),
(443, 193, '蒲田', NULL, '2015-10-16 13:31:07', '2015-10-16 13:31:07', 0),
(444, 194, '五反田', NULL, '2015-10-16 13:31:07', '2015-10-16 13:31:07', 0),
(445, 195, '中目黒/祐天寺', NULL, '2015-10-16 13:31:07', '2015-10-16 13:31:07', 0),
(446, 195, '自由が丘', NULL, '2015-10-16 13:31:07', '2015-10-16 13:31:07', 0),
(447, 195, '三軒茶屋', NULL, '2015-10-16 13:31:07', '2015-10-16 13:31:07', 0),
(448, 196, '下北沢', NULL, '2015-10-16 13:31:07', '2015-10-16 13:31:07', 0),
(449, 196, '下高井戸/千歳鳥山', NULL, '2015-10-16 13:31:07', '2015-10-16 13:31:07', 0),
(450, 197, '中野', NULL, '2015-10-16 13:31:07', '2015-10-16 13:31:07', 0),
(451, 197, '中野坂上/方南町', NULL, '2015-10-16 13:31:07', '2015-10-16 13:31:07', 0),
(452, 197, '高円寺', NULL, '2015-10-16 13:31:07', '2015-10-16 13:31:07', 0),
(453, 197, '阿佐ヶ谷', NULL, '2015-10-16 13:31:07', '2015-10-16 13:31:07', 0),
(454, 197, '荻窪', NULL, '2015-10-16 13:31:07', '2015-10-16 13:31:07', 0),
(455, 198, '吉祥寺', NULL, '2015-10-16 13:31:07', '2015-10-16 13:31:07', 0),
(456, 199, '大山/東武練馬<東武車上線>', NULL, '2015-10-16 13:31:07', '2015-10-16 13:31:07', 0),
(457, 200, '巣鴨/駒込/白山', NULL, '2015-10-16 13:31:07', '2015-10-16 13:31:07', 0),
(458, 200, '大塚/護国寺', NULL, '2015-10-16 13:31:07', '2015-10-16 13:31:07', 0),
(459, 200, '十条', NULL, '2015-10-16 13:31:07', '2015-10-16 13:31:07', 0),
(460, 200, '赤羽', NULL, '2015-10-16 13:31:07', '2015-10-16 13:31:07', 0),
(461, 201, '北千住', NULL, '2015-10-16 13:31:07', '2015-10-16 13:31:07', 0),
(462, 201, '葛飾/柴又', NULL, '2015-10-16 13:31:07', '2015-10-16 13:31:07', 0),
(463, 201, '綾瀬/竹ノ塚', NULL, '2015-10-16 13:31:07', '2015-10-16 13:31:07', 0),
(464, 202, '国分寺', NULL, '2015-10-16 13:31:07', '2015-10-16 13:31:07', 0),
(465, 203, '調布', NULL, '2015-10-16 13:31:07', '2015-10-16 13:31:07', 0),
(466, 203, '府中', NULL, '2015-10-16 13:31:07', '2015-10-16 13:31:07', 0),
(467, 204, '町田', NULL, '2015-10-16 13:31:07', '2015-10-16 13:31:07', 0),
(468, 204, '多摩/聖蹟桜ケ丘', NULL, '2015-10-16 13:31:07', '2015-10-16 13:31:07', 0),
(469, 205, '西東京', NULL, '2015-10-16 13:31:07', '2015-10-16 13:31:07', 0),
(470, 205, '東久留米', NULL, '2015-10-16 13:31:07', '2015-10-16 13:31:07', 0),
(471, 205, '清瀬', NULL, '2015-10-16 13:31:07', '2015-10-16 13:31:07', 0),
(472, 205, '小平', NULL, '2015-10-16 13:31:07', '2015-10-16 13:31:07', 0),
(473, 205, '東村山', NULL, '2015-10-16 13:31:07', '2015-10-16 13:31:07', 0),
(474, 206, '立川', NULL, '2015-10-16 13:31:07', '2015-10-16 13:31:07', 0),
(475, 206, '日野/豊田', NULL, '2015-10-16 13:31:07', '2015-10-16 13:31:07', 0),
(476, 206, '八王子', NULL, '2015-10-16 13:31:07', '2015-10-16 13:31:07', 0),
(477, 207, '横浜駅周辺', NULL, '2015-10-16 13:31:07', '2015-10-16 13:31:07', 0),
(478, 207, '桜木町/高島町', NULL, '2015-10-16 13:31:07', '2015-10-16 13:31:07', 0),
(479, 207, '関内/伊勢佐木町', NULL, '2015-10-16 13:31:07', '2015-10-16 13:31:07', 0),
(480, 208, '新横浜駅周辺', NULL, '2015-10-16 13:31:07', '2015-10-16 13:31:07', 0),
(481, 208, '鶴見', NULL, '2015-10-16 13:31:07', '2015-10-16 13:31:07', 0),
(482, 209, '戸塚/東戸塚', NULL, '2015-10-16 13:31:07', '2015-10-16 13:31:07', 0),
(483, 209, '上大岡/永谷', NULL, '2015-10-16 13:31:07', '2015-10-16 13:31:07', 0),
(484, 209, '磯子/根岸/杉田', NULL, '2015-10-16 13:31:07', '2015-10-16 13:31:07', 0),
(485, 210, '大船/北鎌倉', NULL, '2015-10-16 13:31:07', '2015-10-16 13:31:07', 0),
(486, 210, '藤沢/辻堂', NULL, '2015-10-16 13:31:07', '2015-10-16 13:31:07', 0),
(487, 210, '茅ヶ崎', NULL, '2015-10-16 13:31:07', '2015-10-16 13:31:07', 0),
(488, 210, '平塚', NULL, '2015-10-16 13:31:07', '2015-10-16 13:31:07', 0),
(489, 211, '川崎駅周辺', NULL, '2015-10-16 13:31:07', '2015-10-16 13:31:07', 0),
(490, 211, '中原区<武蔵小杉周辺>', NULL, '2015-10-16 13:31:07', '2015-10-16 13:31:07', 0),
(491, 211, '高津区<溝の口周辺>', NULL, '2015-10-16 13:31:07', '2015-10-16 13:31:07', 0),
(492, 211, '多摩区', NULL, '2015-10-16 13:31:07', '2015-10-16 13:31:07', 0),
(493, 211, '宮前区', NULL, '2015-10-16 13:31:07', '2015-10-16 13:31:07', 0),
(494, 212, '相模原市', NULL, '2015-10-16 13:31:07', '2015-10-16 13:31:07', 0),
(495, 212, '大和市', NULL, '2015-10-16 13:31:07', '2015-10-16 13:31:07', 0),
(496, 213, '厚木市', NULL, '2015-10-16 13:31:07', '2015-10-16 13:31:07', 0),
(497, 214, '小田原', NULL, '2015-10-16 13:31:07', '2015-10-16 13:31:07', 0),
(498, 215, '大宮/与野周辺', NULL, '2015-10-16 13:31:07', '2015-10-16 13:31:07', 0),
(499, 215, '浦和周辺', NULL, '2015-10-16 13:31:07', '2015-10-16 13:31:07', 0),
(500, 216, '川口/鳩ケ谷', NULL, '2015-10-16 13:31:07', '2015-10-16 13:31:07', 0),
(501, 216, '戸田/蕨', NULL, '2015-10-16 13:31:07', '2015-10-16 13:31:07', 0),
(502, 216, '越谷/草加', NULL, '2015-10-16 13:31:07', '2015-10-16 13:31:07', 0),
(503, 216, '春日部市', NULL, '2015-10-16 13:31:07', '2015-10-16 13:31:07', 0),
(504, 216, '三郷/吉川周辺', NULL, '2015-10-16 13:31:07', '2015-10-16 13:31:07', 0),
(505, 217, '和光/新座/朝霞', NULL, '2015-10-16 13:31:07', '2015-10-16 13:31:07', 0),
(506, 217, '富士見/志木周辺', NULL, '2015-10-16 13:31:07', '2015-10-16 13:31:07', 0),
(507, 217, '川越市', NULL, '2015-10-16 13:31:07', '2015-10-16 13:31:07', 0),
(508, 218, '上尾/鴻巣周辺', NULL, '2015-10-16 13:31:07', '2015-10-16 13:31:07', 0),
(509, 218, '久喜/蓮田周辺', NULL, '2015-10-16 13:31:07', '2015-10-16 13:31:07', 0),
(510, 218, '行田/加須周辺', NULL, '2015-10-16 13:31:07', '2015-10-16 13:31:07', 0),
(511, 219, '熊谷市', NULL, '2015-10-16 13:31:07', '2015-10-16 13:31:07', 0),
(512, 220, '所沢市', NULL, '2015-10-16 13:31:07', '2015-10-16 13:31:07', 0),
(513, 221, '中央区', NULL, '2015-10-16 13:31:07', '2015-10-16 13:31:07', 0),
(514, 221, '幕張新都心', NULL, '2015-10-16 13:31:07', '2015-10-16 13:31:07', 0),
(515, 221, '美浜区', NULL, '2015-10-16 13:31:07', '2015-10-16 13:31:07', 0),
(516, 221, '稲毛区/花見川区', NULL, '2015-10-16 13:31:07', '2015-10-16 13:31:07', 0),
(517, 222, '船橋市', NULL, '2015-10-16 13:31:07', '2015-10-16 13:31:07', 0),
(518, 222, '市川市', NULL, '2015-10-16 13:31:07', '2015-10-16 13:31:07', 0),
(519, 222, '浦安/東京ディズニーリゾート', NULL, '2015-10-16 13:31:07', '2015-10-16 13:31:07', 0),
(520, 222, '津田沼/習志野/八千代', NULL, '2015-10-16 13:31:07', '2015-10-16 13:31:07', 0),
(521, 223, '柏市', NULL, '2015-10-16 13:31:07', '2015-10-16 13:31:07', 0),
(522, 223, '松戸市', NULL, '2015-10-16 13:31:07', '2015-10-16 13:31:07', 0),
(523, 223, '鎌ヶ谷/白井', NULL, '2015-10-16 13:31:07', '2015-10-16 13:31:07', 0),
(524, 224, '成田', NULL, '2015-10-16 13:31:07', '2015-10-16 13:31:07', 0),
(525, 224, '佐倉/印旛沼', NULL, '2015-10-16 13:31:07', '2015-10-16 13:31:07', 0),
(526, 225, '市原', NULL, '2015-10-16 13:31:07', '2015-10-16 13:31:07', 0),
(527, 226, '錦/栄', NULL, '2015-10-16 13:31:07', '2015-10-16 13:31:07', 0),
(528, 226, '名駅/中村区', NULL, '2015-10-16 13:31:07', '2015-10-16 13:31:07', 0),
(529, 226, '金山', NULL, '2015-10-16 13:31:07', '2015-10-16 13:31:07', 0),
(530, 226, '新栄/東新町', NULL, '2015-10-16 13:31:07', '2015-10-16 13:31:07', 0),
(531, 226, '千種/今池/池下', NULL, '2015-10-16 13:31:07', '2015-10-16 13:31:07', 0),
(532, 226, '大曽根/北区', NULL, '2015-10-16 13:31:07', '2015-10-16 13:31:07', 0),
(533, 226, '藤が丘/守山区', NULL, '2015-10-16 13:31:07', '2015-10-16 13:31:07', 0),
(534, 226, '天白区/瑞穂区/緑区', NULL, '2015-10-16 13:31:07', '2015-10-16 13:31:07', 0),
(535, 226, '南区/港区/中川区', NULL, '2015-10-16 13:31:07', '2015-10-16 13:31:07', 0),
(536, 227, '一宮', NULL, '2015-10-16 13:31:07', '2015-10-16 13:31:07', 0),
(537, 227, '稲沢', NULL, '2015-10-16 13:31:07', '2015-10-16 13:31:07', 0),
(538, 227, '愛西/蟹江/弥富', NULL, '2015-10-16 13:31:07', '2015-10-16 13:31:07', 0),
(539, 228, '春日井', NULL, '2015-10-16 13:31:07', '2015-10-16 13:31:07', 0),
(540, 228, '小牧', NULL, '2015-10-16 13:31:07', '2015-10-16 13:31:07', 0),
(541, 228, '犬山', NULL, '2015-10-16 13:31:07', '2015-10-16 13:31:07', 0),
(542, 228, '北名古屋', NULL, '2015-10-16 13:31:07', '2015-10-16 13:31:07', 0),
(543, 229, '尾張旭', NULL, '2015-10-16 13:31:07', '2015-10-16 13:31:07', 0),
(544, 229, '日進/赤池', NULL, '2015-10-16 13:31:07', '2015-10-16 13:31:07', 0),
(545, 230, '豊田', NULL, '2015-10-16 13:31:07', '2015-10-16 13:31:07', 0),
(546, 230, '岡崎', NULL, '2015-10-16 13:31:07', '2015-10-16 13:31:07', 0),
(547, 231, '安城', NULL, '2015-10-16 13:31:07', '2015-10-16 13:31:07', 0),
(548, 231, '刈谷', NULL, '2015-10-16 13:31:07', '2015-10-16 13:31:07', 0),
(549, 231, '知立', NULL, '2015-10-16 13:31:07', '2015-10-16 13:31:07', 0),
(550, 231, '大府', NULL, '2015-10-16 13:31:07', '2015-10-16 13:31:07', 0),
(551, 232, '半田', NULL, '2015-10-16 13:31:07', '2015-10-16 13:31:07', 0),
(552, 232, '知多方面', NULL, '2015-10-16 13:31:07', '2015-10-16 13:31:07', 0),
(553, 232, '東海市', NULL, '2015-10-16 13:31:07', '2015-10-16 13:31:07', 0),
(554, 233, '豊橋', NULL, '2015-10-16 13:31:07', '2015-10-16 13:31:07', 0),
(555, 233, '豊川', NULL, '2015-10-16 13:31:07', '2015-10-16 13:31:07', 0),
(556, 234, '岐阜市/柳ケ瀬', NULL, '2015-10-16 13:31:07', '2015-10-16 13:31:07', 0),
(557, 234, '岐南', NULL, '2015-10-16 13:31:07', '2015-10-16 13:31:07', 0),
(558, 234, '各務原', NULL, '2015-10-16 13:31:07', '2015-10-16 13:31:07', 0),
(559, 234, '多治見', NULL, '2015-10-16 13:31:07', '2015-10-16 13:31:07', 0),
(560, 234, '可児', NULL, '2015-10-16 13:31:07', '2015-10-16 13:31:07', 0),
(561, 234, '美濃加茂', NULL, '2015-10-16 13:31:07', '2015-10-16 13:31:07', 0),
(562, 234, '大垣', NULL, '2015-10-16 13:31:07', '2015-10-16 13:31:07', 0),
(563, 235, '四日市/桑名', NULL, '2015-10-16 13:31:07', '2015-10-16 13:31:07', 0),
(564, 235, '鈴鹿/津', NULL, '2015-10-16 13:31:07', '2015-10-16 13:31:07', 0),
(565, 235, '松阪/伊勢', NULL, '2015-10-16 13:31:07', '2015-10-16 13:31:07', 0),
(566, 236, '梅田', NULL, '2015-10-16 13:31:07', '2015-10-16 13:31:07', 0),
(567, 236, '北新地', NULL, '2015-10-16 13:31:07', '2015-10-16 13:31:07', 0),
(568, 236, 'キタ周辺', NULL, '2015-10-16 13:31:07', '2015-10-16 13:31:07', 0),
(569, 237, '難波', NULL, '2015-10-16 13:31:07', '2015-10-16 13:31:07', 0),
(570, 237, '心斎橋', NULL, '2015-10-16 13:31:07', '2015-10-16 13:31:07', 0),
(571, 237, '道頓堀/宗右衛門町', NULL, '2015-10-16 13:31:07', '2015-10-16 13:31:07', 0),
(572, 237, '日本橋', NULL, '2015-10-16 13:31:07', '2015-10-16 13:31:07', 0),
(573, 238, '新大阪/西中島', NULL, '2015-10-16 13:31:07', '2015-10-16 13:31:07', 0),
(574, 238, '十三・塚本', NULL, '2015-10-16 13:31:07', '2015-10-16 13:31:07', 0),
(575, 239, '吹田', NULL, '2015-10-16 13:31:07', '2015-10-16 13:31:07', 0),
(576, 239, '豊中', NULL, '2015-10-16 13:31:07', '2015-10-16 13:31:07', 0),
(577, 239, '高槻', NULL, '2015-10-16 13:31:07', '2015-10-16 13:31:07', 0),
(578, 239, '茨木', NULL, '2015-10-16 13:31:07', '2015-10-16 13:31:07', 0),
(579, 239, 'その他北大阪', NULL, '2015-10-16 13:31:07', '2015-10-16 13:31:07', 0),
(580, 240, '京橋', NULL, '2015-10-16 13:31:07', '2015-10-16 13:31:07', 0),
(581, 241, '寝屋川', NULL, '2015-10-16 13:31:07', '2015-10-16 13:31:07', 0),
(582, 241, '枚方', NULL, '2015-10-16 13:31:07', '2015-10-16 13:31:07', 0),
(583, 241, 'その他京阪', NULL, '2015-10-16 13:31:07', '2015-10-16 13:31:07', 0),
(584, 242, '布施', NULL, '2015-10-16 13:31:07', '2015-10-16 13:31:07', 0),
(585, 242, '平野', NULL, '2015-10-16 13:31:07', '2015-10-16 13:31:07', 0),
(586, 242, '八尾', NULL, '2015-10-16 13:31:07', '2015-10-16 13:31:07', 0),
(587, 243, '堺東', NULL, '2015-10-16 13:31:07', '2015-10-16 13:31:07', 0),
(588, 244, '祇園/先斗町', NULL, '2015-10-16 13:31:07', '2015-10-16 13:31:07', 0),
(589, 244, '河原町', NULL, '2015-10-16 13:31:07', '2015-10-16 13:31:07', 0),
(590, 244, '木屋町', NULL, '2015-10-16 13:31:07', '2015-10-16 13:31:07', 0),
(591, 244, '鳥丸/西院', NULL, '2015-10-16 13:31:07', '2015-10-16 13:31:07', 0),
(592, 244, '山科', NULL, '2015-10-16 13:31:07', '2015-10-16 13:31:07', 0),
(593, 245, '三宮', NULL, '2015-10-16 13:31:07', '2015-10-16 13:31:07', 0),
(594, 245, '尼崎', NULL, '2015-10-16 13:31:07', '2015-10-16 13:31:07', 0),
(595, 245, '小野', NULL, '2015-10-16 13:31:07', '2015-10-16 13:31:07', 0),
(596, 245, 'その他', NULL, '2015-10-16 13:31:07', '2015-10-16 13:31:07', 0),
(597, 245, '姫路', NULL, '2015-10-16 13:31:07', '2015-10-16 13:31:07', 0),
(598, 246, '大津', NULL, '2015-10-16 13:31:07', '2015-10-16 13:31:07', 0),
(599, 246, 'その他', NULL, '2015-10-16 13:31:07', '2015-10-16 13:31:07', 0),
(600, 247, '和歌山', NULL, '2015-10-16 13:31:07', '2015-10-16 13:31:07', 0),
(601, 247, 'その他', NULL, '2015-10-16 13:31:07', '2015-10-16 13:31:07', 0),
(602, 248, '奈良市', NULL, '2015-10-16 13:31:07', '2015-10-16 13:31:07', 0),
(603, 248, 'その他', NULL, '2015-10-16 13:31:07', '2015-10-16 13:31:07', 0),
(604, 249, '中州', NULL, '2015-10-16 13:31:07', '2015-10-16 13:31:07', 0),
(605, 249, '博多駅前', NULL, '2015-10-16 13:31:07', '2015-10-16 13:31:07', 0),
(606, 249, '雑餉隈', NULL, '2015-10-16 13:31:07', '2015-10-16 13:31:07', 0),
(607, 249, '博多区その他', NULL, '2015-10-16 13:31:07', '2015-10-16 13:31:07', 0),
(608, 250, '春吉/西中州', NULL, '2015-10-16 13:31:07', '2015-10-16 13:31:07', 0),
(609, 250, '天神', NULL, '2015-10-16 13:31:07', '2015-10-16 13:31:07', 0),
(610, 250, '中央区その他', NULL, '2015-10-16 13:31:07', '2015-10-16 13:31:07', 0),
(611, 251, '大橋', NULL, '2015-10-16 13:31:07', '2015-10-16 13:31:07', 0),
(612, 252, '西新', NULL, '2015-10-16 13:31:07', '2015-10-16 13:31:07', 0);
INSERT INTO `area_third` (`area_third_id`, `area_second_id`, `area_third_name`, `rank`, `regist_date`, `update_date`, `delete_flg`) VALUES
(613, 253, '飯塚', NULL, '2015-10-16 13:31:07', '2015-10-16 13:31:07', 0),
(614, 254, '田川', NULL, '2015-10-16 13:31:07', '2015-10-16 13:31:07', 0),
(615, 255, '嬉野市', NULL, '2015-10-16 13:31:07', '2015-10-16 13:31:07', 0),
(616, 255, '嬉野', NULL, '2015-10-16 13:31:07', '2015-10-16 13:31:07', 0),
(617, 256, '船大工町', NULL, '2015-10-16 13:31:07', '2015-10-16 13:31:07', 0),
(618, 257, '本島町', NULL, '2015-10-16 13:31:07', '2015-10-16 13:31:07', 0),
(619, 258, '八坂町', NULL, '2015-10-16 13:31:07', '2015-10-16 13:31:07', 0),
(620, 259, '大分市', NULL, '2015-10-16 13:31:07', '2015-10-16 13:31:07', 0),
(621, 259, 'その他', NULL, '2015-10-16 13:31:07', '2015-10-16 13:31:07', 0),
(622, 260, '下通り', NULL, '2015-10-16 13:31:07', '2015-10-16 13:31:07', 0),
(623, 260, '新市街', NULL, '2015-10-16 13:31:07', '2015-10-16 13:31:07', 0),
(624, 260, '花畑', NULL, '2015-10-16 13:31:07', '2015-10-16 13:31:07', 0),
(625, 260, '榮町', NULL, '2015-10-16 13:31:07', '2015-10-16 13:31:07', 0),
(626, 260, '菊池/大津', NULL, '2015-10-16 13:31:07', '2015-10-16 13:31:07', 0),
(627, 261, '中央通り', NULL, '2015-10-16 13:31:07', '2015-10-16 13:31:07', 0),
(628, 261, '橘通り', NULL, '2015-10-16 13:31:07', '2015-10-16 13:31:07', 0),
(629, 262, '鹿児島市', NULL, '2015-10-16 13:31:07', '2015-10-16 13:31:07', 0),
(630, 262, '霧島市', NULL, '2015-10-16 13:31:07', '2015-10-16 13:31:07', 0),
(631, 262, 'その他', NULL, '2015-10-16 13:31:07', '2015-10-16 13:31:07', 0),
(632, 263, '松山/若狭周辺', NULL, '2015-10-16 13:31:07', '2015-10-16 13:31:07', 0),
(633, 264, '読谷村/嘉手納町', NULL, '2015-10-16 13:31:07', '2015-10-16 13:31:07', 0),
(634, 265, 'すすきの', NULL, '2015-10-16 13:31:07', '2015-10-16 13:31:07', 0),
(635, 265, '札幌駅', NULL, '2015-10-16 13:31:07', '2015-10-16 13:31:07', 0),
(636, 265, '北区', NULL, '2015-10-16 13:31:07', '2015-10-16 13:31:07', 0),
(637, 265, '白石区', NULL, '2015-10-16 13:31:07', '2015-10-16 13:31:07', 0),
(638, 266, '千歳市', NULL, '2015-10-16 13:31:07', '2015-10-16 13:31:07', 0),
(639, 267, '旭川市', NULL, '2015-10-16 13:31:07', '2015-10-16 13:31:07', 0),
(640, 268, '函館市', NULL, '2015-10-16 13:31:07', '2015-10-16 13:31:07', 0),
(641, 269, '帯広市', NULL, '2015-10-16 13:31:07', '2015-10-16 13:31:07', 0),
(642, 270, '釧路市', NULL, '2015-10-16 13:31:07', '2015-10-16 13:31:07', 0),
(643, 271, '金沢市', NULL, '2015-10-16 13:31:07', '2015-10-16 13:31:07', 0),
(644, 271, '小松市', NULL, '2015-10-16 13:31:07', '2015-10-16 13:31:07', 0),
(645, 272, '富山市', NULL, '2015-10-16 13:31:07', '2015-10-16 13:31:07', 0),
(646, 272, '魚津市', NULL, '2015-10-16 13:31:07', '2015-10-16 13:31:07', 0),
(647, 272, '氷見市', NULL, '2015-10-16 13:31:07', '2015-10-16 13:31:07', 0),
(648, 273, '福井市', NULL, '2015-10-16 13:31:07', '2015-10-16 13:31:07', 0),
(649, 274, '浜松市', NULL, '2015-10-16 13:31:07', '2015-10-16 13:31:07', 0),
(650, 274, '掛川・磐田・袋井方面', NULL, '2015-10-16 13:31:07', '2015-10-16 13:31:07', 0),
(651, 275, '静岡市', NULL, '2015-10-16 13:31:07', '2015-10-16 13:31:07', 0),
(652, 275, '焼津・藤枝・島田方面', NULL, '2015-10-16 13:31:07', '2015-10-16 13:31:07', 0),
(653, 276, '沼津市', NULL, '2015-10-16 13:31:07', '2015-10-16 13:31:07', 0),
(654, 276, '富士・富士宮方面', NULL, '2015-10-16 13:31:07', '2015-10-16 13:31:07', 0),
(655, 276, '三島・御殿場方面', NULL, '2015-10-16 13:31:07', '2015-10-16 13:31:07', 0),
(656, 276, '熱海・伊東・伊豆方面', NULL, '2015-10-16 13:31:07', '2015-10-16 13:31:07', 0),
(657, 277, '広島市', NULL, '2015-10-16 13:31:07', '2015-10-16 13:31:07', 0),
(658, 277, 'その他', NULL, '2015-10-16 13:31:07', '2015-10-16 13:31:07', 0),
(659, 278, '岡山市', NULL, '2015-10-16 13:31:07', '2015-10-16 13:31:07', 0),
(660, 278, '倉敷市', NULL, '2015-10-16 13:31:07', '2015-10-16 13:31:07', 0),
(661, 278, 'その他', NULL, '2015-10-16 13:31:07', '2015-10-16 13:31:07', 0),
(662, 279, '鳥取市', NULL, '2015-10-16 13:31:07', '2015-10-16 13:31:07', 0),
(663, 279, '米子市', NULL, '2015-10-16 13:31:07', '2015-10-16 13:31:07', 0),
(664, 279, '倉吉市', NULL, '2015-10-16 13:31:07', '2015-10-16 13:31:07', 0),
(665, 279, 'その他', NULL, '2015-10-16 13:31:07', '2015-10-16 13:31:07', 0),
(666, 280, '松江市', NULL, '2015-10-16 13:31:07', '2015-10-16 13:31:07', 0),
(667, 280, '隠岐郡', NULL, '2015-10-16 13:31:07', '2015-10-16 13:31:07', 0),
(668, 280, 'その他', NULL, '2015-10-16 13:31:07', '2015-10-16 13:31:07', 0),
(669, 281, '下関', NULL, '2015-10-16 13:31:07', '2015-10-16 13:31:07', 0),
(670, 281, '宇都宮・小野田市', NULL, '2015-10-16 13:31:07', '2015-10-16 13:31:07', 0),
(671, 281, '山口市・防府市', NULL, '2015-10-16 13:31:07', '2015-10-16 13:31:07', 0),
(672, 281, '周南市・岩国市', NULL, '2015-10-16 13:31:07', '2015-10-16 13:31:07', 0),
(673, 281, '萩市・長門市', NULL, '2015-10-16 13:31:07', '2015-10-16 13:31:07', 0),
(674, 281, 'その他', NULL, '2015-10-16 13:31:07', '2015-10-16 13:31:07', 0),
(675, 282, '松山市', NULL, '2015-10-16 13:31:07', '2015-10-16 13:31:07', 0),
(676, 282, '東予', NULL, '2015-10-16 13:31:07', '2015-10-16 13:31:07', 0),
(677, 283, '高松', NULL, '2015-10-16 13:31:07', '2015-10-16 13:31:07', 0),
(678, 284, '徳島市', NULL, '2015-10-16 13:31:07', '2015-10-16 13:31:07', 0),
(679, 284, 'その他', NULL, '2015-10-16 13:31:07', '2015-10-16 13:31:07', 0),
(680, 285, '高知市', NULL, '2015-10-16 13:31:07', '2015-10-16 13:31:07', 0),
(681, 285, 'その他', NULL, '2015-10-16 13:31:07', '2015-10-16 13:31:07', 0),
(682, 286, '国分町', NULL, '2015-10-16 13:31:07', '2015-10-16 13:31:07', 0),
(683, 286, '仙台駅前', NULL, '2015-10-16 13:31:07', '2015-10-16 13:31:07', 0),
(684, 286, '泉中央', NULL, '2015-10-16 13:31:07', '2015-10-16 13:31:07', 0),
(685, 286, '六丁の目', NULL, '2015-10-16 13:31:07', '2015-10-16 13:31:07', 0),
(686, 286, '古川', NULL, '2015-10-16 13:31:07', '2015-10-16 13:31:07', 0),
(687, 286, '佐沼', NULL, '2015-10-16 13:31:07', '2015-10-16 13:31:07', 0),
(688, 286, '石巻', NULL, '2015-10-16 13:31:07', '2015-10-16 13:31:07', 0),
(689, 287, '郡山', NULL, '2015-10-16 13:31:07', '2015-10-16 13:31:07', 0),
(690, 288, '山形', NULL, '2015-10-16 13:31:07', '2015-10-16 13:31:07', 0),
(691, 288, 'その他', NULL, '2015-10-16 13:31:07', '2015-10-16 13:31:07', 0),
(692, 289, '盛岡', NULL, '2015-10-16 13:31:07', '2015-10-16 13:31:07', 0),
(693, 290, '秋田', NULL, '2015-10-16 13:31:07', '2015-10-16 13:31:07', 0),
(694, 291, '八戸市', NULL, '2015-10-16 13:31:07', '2015-10-16 13:31:07', 0),
(695, 291, '青森市', NULL, '2015-10-16 13:31:07', '2015-10-16 13:31:07', 0),
(696, 291, 'その他', NULL, '2015-10-16 13:31:07', '2015-10-16 13:31:07', 0),
(697, 292, '新潟駅前', NULL, '2015-10-16 13:31:07', '2015-10-16 13:31:07', 0),
(698, 292, '古町', NULL, '2015-10-16 13:31:07', '2015-10-16 13:31:07', 0),
(699, 292, '新八田', NULL, '2015-10-16 13:31:07', '2015-10-16 13:31:07', 0),
(700, 292, 'その他下越', NULL, '2015-10-16 13:31:07', '2015-10-16 13:31:07', 0),
(701, 292, '殿町', NULL, '2015-10-16 13:31:07', '2015-10-16 13:31:07', 0),
(702, 292, '本寺小路', NULL, '2015-10-16 13:31:07', '2015-10-16 13:31:07', 0),
(703, 292, 'その他中越', NULL, '2015-10-16 13:31:07', '2015-10-16 13:31:07', 0),
(704, 292, '高田', NULL, '2015-10-16 13:31:07', '2015-10-16 13:31:07', 0),
(705, 292, '直江津', NULL, '2015-10-16 13:31:07', '2015-10-16 13:31:07', 0),
(706, 293, '長野', NULL, '2015-10-16 13:31:07', '2015-10-16 13:31:07', 0),
(707, 293, '上田', NULL, '2015-10-16 13:31:07', '2015-10-16 13:31:07', 0),
(708, 293, '佐久', NULL, '2015-10-16 13:31:07', '2015-10-16 13:31:07', 0),
(709, 293, '松本', NULL, '2015-10-16 13:31:07', '2015-10-16 13:31:07', 0),
(710, 293, '諏訪', NULL, '2015-10-16 13:31:07', '2015-10-16 13:31:07', 0),
(711, 293, '伊那', NULL, '2015-10-16 13:31:07', '2015-10-16 13:31:07', 0),
(712, 294, '甲府市', NULL, '2015-10-16 13:31:07', '2015-10-16 13:31:07', 0),
(713, 294, '山梨市', NULL, '2015-10-16 13:31:07', '2015-10-16 13:31:07', 0),
(714, 295, '太田', NULL, '2015-10-16 13:31:07', '2015-10-16 13:31:07', 0),
(715, 295, '伊勢崎/足利/舘林', NULL, '2015-10-16 13:31:07', '2015-10-16 13:31:07', 0),
(716, 296, 'JR宇都宮', NULL, '2015-10-16 13:31:07', '2015-10-16 13:31:07', 0),
(717, 296, '東武宇都宮', NULL, '2015-10-16 13:31:07', '2015-10-16 13:31:07', 0),
(718, 296, '小山', NULL, '2015-10-16 13:31:07', '2015-10-16 13:31:07', 0),
(719, 296, '栃木', NULL, '2015-10-16 13:31:07', '2015-10-16 13:31:07', 0),
(720, 296, '太田原', NULL, '2015-10-16 13:31:07', '2015-10-16 13:31:07', 0),
(721, 297, '古河', NULL, '2015-10-16 13:31:07', '2015-10-16 13:31:07', 0),
(722, 297, '取手', NULL, '2015-10-16 13:31:07', '2015-10-16 13:31:07', 0),
(723, 297, '水戸', NULL, '2015-10-16 13:31:07', '2015-10-16 13:31:07', 0),
(724, 297, 'ひたちなか', NULL, '2015-10-16 13:31:07', '2015-10-16 13:31:07', 0),
(725, 297, '日立', NULL, '2015-10-16 13:31:07', '2015-10-16 13:31:07', 0),
(726, 297, '神栖', NULL, '2015-10-16 13:31:07', '2015-10-16 13:31:07', 0),
(727, 298, '新宿/歌舞伎町', NULL, '2015-10-16 13:31:07', '2015-10-16 13:31:07', 0),
(728, 298, '高田馬場', NULL, '2015-10-16 13:31:07', '2015-10-16 13:31:07', 0),
(729, 299, '池袋', NULL, '2015-10-16 13:31:07', '2015-10-16 13:31:07', 0),
(730, 300, '渋谷', NULL, '2015-10-16 13:31:07', '2015-10-16 13:31:07', 0),
(731, 300, '恵比寿', NULL, '2015-10-16 13:31:07', '2015-10-16 13:31:07', 0),
(732, 301, '六本木', NULL, '2015-10-16 13:31:07', '2015-10-16 13:31:07', 0),
(733, 302, '赤坂', NULL, '2015-10-16 13:31:07', '2015-10-16 13:31:07', 0),
(734, 303, '銀座', NULL, '2015-10-16 13:31:07', '2015-10-16 13:31:07', 0),
(735, 303, '新橋', NULL, '2015-10-16 13:31:07', '2015-10-16 13:31:07', 0),
(736, 304, '人形町/小伝馬町', NULL, '2015-10-16 13:31:07', '2015-10-16 13:31:07', 0),
(737, 305, '四ツ谷', NULL, '2015-10-16 13:31:07', '2015-10-16 13:31:07', 0),
(738, 306, '秋葉原', NULL, '2015-10-16 13:31:07', '2015-10-16 13:31:07', 0),
(739, 306, '神田/御茶の水', NULL, '2015-10-16 13:31:07', '2015-10-16 13:31:07', 0),
(740, 306, '神保町/水道橋', NULL, '2015-10-16 13:31:07', '2015-10-16 13:31:07', 0),
(741, 307, '上野/御徒町/湯島', NULL, '2015-10-16 13:31:07', '2015-10-16 13:31:07', 0),
(742, 307, '浅草', NULL, '2015-10-16 13:31:07', '2015-10-16 13:31:07', 0),
(743, 307, '浅草橋/蔵前', NULL, '2015-10-16 13:31:07', '2015-10-16 13:31:07', 0),
(744, 307, '鶯谷/入谷', NULL, '2015-10-16 13:31:07', '2015-10-16 13:31:07', 0),
(745, 307, '日暮里', NULL, '2015-10-16 13:31:07', '2015-10-16 13:31:07', 0),
(746, 308, '両国/錦糸町', NULL, '2015-10-16 13:31:07', '2015-10-16 13:31:07', 0),
(747, 308, '小岩/新小岩', NULL, '2015-10-16 13:31:07', '2015-10-16 13:31:07', 0),
(748, 309, '門前仲町/木馬/東陽町', NULL, '2015-10-16 13:31:07', '2015-10-16 13:31:07', 0),
(749, 309, '葛西/西葛西', NULL, '2015-10-16 13:31:07', '2015-10-16 13:31:07', 0),
(750, 310, '浜松町/芝公園', NULL, '2015-10-16 13:31:07', '2015-10-16 13:31:07', 0),
(751, 311, '大井町/青物横丁', NULL, '2015-10-16 13:31:07', '2015-10-16 13:31:07', 0),
(752, 311, '大森/平和島', NULL, '2015-10-16 13:31:07', '2015-10-16 13:31:07', 0),
(753, 311, '蒲田', NULL, '2015-10-16 13:31:07', '2015-10-16 13:31:07', 0),
(754, 312, '五反田', NULL, '2015-10-16 13:31:07', '2015-10-16 13:31:07', 0),
(755, 313, '中目黒/祐天寺', NULL, '2015-10-16 13:31:07', '2015-10-16 13:31:07', 0),
(756, 313, '自由が丘', NULL, '2015-10-16 13:31:07', '2015-10-16 13:31:07', 0),
(757, 313, '三軒茶屋', NULL, '2015-10-16 13:31:07', '2015-10-16 13:31:07', 0),
(758, 314, '下北沢', NULL, '2015-10-16 13:31:07', '2015-10-16 13:31:07', 0),
(759, 314, '下高井戸/千歳鳥山', NULL, '2015-10-16 13:31:07', '2015-10-16 13:31:07', 0),
(760, 315, '中野', NULL, '2015-10-16 13:31:07', '2015-10-16 13:31:07', 0),
(761, 315, '中野坂上/方南町', NULL, '2015-10-16 13:31:07', '2015-10-16 13:31:07', 0),
(762, 315, '高円寺', NULL, '2015-10-16 13:31:07', '2015-10-16 13:31:07', 0),
(763, 315, '阿佐ヶ谷', NULL, '2015-10-16 13:31:07', '2015-10-16 13:31:07', 0),
(764, 315, '荻窪', NULL, '2015-10-16 13:31:07', '2015-10-16 13:31:07', 0),
(765, 316, '吉祥寺', NULL, '2015-10-16 13:31:07', '2015-10-16 13:31:07', 0),
(766, 317, '大山/東武練馬<東武車上線>', NULL, '2015-10-16 13:31:07', '2015-10-16 13:31:07', 0),
(767, 318, '巣鴨/駒込/白山', NULL, '2015-10-16 13:31:07', '2015-10-16 13:31:07', 0),
(768, 318, '大塚/護国寺', NULL, '2015-10-16 13:31:07', '2015-10-16 13:31:07', 0),
(769, 318, '十条', NULL, '2015-10-16 13:31:07', '2015-10-16 13:31:07', 0),
(770, 318, '赤羽', NULL, '2015-10-16 13:31:07', '2015-10-16 13:31:07', 0),
(771, 319, '北千住', NULL, '2015-10-16 13:31:07', '2015-10-16 13:31:07', 0),
(772, 319, '葛飾/柴又', NULL, '2015-10-16 13:31:07', '2015-10-16 13:31:07', 0),
(773, 319, '綾瀬/竹ノ塚', NULL, '2015-10-16 13:31:07', '2015-10-16 13:31:07', 0),
(774, 320, '国分寺', NULL, '2015-10-16 13:31:07', '2015-10-16 13:31:07', 0),
(775, 321, '調布', NULL, '2015-10-16 13:31:07', '2015-10-16 13:31:07', 0),
(776, 321, '府中', NULL, '2015-10-16 13:31:07', '2015-10-16 13:31:07', 0),
(777, 322, '町田', NULL, '2015-10-16 13:31:07', '2015-10-16 13:31:07', 0),
(778, 322, '多摩/聖蹟桜ケ丘', NULL, '2015-10-16 13:31:07', '2015-10-16 13:31:07', 0),
(779, 323, '西東京', NULL, '2015-10-16 13:31:07', '2015-10-16 13:31:07', 0),
(780, 323, '東久留米', NULL, '2015-10-16 13:31:07', '2015-10-16 13:31:07', 0),
(781, 323, '清瀬', NULL, '2015-10-16 13:31:07', '2015-10-16 13:31:07', 0),
(782, 323, '小平', NULL, '2015-10-16 13:31:07', '2015-10-16 13:31:07', 0),
(783, 323, '東村山', NULL, '2015-10-16 13:31:07', '2015-10-16 13:31:07', 0),
(784, 324, '立川', NULL, '2015-10-16 13:31:07', '2015-10-16 13:31:07', 0),
(785, 324, '日野/豊田', NULL, '2015-10-16 13:31:07', '2015-10-16 13:31:07', 0),
(786, 324, '八王子', NULL, '2015-10-16 13:31:07', '2015-10-16 13:31:07', 0),
(787, 325, '横浜駅周辺', NULL, '2015-10-16 13:31:07', '2015-10-16 13:31:07', 0),
(788, 325, '桜木町/高島町', NULL, '2015-10-16 13:31:07', '2015-10-16 13:31:07', 0),
(789, 325, '関内/伊勢佐木町', NULL, '2015-10-16 13:31:07', '2015-10-16 13:31:07', 0),
(790, 326, '新横浜駅周辺', NULL, '2015-10-16 13:31:07', '2015-10-16 13:31:07', 0),
(791, 326, '鶴見', NULL, '2015-10-16 13:31:07', '2015-10-16 13:31:07', 0),
(792, 327, '戸塚/東戸塚', NULL, '2015-10-16 13:31:07', '2015-10-16 13:31:07', 0),
(793, 327, '上大岡/永谷', NULL, '2015-10-16 13:31:07', '2015-10-16 13:31:07', 0),
(794, 327, '磯子/根岸/杉田', NULL, '2015-10-16 13:31:07', '2015-10-16 13:31:07', 0),
(795, 328, '大船/北鎌倉', NULL, '2015-10-16 13:31:07', '2015-10-16 13:31:07', 0),
(796, 328, '藤沢/辻堂', NULL, '2015-10-16 13:31:07', '2015-10-16 13:31:07', 0),
(797, 328, '茅ヶ崎', NULL, '2015-10-16 13:31:07', '2015-10-16 13:31:07', 0),
(798, 328, '平塚', NULL, '2015-10-16 13:31:07', '2015-10-16 13:31:07', 0),
(799, 329, '川崎駅周辺', NULL, '2015-10-16 13:31:07', '2015-10-16 13:31:07', 0),
(800, 329, '中原区<武蔵小杉周辺>', NULL, '2015-10-16 13:31:07', '2015-10-16 13:31:07', 0),
(801, 329, '高津区<溝の口周辺>', NULL, '2015-10-16 13:31:07', '2015-10-16 13:31:07', 0),
(802, 329, '多摩区', NULL, '2015-10-16 13:31:07', '2015-10-16 13:31:07', 0),
(803, 329, '宮前区', NULL, '2015-10-16 13:31:07', '2015-10-16 13:31:07', 0),
(804, 330, '相模原市', NULL, '2015-10-16 13:31:07', '2015-10-16 13:31:07', 0),
(805, 330, '大和市', NULL, '2015-10-16 13:31:07', '2015-10-16 13:31:07', 0),
(806, 331, '厚木市', NULL, '2015-10-16 13:31:07', '2015-10-16 13:31:07', 0),
(807, 332, '小田原', NULL, '2015-10-16 13:31:07', '2015-10-16 13:31:07', 0),
(808, 333, '大宮/与野周辺', NULL, '2015-10-16 13:31:07', '2015-10-16 13:31:07', 0),
(809, 333, '浦和周辺', NULL, '2015-10-16 13:31:07', '2015-10-16 13:31:07', 0),
(810, 334, '川口/鳩ケ谷', NULL, '2015-10-16 13:31:07', '2015-10-16 13:31:07', 0),
(811, 334, '戸田/蕨', NULL, '2015-10-16 13:31:07', '2015-10-16 13:31:07', 0),
(812, 334, '越谷/草加', NULL, '2015-10-16 13:31:07', '2015-10-16 13:31:07', 0),
(813, 334, '春日部市', NULL, '2015-10-16 13:31:07', '2015-10-16 13:31:07', 0),
(814, 334, '三郷/吉川周辺', NULL, '2015-10-16 13:31:07', '2015-10-16 13:31:07', 0),
(815, 335, '和光/新座/朝霞', NULL, '2015-10-16 13:31:07', '2015-10-16 13:31:07', 0),
(816, 335, '富士見/志木周辺', NULL, '2015-10-16 13:31:07', '2015-10-16 13:31:07', 0),
(817, 335, '川越市', NULL, '2015-10-16 13:31:07', '2015-10-16 13:31:07', 0),
(818, 336, '上尾/鴻巣周辺', NULL, '2015-10-16 13:31:07', '2015-10-16 13:31:07', 0),
(819, 336, '久喜/蓮田周辺', NULL, '2015-10-16 13:31:07', '2015-10-16 13:31:07', 0),
(820, 336, '行田/加須周辺', NULL, '2015-10-16 13:31:07', '2015-10-16 13:31:07', 0),
(821, 337, '熊谷市', NULL, '2015-10-16 13:31:07', '2015-10-16 13:31:07', 0),
(822, 338, '所沢市', NULL, '2015-10-16 13:31:07', '2015-10-16 13:31:07', 0),
(823, 339, '中央区', NULL, '2015-10-16 13:31:07', '2015-10-16 13:31:07', 0),
(824, 339, '幕張新都心', NULL, '2015-10-16 13:31:07', '2015-10-16 13:31:07', 0),
(825, 339, '美浜区', NULL, '2015-10-16 13:31:07', '2015-10-16 13:31:07', 0),
(826, 339, '稲毛区/花見川区', NULL, '2015-10-16 13:31:07', '2015-10-16 13:31:07', 0),
(827, 340, '船橋市', NULL, '2015-10-16 13:31:07', '2015-10-16 13:31:07', 0),
(828, 340, '市川市', NULL, '2015-10-16 13:31:07', '2015-10-16 13:31:07', 0),
(829, 340, '浦安/東京ディズニーリゾート', NULL, '2015-10-16 13:31:07', '2015-10-16 13:31:07', 0),
(830, 340, '津田沼/習志野/八千代', NULL, '2015-10-16 13:31:07', '2015-10-16 13:31:07', 0),
(831, 341, '柏市', NULL, '2015-10-16 13:31:07', '2015-10-16 13:31:07', 0),
(832, 341, '松戸市', NULL, '2015-10-16 13:31:07', '2015-10-16 13:31:07', 0),
(833, 341, '鎌ヶ谷/白井', NULL, '2015-10-16 13:31:07', '2015-10-16 13:31:07', 0),
(834, 342, '成田', NULL, '2015-10-16 13:31:07', '2015-10-16 13:31:07', 0),
(835, 342, '佐倉/印旛沼', NULL, '2015-10-16 13:31:07', '2015-10-16 13:31:07', 0),
(836, 343, '市原', NULL, '2015-10-16 13:31:07', '2015-10-16 13:31:07', 0),
(837, 344, '錦/栄', NULL, '2015-10-16 13:31:07', '2015-10-16 13:31:07', 0),
(838, 344, '名駅/中村区', NULL, '2015-10-16 13:31:07', '2015-10-16 13:31:07', 0),
(839, 344, '金山', NULL, '2015-10-16 13:31:07', '2015-10-16 13:31:07', 0),
(840, 344, '新栄/東新町', NULL, '2015-10-16 13:31:07', '2015-10-16 13:31:07', 0),
(841, 344, '千種/今池/池下', NULL, '2015-10-16 13:31:07', '2015-10-16 13:31:07', 0),
(842, 344, '大曽根/北区', NULL, '2015-10-16 13:31:07', '2015-10-16 13:31:07', 0),
(843, 344, '藤が丘/守山区', NULL, '2015-10-16 13:31:07', '2015-10-16 13:31:07', 0),
(844, 344, '天白区/瑞穂区/緑区', NULL, '2015-10-16 13:31:07', '2015-10-16 13:31:07', 0),
(845, 344, '南区/港区/中川区', NULL, '2015-10-16 13:31:07', '2015-10-16 13:31:07', 0),
(846, 345, '一宮', NULL, '2015-10-16 13:31:07', '2015-10-16 13:31:07', 0),
(847, 345, '稲沢', NULL, '2015-10-16 13:31:07', '2015-10-16 13:31:07', 0),
(848, 345, '愛西/蟹江/弥富', NULL, '2015-10-16 13:31:07', '2015-10-16 13:31:07', 0),
(849, 346, '春日井', NULL, '2015-10-16 13:31:07', '2015-10-16 13:31:07', 0),
(850, 346, '小牧', NULL, '2015-10-16 13:31:07', '2015-10-16 13:31:07', 0),
(851, 346, '犬山', NULL, '2015-10-16 13:31:07', '2015-10-16 13:31:07', 0),
(852, 346, '北名古屋', NULL, '2015-10-16 13:31:07', '2015-10-16 13:31:07', 0),
(853, 347, '尾張旭', NULL, '2015-10-16 13:31:07', '2015-10-16 13:31:07', 0),
(854, 347, '日進/赤池', NULL, '2015-10-16 13:31:07', '2015-10-16 13:31:07', 0),
(855, 348, '豊田', NULL, '2015-10-16 13:31:07', '2015-10-16 13:31:07', 0),
(856, 348, '岡崎', NULL, '2015-10-16 13:31:07', '2015-10-16 13:31:07', 0),
(857, 349, '安城', NULL, '2015-10-16 13:31:07', '2015-10-16 13:31:07', 0),
(858, 349, '刈谷', NULL, '2015-10-16 13:31:07', '2015-10-16 13:31:07', 0),
(859, 349, '知立', NULL, '2015-10-16 13:31:07', '2015-10-16 13:31:07', 0),
(860, 349, '大府', NULL, '2015-10-16 13:31:07', '2015-10-16 13:31:07', 0),
(861, 350, '半田', NULL, '2015-10-16 13:31:07', '2015-10-16 13:31:07', 0),
(862, 350, '知多方面', NULL, '2015-10-16 13:31:07', '2015-10-16 13:31:07', 0),
(863, 350, '東海市', NULL, '2015-10-16 13:31:07', '2015-10-16 13:31:07', 0),
(864, 351, '豊橋', NULL, '2015-10-16 13:31:07', '2015-10-16 13:31:07', 0),
(865, 351, '豊川', NULL, '2015-10-16 13:31:07', '2015-10-16 13:31:07', 0),
(866, 352, '岐阜市/柳ケ瀬', NULL, '2015-10-16 13:31:07', '2015-10-16 13:31:07', 0),
(867, 352, '岐南', NULL, '2015-10-16 13:31:07', '2015-10-16 13:31:07', 0),
(868, 352, '各務原', NULL, '2015-10-16 13:31:07', '2015-10-16 13:31:07', 0),
(869, 352, '多治見', NULL, '2015-10-16 13:31:07', '2015-10-16 13:31:07', 0),
(870, 352, '可児', NULL, '2015-10-16 13:31:07', '2015-10-16 13:31:07', 0),
(871, 352, '美濃加茂', NULL, '2015-10-16 13:31:07', '2015-10-16 13:31:07', 0),
(872, 352, '大垣', NULL, '2015-10-16 13:31:07', '2015-10-16 13:31:07', 0),
(873, 353, '四日市/桑名', NULL, '2015-10-16 13:31:07', '2015-10-16 13:31:07', 0),
(874, 353, '鈴鹿/津', NULL, '2015-10-16 13:31:07', '2015-10-16 13:31:07', 0),
(875, 353, '松阪/伊勢', NULL, '2015-10-16 13:31:07', '2015-10-16 13:31:07', 0),
(876, 354, '梅田', NULL, '2015-10-16 13:31:07', '2015-10-16 13:31:07', 0),
(877, 354, '北新地', NULL, '2015-10-16 13:31:07', '2015-10-16 13:31:07', 0),
(878, 354, 'キタ周辺', NULL, '2015-10-16 13:31:07', '2015-10-16 13:31:07', 0),
(879, 355, '難波', NULL, '2015-10-16 13:31:07', '2015-10-16 13:31:07', 0),
(880, 355, '心斎橋', NULL, '2015-10-16 13:31:07', '2015-10-16 13:31:07', 0),
(881, 355, '道頓堀/宗右衛門町', NULL, '2015-10-16 13:31:07', '2015-10-16 13:31:07', 0),
(882, 355, '日本橋', NULL, '2015-10-16 13:31:07', '2015-10-16 13:31:07', 0),
(883, 356, '新大阪/西中島', NULL, '2015-10-16 13:31:07', '2015-10-16 13:31:07', 0),
(884, 356, '十三・塚本', NULL, '2015-10-16 13:31:07', '2015-10-16 13:31:07', 0),
(885, 357, '吹田', NULL, '2015-10-16 13:31:07', '2015-10-16 13:31:07', 0),
(886, 357, '豊中', NULL, '2015-10-16 13:31:07', '2015-10-16 13:31:07', 0),
(887, 357, '高槻', NULL, '2015-10-16 13:31:07', '2015-10-16 13:31:07', 0),
(888, 357, '茨木', NULL, '2015-10-16 13:31:07', '2015-10-16 13:31:07', 0),
(889, 357, 'その他北大阪', NULL, '2015-10-16 13:31:07', '2015-10-16 13:31:07', 0),
(890, 358, '京橋', NULL, '2015-10-16 13:31:07', '2015-10-16 13:31:07', 0),
(891, 359, '寝屋川', NULL, '2015-10-16 13:31:07', '2015-10-16 13:31:07', 0),
(892, 359, '枚方', NULL, '2015-10-16 13:31:07', '2015-10-16 13:31:07', 0),
(893, 359, 'その他京阪', NULL, '2015-10-16 13:31:07', '2015-10-16 13:31:07', 0),
(894, 360, '布施', NULL, '2015-10-16 13:31:07', '2015-10-16 13:31:07', 0),
(895, 360, '平野', NULL, '2015-10-16 13:31:07', '2015-10-16 13:31:07', 0),
(896, 360, '八尾', NULL, '2015-10-16 13:31:07', '2015-10-16 13:31:07', 0),
(897, 361, '堺東', NULL, '2015-10-16 13:31:07', '2015-10-16 13:31:07', 0),
(898, 362, '祇園/先斗町', NULL, '2015-10-16 13:31:07', '2015-10-16 13:31:07', 0),
(899, 362, '河原町', NULL, '2015-10-16 13:31:07', '2015-10-16 13:31:07', 0),
(900, 362, '木屋町', NULL, '2015-10-16 13:31:07', '2015-10-16 13:31:07', 0),
(901, 362, '鳥丸/西院', NULL, '2015-10-16 13:31:07', '2015-10-16 13:31:07', 0),
(902, 362, '山科', NULL, '2015-10-16 13:31:07', '2015-10-16 13:31:07', 0),
(903, 363, '三宮', NULL, '2015-10-16 13:31:07', '2015-10-16 13:31:07', 0),
(904, 363, '尼崎', NULL, '2015-10-16 13:31:07', '2015-10-16 13:31:07', 0),
(905, 363, '小野', NULL, '2015-10-16 13:31:07', '2015-10-16 13:31:07', 0),
(906, 363, 'その他', NULL, '2015-10-16 13:31:07', '2015-10-16 13:31:07', 0),
(907, 363, '姫路', NULL, '2015-10-16 13:31:07', '2015-10-16 13:31:07', 0),
(908, 364, '大津', NULL, '2015-10-16 13:31:07', '2015-10-16 13:31:07', 0),
(909, 364, 'その他', NULL, '2015-10-16 13:31:07', '2015-10-16 13:31:07', 0),
(910, 365, '和歌山', NULL, '2015-10-16 13:31:07', '2015-10-16 13:31:07', 0),
(911, 365, 'その他', NULL, '2015-10-16 13:31:07', '2015-10-16 13:31:07', 0),
(912, 366, '奈良市', NULL, '2015-10-16 13:31:07', '2015-10-16 13:31:07', 0),
(913, 366, 'その他', NULL, '2015-10-16 13:31:07', '2015-10-16 13:31:07', 0),
(914, 367, '中州', NULL, '2015-10-16 13:31:07', '2015-10-16 13:31:07', 0),
(915, 367, '博多駅前', NULL, '2015-10-16 13:31:07', '2015-10-16 13:31:07', 0),
(916, 367, '雑餉隈', NULL, '2015-10-16 13:31:07', '2015-10-16 13:31:07', 0),
(917, 367, '博多区その他', NULL, '2015-10-16 13:31:07', '2015-10-16 13:31:07', 0),
(918, 368, '春吉/西中州', NULL, '2015-10-16 13:31:07', '2015-10-16 13:31:07', 0),
(919, 368, '天神', NULL, '2015-10-16 13:31:07', '2015-10-16 13:31:07', 0),
(920, 368, '中央区その他', NULL, '2015-10-16 13:31:07', '2015-10-16 13:31:07', 0),
(921, 369, '大橋', NULL, '2015-10-16 13:31:07', '2015-10-16 13:31:07', 0),
(922, 370, '西新', NULL, '2015-10-16 13:31:07', '2015-10-16 13:31:07', 0),
(923, 371, '飯塚', NULL, '2015-10-16 13:31:07', '2015-10-16 13:31:07', 0),
(924, 372, '田川', NULL, '2015-10-16 13:31:07', '2015-10-16 13:31:07', 0),
(925, 373, '嬉野市', NULL, '2015-10-16 13:31:07', '2015-10-16 13:31:07', 0),
(926, 373, '嬉野', NULL, '2015-10-16 13:31:07', '2015-10-16 13:31:07', 0),
(927, 374, '船大工町', NULL, '2015-10-16 13:31:07', '2015-10-16 13:31:07', 0),
(928, 375, '本島町', NULL, '2015-10-16 13:31:07', '2015-10-16 13:31:07', 0),
(929, 376, '八坂町', NULL, '2015-10-16 13:31:07', '2015-10-16 13:31:07', 0),
(930, 377, '大分市', NULL, '2015-10-16 13:31:07', '2015-10-16 13:31:07', 0),
(931, 377, 'その他', NULL, '2015-10-16 13:31:07', '2015-10-16 13:31:07', 0),
(932, 378, '下通り', NULL, '2015-10-16 13:31:07', '2015-10-16 13:31:07', 0),
(933, 378, '新市街', NULL, '2015-10-16 13:31:07', '2015-10-16 13:31:07', 0),
(934, 378, '花畑', NULL, '2015-10-16 13:31:07', '2015-10-16 13:31:07', 0),
(935, 378, '榮町', NULL, '2015-10-16 13:31:07', '2015-10-16 13:31:07', 0),
(936, 378, '菊池/大津', NULL, '2015-10-16 13:31:07', '2015-10-16 13:31:07', 0),
(937, 379, '中央通り', NULL, '2015-10-16 13:31:07', '2015-10-16 13:31:07', 0),
(938, 379, '橘通り', NULL, '2015-10-16 13:31:07', '2015-10-16 13:31:07', 0),
(939, 380, '鹿児島市', NULL, '2015-10-16 13:31:07', '2015-10-16 13:31:07', 0),
(940, 380, '霧島市', NULL, '2015-10-16 13:31:07', '2015-10-16 13:31:07', 0),
(941, 380, 'その他', NULL, '2015-10-16 13:31:07', '2015-10-16 13:31:07', 0),
(942, 381, '松山/若狭周辺', NULL, '2015-10-16 13:31:07', '2015-10-16 13:31:07', 0),
(943, 382, '読谷村/嘉手納町', NULL, '2015-10-16 13:31:07', '2015-10-16 13:31:07', 0),
(944, 383, 'すすきの', NULL, '2015-10-16 13:31:07', '2015-10-16 13:31:07', 0),
(945, 383, '札幌駅', NULL, '2015-10-16 13:31:07', '2015-10-16 13:31:07', 0),
(946, 383, '北区', NULL, '2015-10-16 13:31:07', '2015-10-16 13:31:07', 0),
(947, 383, '白石区', NULL, '2015-10-16 13:31:07', '2015-10-16 13:31:07', 0),
(948, 384, '千歳市', NULL, '2015-10-16 13:31:07', '2015-10-16 13:31:07', 0),
(949, 385, '旭川市', NULL, '2015-10-16 13:31:07', '2015-10-16 13:31:07', 0),
(950, 386, '函館市', NULL, '2015-10-16 13:31:07', '2015-10-16 13:31:07', 0),
(951, 387, '帯広市', NULL, '2015-10-16 13:31:07', '2015-10-16 13:31:07', 0),
(952, 388, '釧路市', NULL, '2015-10-16 13:31:07', '2015-10-16 13:31:07', 0),
(953, 389, '金沢市', NULL, '2015-10-16 13:31:07', '2015-10-16 13:31:07', 0),
(954, 389, '小松市', NULL, '2015-10-16 13:31:07', '2015-10-16 13:31:07', 0),
(955, 390, '富山市', NULL, '2015-10-16 13:31:07', '2015-10-16 13:31:07', 0),
(956, 390, '魚津市', NULL, '2015-10-16 13:31:07', '2015-10-16 13:31:07', 0),
(957, 390, '氷見市', NULL, '2015-10-16 13:31:07', '2015-10-16 13:31:07', 0),
(958, 391, '福井市', NULL, '2015-10-16 13:31:07', '2015-10-16 13:31:07', 0),
(959, 392, '浜松市', NULL, '2015-10-16 13:31:07', '2015-10-16 13:31:07', 0),
(960, 392, '掛川・磐田・袋井方面', NULL, '2015-10-16 13:31:07', '2015-10-16 13:31:07', 0),
(961, 393, '静岡市', NULL, '2015-10-16 13:31:07', '2015-10-16 13:31:07', 0),
(962, 393, '焼津・藤枝・島田方面', NULL, '2015-10-16 13:31:07', '2015-10-16 13:31:07', 0),
(963, 394, '沼津市', NULL, '2015-10-16 13:31:07', '2015-10-16 13:31:07', 0),
(964, 394, '富士・富士宮方面', NULL, '2015-10-16 13:31:07', '2015-10-16 13:31:07', 0),
(965, 394, '三島・御殿場方面', NULL, '2015-10-16 13:31:07', '2015-10-16 13:31:07', 0),
(966, 394, '熱海・伊東・伊豆方面', NULL, '2015-10-16 13:31:07', '2015-10-16 13:31:07', 0),
(967, 395, '広島市', NULL, '2015-10-16 13:31:07', '2015-10-16 13:31:07', 0),
(968, 395, 'その他', NULL, '2015-10-16 13:31:07', '2015-10-16 13:31:07', 0),
(969, 396, '岡山市', NULL, '2015-10-16 13:31:07', '2015-10-16 13:31:07', 0),
(970, 396, '倉敷市', NULL, '2015-10-16 13:31:07', '2015-10-16 13:31:07', 0),
(971, 396, 'その他', NULL, '2015-10-16 13:31:07', '2015-10-16 13:31:07', 0),
(972, 397, '鳥取市', NULL, '2015-10-16 13:31:07', '2015-10-16 13:31:07', 0),
(973, 397, '米子市', NULL, '2015-10-16 13:31:07', '2015-10-16 13:31:07', 0),
(974, 397, '倉吉市', NULL, '2015-10-16 13:31:07', '2015-10-16 13:31:07', 0),
(975, 397, 'その他', NULL, '2015-10-16 13:31:07', '2015-10-16 13:31:07', 0),
(976, 398, '松江市', NULL, '2015-10-16 13:31:07', '2015-10-16 13:31:07', 0),
(977, 398, '隠岐郡', NULL, '2015-10-16 13:31:07', '2015-10-16 13:31:07', 0),
(978, 398, 'その他', NULL, '2015-10-16 13:31:07', '2015-10-16 13:31:07', 0),
(979, 399, '下関', NULL, '2015-10-16 13:31:07', '2015-10-16 13:31:07', 0),
(980, 399, '宇都宮・小野田市', NULL, '2015-10-16 13:31:07', '2015-10-16 13:31:07', 0),
(981, 399, '山口市・防府市', NULL, '2015-10-16 13:31:07', '2015-10-16 13:31:07', 0),
(982, 399, '周南市・岩国市', NULL, '2015-10-16 13:31:07', '2015-10-16 13:31:07', 0),
(983, 399, '萩市・長門市', NULL, '2015-10-16 13:31:07', '2015-10-16 13:31:07', 0),
(984, 399, 'その他', NULL, '2015-10-16 13:31:07', '2015-10-16 13:31:07', 0),
(985, 400, '松山市', NULL, '2015-10-16 13:31:07', '2015-10-16 13:31:07', 0),
(986, 400, '東予', NULL, '2015-10-16 13:31:07', '2015-10-16 13:31:07', 0),
(987, 401, '高松', NULL, '2015-10-16 13:31:07', '2015-10-16 13:31:07', 0),
(988, 402, '徳島市', NULL, '2015-10-16 13:31:07', '2015-10-16 13:31:07', 0),
(989, 402, 'その他', NULL, '2015-10-16 13:31:07', '2015-10-16 13:31:07', 0),
(990, 403, '高知市', NULL, '2015-10-16 13:31:07', '2015-10-16 13:31:07', 0),
(991, 403, 'その他', NULL, '2015-10-16 13:31:07', '2015-10-16 13:31:07', 0);

-- --------------------------------------------------------

--
-- テーブルの構造 `autologin_account`
--

CREATE TABLE IF NOT EXISTS `autologin_account` (
  `autologin_account_id` bigint(20) NOT NULL AUTO_INCREMENT COMMENT '自動ログイン管理ID',
  `login_key` varchar(256) NOT NULL COMMENT '鍵',
  `account_id` bigint(20) NOT NULL COMMENT 'アカウントID',
  `limit_date` datetime NOT NULL COMMENT '期限日時',
  `delete_flg` tinyint(4) NOT NULL DEFAULT '0' COMMENT '削除フラグ : 0：未削除、1：削除済み',
  PRIMARY KEY (`autologin_account_id`)
) ENGINE=InnoDB DEFAULT CHARSET=utf8 COMMENT='自動ログイン管理(管理用)' AUTO_INCREMENT=1 ;

-- --------------------------------------------------------

--
-- テーブルの構造 `autologin_store`
--

CREATE TABLE IF NOT EXISTS `autologin_store` (
  `autologin_store_id` bigint(20) NOT NULL AUTO_INCREMENT COMMENT '自動ログインID',
  `store_id` mediumint(9) NOT NULL COMMENT '店舗ID',
  `login_key` varchar(256) NOT NULL COMMENT '鍵',
  `limit_date` datetime NOT NULL COMMENT '期限日時',
  `delete_flg` tinyint(4) NOT NULL DEFAULT '0' COMMENT '削除フラグ : 0：未削除、1：削除済み',
  PRIMARY KEY (`autologin_store_id`)
) ENGINE=InnoDB DEFAULT CHARSET=utf8 COMMENT='自動ログイン管理(店舗用)' AUTO_INCREMENT=1 ;

-- --------------------------------------------------------

--
-- テーブルの構造 `autologin_user`
--

CREATE TABLE IF NOT EXISTS `autologin_user` (
  `autologin_user_id` bigint(20) NOT NULL AUTO_INCREMENT COMMENT '自動ログインユーザーID',
  `login_key` varchar(256) NOT NULL COMMENT '鍵',
  `user_id` bigint(20) NOT NULL COMMENT 'ユーザーID : 会員番号',
  `limit_date` datetime NOT NULL COMMENT '期限日時',
  `delete_flg` tinyint(4) NOT NULL DEFAULT '0' COMMENT '削除フラグ : 0：未削除、1：削除済み',
  PRIMARY KEY (`autologin_user_id`)
) ENGINE=InnoDB DEFAULT CHARSET=utf8 COMMENT='自動ログインユーザー' AUTO_INCREMENT=1 ;

-- --------------------------------------------------------

--
-- テーブルの構造 `automail`
--

CREATE TABLE IF NOT EXISTS `automail` (
  `automail_id` bigint(20) NOT NULL AUTO_INCREMENT COMMENT 'メールテンプレートID',
  `name` varchar(256) DEFAULT NULL COMMENT 'メールテンプレート名',
  `subject` varchar(256) NOT NULL COMMENT '件名',
  `from_name` varchar(256) NOT NULL COMMENT '送信者名',
  `from_mail` varchar(256) NOT NULL COMMENT '送信元メールアドレス',
  `return_path` varchar(256) NOT NULL COMMENT 'エラー時の返信先メールアドレス',
  `body` text NOT NULL COMMENT '本文',
  `regist_date` datetime NOT NULL COMMENT '登録日時',
  `update_date` datetime NOT NULL COMMENT '変更日時',
  `delete_flg` tinyint(4) NOT NULL DEFAULT '0' COMMENT '削除フラグ : 0：未削除、1：削除済み',
  PRIMARY KEY (`automail_id`)
) ENGINE=InnoDB  DEFAULT CHARSET=utf8 COMMENT='メールテンプレート' AUTO_INCREMENT=10 ;

--
-- テーブルのデータをダンプしています `automail`
--

INSERT INTO `automail` (`automail_id`, `name`, `subject`, `from_name`, `from_mail`, `return_path`, `body`, `regist_date`, `update_date`, `delete_flg`) VALUES
(1, '仮登録用メール', '【point.com】仮登録を行いました。', 'point.com', 'takahashi@6web.co.jp', 'takahashi@6web.co.jp', 'ようこそ　point.com　へ\r\n\r\nメールアドレス ##email## を確認しました。\r\n会員登録を完了するには下記のＵＲＬにアクセスしてください。\r\n\r\n##signup_edit_url##\r\n\r\nこのURLの有効期限は24時間です。\r\n有効期限を過ぎた場合はお手数ですが、下記のＵＲＬからもう一度仮登録の手続きをお願いします。\r\n\r\n##signup_url##', '2015-05-27 00:00:00', '2015-05-26 18:08:34', 0),
(2, '登録完了メール', '【point.com】会員登録を行いました。', 'point.com', 'takahashi@6web.co.jp', 'takahashi@6web.co.jp', '##nickname##様\r\n\r\n会員登録を完了いたしました。', '2015-05-27 00:00:00', '2015-05-29 12:52:04', 0),
(3, '退会完了メール', '【point.com】退会手続きが完了しました。', 'point.com', 'takahashi@6web.co.jp', 'takahashi@6web.co.jp', '退会手続きが完了しました。', '2015-05-27 16:33:42', '2015-05-27 16:34:02', 0),
(4, '予約完了メール（会員に送信用）', '【point.com】予約を承りました', 'point.com', 'takahashi@6web.co.jp', 'takahashi@6web.co.jp', '##nickname##様\r\n\r\n予約を受け付けました', '2015-05-29 12:52:02', '2015-05-29 12:52:02', 0),
(5, '予約完了メール（店舗に送信用）', '【point.com】予約を承りました', 'point.com', 'takahashi@6web.co.jp', 'takahashi@6web.co.jp', '##store_name##様\r\n\r\n予約を受け付けました', '2015-05-29 12:52:48', '2015-05-29 12:52:48', 0),
(6, 'パスワードリマインダー用', '【point.com】パスワードの変更申請を承りました', 'point.com', 'takahashi@6web.co.jp', 'takahashi@6web.co.jp', '##nickname##様\r\n\r\nパスワードの変更申請を承りました。\r\n\r\n２４時間以内に下記のURLにアクセスして新しいパスワードを設定してください。\r\n##renew_url##\r\n', '2015-05-29 12:54:21', '2015-05-29 12:54:21', 0),
(7, 'パスワード変更完了（通常の変更・パスワードリマインダー共通）', '【point.com】お客様のパスワードを変更いたしました', 'point.com', 'takahashi@6web.co.jp', 'takahashi@6web.co.jp', 'お客様のパスワードを変更いたしました。', '2015-05-29 12:57:06', '2015-05-29 13:00:51', 0),
(8, 'お問い合わせ受付（運営者）', '【point.com】お問い合わせを承りました', 'point.com', 'takahashi@6web.co.jp', 'takahashi@6web.co.jp', 'お客様より下記の内容にてお問い合わせを承りました。\r\n\r\n■都道府県\r\n##pref##\r\n\r\n■メールアドレス\r\n##email##\r\n\r\n■お問い合わせ内容\r\n##detail##\r\n', '2015-05-29 12:58:54', '2015-05-29 12:58:54', 0),
(9, 'お問い合わせ受付（会員・利用者）', '【point.com】お問い合わせを承りました', 'point.com', 'takahashi@6web.co.jp', 'takahashi@6web.co.jp', 'お客様より下記の内容にてお問い合わせを承りました。\r\n\r\n■都道府県\r\n##pref##\r\n\r\n■メールアドレス\r\n##email##\r\n\r\n■お問い合わせ内容\r\n##detail##\r\n', '2015-05-29 12:59:18', '2015-05-29 13:01:05', 0);

-- --------------------------------------------------------

--
-- テーブルの構造 `bank_account`
--

CREATE TABLE IF NOT EXISTS `bank_account` (
  `bank_account_id` bigint(20) NOT NULL AUTO_INCREMENT COMMENT '銀行口座ID',
  `store_id` mediumint(9) NOT NULL COMMENT '店舗ID',
  `bank_name` varchar(50) NOT NULL COMMENT '銀行名',
  `branch_name` varchar(50) NOT NULL COMMENT '銀行支店名',
  `bank_kind` tinyint(4) NOT NULL COMMENT '銀行口座種類',
  `bank_account_number` varchar(30) NOT NULL COMMENT '銀行口座番号',
  `bank_account_holder` varchar(50) NOT NULL COMMENT '銀行口座名義人',
  `regist_date` datetime NOT NULL COMMENT '登録日時',
  `update_date` datetime NOT NULL COMMENT '変更日時',
  `delete_flg` tinyint(4) NOT NULL DEFAULT '0' COMMENT '削除フラグ : 0：未削除、1：削除済み',
  PRIMARY KEY (`bank_account_id`)
) ENGINE=InnoDB DEFAULT CHARSET=utf8 COMMENT='銀行口座' AUTO_INCREMENT=1 ;

-- --------------------------------------------------------

--
-- テーブルの構造 `bill`
--

CREATE TABLE IF NOT EXISTS `bill` (
  `bill_id` bigint(20) NOT NULL AUTO_INCREMENT COMMENT '請求ID',
  `bill_month` varchar(7) NOT NULL COMMENT '請求月 : YYYY-mm形式',
  `store_id` mediumint(9) NOT NULL COMMENT '店舗ID',
  `store_name` varchar(255) NOT NULL COMMENT '店舗名',
  `deposit_price` int(11) NOT NULL DEFAULT '0' COMMENT '前払い金',
  `adjust_price` int(11) NOT NULL DEFAULT '0' COMMENT '調整費',
  `pay_status` char(1) NOT NULL DEFAULT '0' COMMENT '支払い状況 : 0:未確定 1:未入金 2:入金済み',
  `memo` text COMMENT 'メモ',
  `n_point` int(11) NOT NULL DEFAULT '0' COMMENT '通常ポイント',
  `n_point_commission` int(11) NOT NULL DEFAULT '0' COMMENT '通常ポイント手数料',
  `n_point_n` int(11) NOT NULL DEFAULT '0' COMMENT '通常ポイント未受理',
  `n_point_n_commission` int(11) NOT NULL DEFAULT '0' COMMENT '通常ポイント手数料未受理',
  `e_point` int(11) NOT NULL DEFAULT '0' COMMENT 'イベントポイント',
  `e_point_commission` int(11) NOT NULL DEFAULT '0' COMMENT 'イベントポイント手数料',
  `e_point_n` int(11) NOT NULL DEFAULT '0' COMMENT 'イベントポイント未受理',
  `e_point_n_commission` int(11) NOT NULL DEFAULT '0' COMMENT 'イベントポイント手数料未受理',
  `sp_point` int(11) NOT NULL DEFAULT '0' COMMENT '特別ポイント',
  `sp_point_commission` int(11) NOT NULL DEFAULT '0' COMMENT 'sp_point_commission',
  `use_n_point` int(11) NOT NULL DEFAULT '0' COMMENT '使用されたポイント',
  `use_n_point_n` int(11) NOT NULL DEFAULT '0' COMMENT '使用されたポイント未受理',
  `use_e_point` int(11) NOT NULL DEFAULT '0' COMMENT '使用されたポイント(イベント）',
  `use_e_point_n` int(11) NOT NULL DEFAULT '0' COMMENT '使用されたポイント（イベント）未受理',
  `use_point` int(11) NOT NULL DEFAULT '0' COMMENT '使用されたポイント(ポイントのみ）',
  `use_point_n` int(11) NOT NULL DEFAULT '0' COMMENT '使用されたポイント（ポイントのみ）未受理',
  `n_point_cancel` int(11) NOT NULL DEFAULT '0' COMMENT 'ポイントキャンセル',
  `n_point_cancel_commission` int(11) NOT NULL DEFAULT '0' COMMENT 'ポイント手数料キャンセル',
  `e_point_cancel` int(11) NOT NULL DEFAULT '0' COMMENT 'イベントポイントキャンセル',
  `e_point_cancel_commission` int(11) NOT NULL DEFAULT '0' COMMENT 'イベントポイントキャンセル手数料',
  `use_n_point_cancel` int(11) NOT NULL DEFAULT '0' COMMENT '使用されたポイント（ポイント）キャンセル',
  `use_e_point_cancel` int(11) NOT NULL DEFAULT '0' COMMENT '使用されたポイント（イベント）キャンセル',
  `use_point_cancel` int(11) NOT NULL DEFAULT '0' COMMENT '使用されたポイント（ポイントのみ）キャンセル',
  `regist_date` datetime NOT NULL COMMENT '登録日時',
  `update_date` date NOT NULL COMMENT '更新日時',
  `delete_flg` tinyint(1) DEFAULT '0' COMMENT '削除フラグ',
  PRIMARY KEY (`bill_id`)
) ENGINE=InnoDB DEFAULT CHARSET=utf8 COMMENT='請求' AUTO_INCREMENT=1 ;

-- --------------------------------------------------------

--
-- テーブルの構造 `bill_action`
--

CREATE TABLE IF NOT EXISTS `bill_action` (
  `bill_action_id` bigint(20) NOT NULL AUTO_INCREMENT COMMENT '請求アクションID',
  `store_id` mediumint(9) NOT NULL COMMENT '店舗ID',
  `reserved_id` bigint(20) NOT NULL DEFAULT '0' COMMENT '予約ID',
  `action_name` varchar(255) NOT NULL COMMENT 'アクション名',
  `cancel_flg` int(1) NOT NULL DEFAULT '0' COMMENT 'キャンセルフラグ : キャンセルはupdateでは無くinsertで追加登録すること',
  `reserved_status_id` tinyint(4) NOT NULL DEFAULT '1' COMMENT '予約ステータスID : 0：無効(予約取消)、1：未処理(予約済み)、2：処理完了(予約受理)　※予約のstatus_idと同じ値',
  `n_point` int(11) NOT NULL DEFAULT '0' COMMENT '通常ポイント',
  `n_point_commission` int(11) NOT NULL DEFAULT '0' COMMENT '通常ポイント手数料',
  `e_point` int(11) NOT NULL DEFAULT '0' COMMENT 'イベントポイント',
  `e_point_commission` int(11) NOT NULL DEFAULT '0' COMMENT 'イベントポイント手数料',
  `sp_point` int(11) NOT NULL DEFAULT '0' COMMENT '特別ポイント',
  `sp_point_commission` int(11) NOT NULL DEFAULT '0' COMMENT '特別ポイント手数料',
  `use_n_point` int(11) NOT NULL DEFAULT '0' COMMENT '使用されたポイント',
  `use_e_point` int(11) NOT NULL DEFAULT '0' COMMENT '使用されたポイント（イベント）',
  `use_point` int(11) NOT NULL DEFAULT '0' COMMENT '使用されたポイント（ポイントのみ）',
  `n_point_cancel` int(11) NOT NULL DEFAULT '0' COMMENT '通常ポイントキャンセル',
  `n_point_cancel_commission` int(11) NOT NULL DEFAULT '0' COMMENT '通常ポイント手数料キャンセル',
  `e_point_cancel` int(11) NOT NULL DEFAULT '0' COMMENT 'イベントポイントキャンセル',
  `e_point_cancel_commission` int(11) NOT NULL DEFAULT '0' COMMENT 'イベントポイント手数料キャンセル',
  `use_n_point_cancel` int(11) NOT NULL DEFAULT '0' COMMENT '使用されたポイントキャンセル',
  `use_e_point_cancel` int(11) NOT NULL DEFAULT '0' COMMENT '使用されたポイント（イベント）キャンセル',
  `use_point_cancel` int(11) NOT NULL DEFAULT '0' COMMENT '使用されたポイントキャンセル',
  `regist_date` datetime NOT NULL COMMENT '登録日時',
  `update_date` datetime NOT NULL COMMENT '更新日時',
  `delete_flg` tinyint(1) DEFAULT '0' COMMENT '削除フラグ',
  PRIMARY KEY (`bill_action_id`)
) ENGINE=InnoDB DEFAULT CHARSET=utf8 COMMENT='請求アクション' AUTO_INCREMENT=1 ;

-- --------------------------------------------------------

--
-- テーブルの構造 `category_large`
--

CREATE TABLE IF NOT EXISTS `category_large` (
  `category_large_id` tinyint(4) NOT NULL AUTO_INCREMENT COMMENT '大カテゴリーID',
  `category_large_name` varchar(50) NOT NULL COMMENT '大カテゴリー名',
  `rank` tinyint(4) DEFAULT NULL COMMENT 'ランク順',
  `regist_date` datetime NOT NULL COMMENT '登録日時',
  `update_date` datetime NOT NULL COMMENT '変更日時',
  `delete_flg` tinyint(4) NOT NULL DEFAULT '0' COMMENT '削除フラグ : 0：未削除、1：削除済み',
  PRIMARY KEY (`category_large_id`)
) ENGINE=InnoDB  DEFAULT CHARSET=utf8 COMMENT='大カテゴリーマスター' AUTO_INCREMENT=4 ;

--
-- テーブルのデータをダンプしています `category_large`
--

INSERT INTO `category_large` (`category_large_id`, `category_large_name`, `rank`, `regist_date`, `update_date`, `delete_flg`) VALUES
(1, '風俗', 1, '2015-05-27 10:19:19', '2015-05-27 10:19:19', 0),
(2, 'ｶﾞｰﾙｽﾞｳｫｰﾀｰ', 2, '2015-05-27 10:19:19', '2015-05-27 10:19:19', 0),
(3, 'ホスト', 3, '2015-05-27 10:19:19', '2015-05-27 10:19:19', 0);

-- --------------------------------------------------------

--
-- テーブルの構造 `category_midium`
--

CREATE TABLE IF NOT EXISTS `category_midium` (
  `category_midium_id` smallint(6) NOT NULL AUTO_INCREMENT COMMENT '中カテゴリーID',
  `category_large_id` tinyint(4) NOT NULL COMMENT '大カテゴリーID',
  `region_id` tinyint(4) NOT NULL COMMENT '地域ID',
  `category_midium_name` varchar(50) NOT NULL COMMENT '中カテゴリー名',
  `delivery` char(1) NOT NULL DEFAULT '0' COMMENT 'デリバリー : 0：通常、1：デリバリー',
  `rank` smallint(6) DEFAULT NULL COMMENT 'ランク順',
  `regist_date` datetime NOT NULL COMMENT '登録日時',
  `update_date` datetime NOT NULL COMMENT '変更日時',
  `delete_flg` tinyint(4) NOT NULL DEFAULT '0' COMMENT '削除フラグ : 0：未削除、1：削除済み',
  PRIMARY KEY (`category_midium_id`)
) ENGINE=InnoDB  DEFAULT CHARSET=utf8 COMMENT='中カテゴリーマスター' AUTO_INCREMENT=513 ;

--
-- テーブルのデータをダンプしています `category_midium`
--

INSERT INTO `category_midium` (`category_midium_id`, `category_large_id`, `region_id`, `category_midium_name`, `delivery`, `rank`, `regist_date`, `update_date`, `delete_flg`) VALUES
(1, 1, 1, 'ヘルス', '0', NULL, '2015-10-16 13:09:55', '2015-10-16 13:09:55', 0),
(2, 1, 1, 'ソープ', '0', NULL, '2015-10-16 13:09:55', '2015-10-16 13:09:55', 0),
(3, 1, 1, 'エステ', '0', NULL, '2015-10-16 13:09:55', '2015-10-16 13:09:55', 0),
(4, 1, 1, 'デリヘル', '1', NULL, '2015-10-16 13:09:55', '2015-10-16 13:09:55', 0),
(5, 1, 1, '出張エステ', '1', NULL, '2015-10-16 13:09:55', '2015-10-16 13:09:55', 0),
(6, 1, 1, '函館デリヘル', '1', NULL, '2015-10-16 13:09:55', '2015-10-16 13:09:55', 0),
(7, 1, 2, 'ソープ', '0', NULL, '2015-10-16 13:09:55', '2015-10-16 13:09:55', 0),
(8, 1, 2, '店舗型', '0', NULL, '2015-10-16 13:09:55', '2015-10-16 13:09:55', 0),
(9, 1, 2, '宮城デリヘル', '1', NULL, '2015-10-16 13:09:55', '2015-10-16 13:09:55', 0),
(10, 1, 2, '福島デリヘル', '1', NULL, '2015-10-16 13:09:55', '2015-10-16 13:09:55', 0),
(11, 1, 2, '岩手デリヘル', '1', NULL, '2015-10-16 13:09:55', '2015-10-16 13:09:55', 0),
(12, 1, 2, '青森デリヘル', '1', NULL, '2015-10-16 13:09:55', '2015-10-16 13:09:55', 0),
(13, 1, 2, '山形デリヘル', '1', NULL, '2015-10-16 13:09:55', '2015-10-16 13:09:55', 0),
(14, 1, 2, '秋田デリヘル', '1', NULL, '2015-10-16 13:09:55', '2015-10-16 13:09:55', 0),
(15, 1, 2, 'ｴｽﾃ・ﾊﾝﾄﾞｻｰﾋﾞｽ・その他', '1', NULL, '2015-10-16 13:09:55', '2015-10-16 13:09:55', 0),
(16, 1, 3, 'ソープランド', '0', NULL, '2015-10-16 13:09:55', '2015-10-16 13:09:55', 0),
(17, 1, 3, '下越デリバリー', '1', NULL, '2015-10-16 13:09:55', '2015-10-16 13:09:55', 0),
(18, 1, 3, '中越デリバリー', '1', NULL, '2015-10-16 13:09:55', '2015-10-16 13:09:55', 0),
(19, 1, 3, '上越デリバリー', '1', NULL, '2015-10-16 13:09:55', '2015-10-16 13:09:55', 0),
(20, 1, 3, '韓国・外国人デリ', '1', NULL, '2015-10-16 13:09:55', '2015-10-16 13:09:55', 0),
(21, 1, 4, 'ソープ・ヘルス', '0', NULL, '2015-10-16 13:09:55', '2015-10-16 13:09:55', 0),
(22, 1, 4, 'キャバクラ・他', '0', NULL, '2015-10-16 13:09:55', '2015-10-16 13:09:55', 0),
(23, 1, 4, '石川デリヘル', '1', NULL, '2015-10-16 13:09:55', '2015-10-16 13:09:55', 0),
(24, 1, 4, '富山デリヘル', '1', NULL, '2015-10-16 13:09:55', '2015-10-16 13:09:55', 0),
(25, 1, 4, '福井デリヘル', '1', NULL, '2015-10-16 13:09:55', '2015-10-16 13:09:55', 0),
(26, 1, 4, '外国人デリヘル', '1', NULL, '2015-10-16 13:09:55', '2015-10-16 13:09:55', 0),
(27, 1, 4, '出張エステ・ハンド', '1', NULL, '2015-10-16 13:09:55', '2015-10-16 13:09:55', 0),
(28, 1, 6, 'ソープランド', '0', NULL, '2015-10-16 13:09:55', '2015-10-16 13:09:55', 0),
(29, 1, 6, 'ヘルス・ホテヘル・他', '0', NULL, '2015-10-16 13:09:55', '2015-10-16 13:09:55', 0),
(30, 1, 6, 'デリバリー', '1', NULL, '2015-10-16 13:09:55', '2015-10-16 13:09:55', 0),
(31, 1, 7, 'ソープランド', '0', NULL, '2015-10-16 13:09:55', '2015-10-16 13:09:55', 0),
(32, 1, 7, 'ヘルス・ホテヘル・他', '0', NULL, '2015-10-16 13:09:55', '2015-10-16 13:09:55', 0),
(33, 1, 7, 'デリバリー', '1', NULL, '2015-10-16 13:09:55', '2015-10-16 13:09:55', 0),
(34, 1, 7, 'ｴｽﾃ・SM・性感', '1', NULL, '2015-10-16 13:09:55', '2015-10-16 13:09:55', 0),
(35, 1, 8, 'ソープランド', '0', NULL, '2015-10-16 13:09:55', '2015-10-16 13:09:55', 0),
(36, 1, 8, 'ホテヘル', '0', NULL, '2015-10-16 13:09:55', '2015-10-16 13:09:55', 0),
(37, 1, 8, 'ヘルス', '0', NULL, '2015-10-16 13:09:55', '2015-10-16 13:09:55', 0),
(38, 1, 8, 'SM・ｴｽﾃ・他', '0', NULL, '2015-10-16 13:09:55', '2015-10-16 13:09:55', 0),
(39, 1, 8, 'デリヘル', '1', NULL, '2015-10-16 13:09:55', '2015-10-16 13:09:55', 0),
(40, 1, 8, '(派遣型)SM・ｴｽﾃ・他', '1', NULL, '2015-10-16 13:09:55', '2015-10-16 13:09:55', 0),
(41, 1, 9, 'ヘルス', '0', NULL, '2015-10-16 13:09:55', '2015-10-16 13:09:55', 0),
(42, 1, 9, 'ホテルヘルス', '0', NULL, '2015-10-16 13:09:55', '2015-10-16 13:09:55', 0),
(43, 1, 9, 'ソープ', '0', NULL, '2015-10-16 13:09:55', '2015-10-16 13:09:55', 0),
(44, 1, 9, 'ｴｽﾃ・性感・ｵﾅｸﾗ', '0', NULL, '2015-10-16 13:09:55', '2015-10-16 13:09:55', 0),
(45, 1, 9, 'デリバリー', '1', NULL, '2015-10-16 13:09:55', '2015-10-16 13:09:55', 0),
(46, 1, 10, 'ソープ他店舗', '0', NULL, '2015-10-16 13:09:55', '2015-10-16 13:09:55', 0),
(47, 1, 10, '中部デリバリー', '1', NULL, '2015-10-16 13:09:55', '2015-10-16 13:09:55', 0),
(48, 1, 10, '西部デリバリー', '1', NULL, '2015-10-16 13:09:55', '2015-10-16 13:09:55', 0),
(49, 1, 10, '東部デリバリー', '1', NULL, '2015-10-16 13:09:55', '2015-10-16 13:09:55', 0),
(50, 1, 11, 'ヘルス', '0', NULL, '2015-10-16 13:09:55', '2015-10-16 13:09:55', 0),
(51, 1, 11, 'ソープ', '0', NULL, '2015-10-16 13:09:55', '2015-10-16 13:09:55', 0),
(52, 1, 11, 'エステ', '0', NULL, '2015-10-16 13:09:55', '2015-10-16 13:09:55', 0),
(53, 1, 11, 'SM・性感・その他', '0', NULL, '2015-10-16 13:09:55', '2015-10-16 13:09:55', 0),
(54, 1, 11, 'デリバリー', '1', NULL, '2015-10-16 13:09:55', '2015-10-16 13:09:55', 0),
(55, 1, 11, '外国人・韓国デリバリー', '1', NULL, '2015-10-16 13:09:55', '2015-10-16 13:09:55', 0),
(56, 1, 11, '出張エステ', '1', NULL, '2015-10-16 13:09:55', '2015-10-16 13:09:55', 0),
(57, 1, 11, '出張SM・性感・フェチ', '1', NULL, '2015-10-16 13:09:55', '2015-10-16 13:09:55', 0),
(58, 1, 12, 'ヘルス', '0', NULL, '2015-10-16 13:09:55', '2015-10-16 13:09:55', 0),
(59, 1, 12, 'ソープ', '0', NULL, '2015-10-16 13:09:55', '2015-10-16 13:09:55', 0),
(60, 1, 12, 'ホテヘル・待合せ', '0', NULL, '2015-10-16 13:09:55', '2015-10-16 13:09:55', 0),
(61, 1, 12, 'SM・性感・ｴｽﾃ・ｵﾅｸﾗ', '0', NULL, '2015-10-16 13:09:55', '2015-10-16 13:09:55', 0),
(62, 1, 12, 'デリバリー', '1', NULL, '2015-10-16 13:09:55', '2015-10-16 13:09:55', 0),
(63, 1, 13, 'ヘルス・ソープ', '0', NULL, '2015-10-16 13:09:55', '2015-10-16 13:09:55', 0),
(64, 1, 13, '待ち合わせ', '0', NULL, '2015-10-16 13:09:55', '2015-10-16 13:09:55', 0),
(65, 1, 13, 'ホテヘル', '0', NULL, '2015-10-16 13:09:55', '2015-10-16 13:09:55', 0),
(66, 1, 13, 'ｴｽﾃ・SM・性感・その他', '0', NULL, '2015-10-16 13:09:55', '2015-10-16 13:09:55', 0),
(67, 1, 13, 'デリバリー', '1', NULL, '2015-10-16 13:09:55', '2015-10-16 13:09:55', 0),
(68, 1, 14, 'ヘルス', '0', NULL, '2015-10-16 13:09:55', '2015-10-16 13:09:55', 0),
(69, 1, 14, 'ホテヘル', '0', NULL, '2015-10-16 13:09:55', '2015-10-16 13:09:55', 0),
(70, 1, 14, 'ソープ', '0', NULL, '2015-10-16 13:09:55', '2015-10-16 13:09:55', 0),
(71, 1, 14, 'SM・性感・ｴｽﾃ・ｵﾅｸﾗ', '0', NULL, '2015-10-16 13:09:55', '2015-10-16 13:09:55', 0),
(72, 1, 14, 'デリバリー・待合せ', '1', NULL, '2015-10-16 13:09:55', '2015-10-16 13:09:55', 0),
(73, 1, 15, 'ヘルス・ソープ・他', '0', NULL, '2015-10-16 13:09:55', '2015-10-16 13:09:55', 0),
(74, 1, 15, '広島デリ', '1', NULL, '2015-10-16 13:09:55', '2015-10-16 13:09:55', 0),
(75, 1, 15, '岡山デリ', '1', NULL, '2015-10-16 13:09:55', '2015-10-16 13:09:55', 0),
(76, 1, 15, '鳥取・島根・山口デリ', '1', NULL, '2015-10-16 13:09:55', '2015-10-16 13:09:55', 0),
(77, 1, 16, 'ヘルス', '0', NULL, '2015-10-16 13:09:55', '2015-10-16 13:09:55', 0),
(78, 1, 16, 'ソープ', '0', NULL, '2015-10-16 13:09:55', '2015-10-16 13:09:55', 0),
(79, 1, 16, 'その他', '0', NULL, '2015-10-16 13:09:55', '2015-10-16 13:09:55', 0),
(80, 1, 16, 'デリバリー', '1', NULL, '2015-10-16 13:09:55', '2015-10-16 13:09:55', 0),
(81, 1, 17, 'ソープ', '0', NULL, '2015-10-16 13:09:55', '2015-10-16 13:09:55', 0),
(82, 1, 17, 'トクヨク・ホテヘル他', '0', NULL, '2015-10-16 13:09:55', '2015-10-16 13:09:55', 0),
(83, 1, 17, 'デリヘル', '1', NULL, '2015-10-16 13:09:55', '2015-10-16 13:09:55', 0),
(84, 1, 17, '人妻デリヘル', '1', NULL, '2015-10-16 13:09:55', '2015-10-16 13:09:55', 0),
(85, 1, 17, 'アロマ・エステ', '1', NULL, '2015-10-16 13:09:55', '2015-10-16 13:09:55', 0),
(86, 1, 18, 'エンジェル', '0', NULL, '2015-10-16 13:09:55', '2015-10-16 13:09:55', 0),
(87, 1, 18, 'ソープ', '0', NULL, '2015-10-16 13:09:55', '2015-10-16 13:09:55', 0),
(88, 1, 18, 'セクキャバ', '0', NULL, '2015-10-16 13:09:55', '2015-10-16 13:09:55', 0),
(89, 1, 18, 'デリバリー', '1', NULL, '2015-10-16 13:09:55', '2015-10-16 13:09:55', 0),
(90, 1, 18, '人妻デリヘル', '1', NULL, '2015-10-16 13:09:55', '2015-10-16 13:09:55', 0),
(91, 1, 18, '出張アロマ', '1', NULL, '2015-10-16 13:09:55', '2015-10-16 13:09:55', 0),
(92, 1, 19, 'ソープ・トクヨク（ヘルス）', '0', NULL, '2015-10-16 13:09:55', '2015-10-16 13:09:55', 0),
(93, 1, 19, 'デリヘル', '1', NULL, '2015-10-16 13:09:55', '2015-10-16 13:09:55', 0),
(94, 1, 19, '出張アロマ', '1', NULL, '2015-10-16 13:09:55', '2015-10-16 13:09:55', 0),
(95, 3, 1, 'ホストクラブ', '0', NULL, '2015-10-16 13:09:55', '2015-10-16 13:09:55', 0),
(96, 3, 1, 'ホストパブ', '0', NULL, '2015-10-16 13:09:55', '2015-10-16 13:09:55', 0),
(97, 3, 1, 'BAR', '0', NULL, '2015-10-16 13:09:55', '2015-10-16 13:09:55', 0),
(98, 3, 1, 'メンキャバ', '0', NULL, '2015-10-16 13:09:55', '2015-10-16 13:09:55', 0),
(99, 3, 1, 'ネオホスト', '0', NULL, '2015-10-16 13:09:55', '2015-10-16 13:09:55', 0),
(100, 3, 1, 'カジュアルホスト', '0', NULL, '2015-10-16 13:09:55', '2015-10-16 13:09:55', 0),
(101, 3, 1, 'メンパブ', '0', NULL, '2015-10-16 13:09:55', '2015-10-16 13:09:55', 0),
(102, 3, 1, 'オナベ', '0', NULL, '2015-10-16 13:09:55', '2015-10-16 13:09:55', 0),
(103, 3, 1, '出張ホスト', '0', NULL, '2015-10-16 13:09:55', '2015-10-16 13:09:55', 0),
(104, 3, 2, 'ホストクラブ', '0', NULL, '2015-10-16 13:09:55', '2015-10-16 13:09:55', 0),
(105, 3, 2, 'ホストパブ', '0', NULL, '2015-10-16 13:09:55', '2015-10-16 13:09:55', 0),
(106, 3, 2, 'BAR', '0', NULL, '2015-10-16 13:09:55', '2015-10-16 13:09:55', 0),
(107, 3, 2, 'メンキャバ', '0', NULL, '2015-10-16 13:09:55', '2015-10-16 13:09:55', 0),
(108, 3, 2, 'ネオホスト', '0', NULL, '2015-10-16 13:09:55', '2015-10-16 13:09:55', 0),
(109, 3, 2, 'カジュアルホスト', '0', NULL, '2015-10-16 13:09:55', '2015-10-16 13:09:55', 0),
(110, 3, 2, 'メンパブ', '0', NULL, '2015-10-16 13:09:55', '2015-10-16 13:09:55', 0),
(111, 3, 2, 'オナベ', '0', NULL, '2015-10-16 13:09:55', '2015-10-16 13:09:55', 0),
(112, 3, 2, '出張ホスト', '0', NULL, '2015-10-16 13:09:55', '2015-10-16 13:09:55', 0),
(113, 3, 3, 'ホストクラブ', '0', NULL, '2015-10-16 13:09:55', '2015-10-16 13:09:55', 0),
(114, 3, 3, 'ホストパブ', '0', NULL, '2015-10-16 13:09:55', '2015-10-16 13:09:55', 0),
(115, 3, 3, 'BAR', '0', NULL, '2015-10-16 13:09:55', '2015-10-16 13:09:55', 0),
(116, 3, 3, 'メンキャバ', '0', NULL, '2015-10-16 13:09:55', '2015-10-16 13:09:55', 0),
(117, 3, 3, 'ネオホスト', '0', NULL, '2015-10-16 13:09:55', '2015-10-16 13:09:55', 0),
(118, 3, 3, 'カジュアルホスト', '0', NULL, '2015-10-16 13:09:55', '2015-10-16 13:09:55', 0),
(119, 3, 3, 'メンパブ', '0', NULL, '2015-10-16 13:09:55', '2015-10-16 13:09:55', 0),
(120, 3, 3, 'オナベ', '0', NULL, '2015-10-16 13:09:55', '2015-10-16 13:09:55', 0),
(121, 3, 3, '出張ホスト', '0', NULL, '2015-10-16 13:09:55', '2015-10-16 13:09:55', 0),
(122, 3, 4, 'ホストクラブ', '0', NULL, '2015-10-16 13:09:55', '2015-10-16 13:09:55', 0),
(123, 3, 4, 'ホストパブ', '0', NULL, '2015-10-16 13:09:55', '2015-10-16 13:09:55', 0),
(124, 3, 4, 'BAR', '0', NULL, '2015-10-16 13:09:55', '2015-10-16 13:09:55', 0),
(125, 3, 4, 'メンキャバ', '0', NULL, '2015-10-16 13:09:55', '2015-10-16 13:09:55', 0),
(126, 3, 4, 'ネオホスト', '0', NULL, '2015-10-16 13:09:55', '2015-10-16 13:09:55', 0),
(127, 3, 4, 'カジュアルホスト', '0', NULL, '2015-10-16 13:09:55', '2015-10-16 13:09:55', 0),
(128, 3, 4, 'メンパブ', '0', NULL, '2015-10-16 13:09:55', '2015-10-16 13:09:55', 0),
(129, 3, 4, 'オナベ', '0', NULL, '2015-10-16 13:09:55', '2015-10-16 13:09:55', 0),
(130, 3, 4, '出張ホスト', '0', NULL, '2015-10-16 13:09:55', '2015-10-16 13:09:55', 0),
(131, 3, 5, 'ホストクラブ', '0', NULL, '2015-10-16 13:09:55', '2015-10-16 13:09:55', 0),
(132, 3, 5, 'ホストパブ', '0', NULL, '2015-10-16 13:09:55', '2015-10-16 13:09:55', 0),
(133, 3, 5, 'BAR', '0', NULL, '2015-10-16 13:09:55', '2015-10-16 13:09:55', 0),
(134, 3, 5, 'メンキャバ', '0', NULL, '2015-10-16 13:09:55', '2015-10-16 13:09:55', 0),
(135, 3, 5, 'ネオホスト', '0', NULL, '2015-10-16 13:09:55', '2015-10-16 13:09:55', 0),
(136, 3, 5, 'カジュアルホスト', '0', NULL, '2015-10-16 13:09:55', '2015-10-16 13:09:55', 0),
(137, 3, 5, 'メンパブ', '0', NULL, '2015-10-16 13:09:55', '2015-10-16 13:09:55', 0),
(138, 3, 5, 'オナベ', '0', NULL, '2015-10-16 13:09:55', '2015-10-16 13:09:55', 0),
(139, 3, 5, '出張ホスト', '0', NULL, '2015-10-16 13:09:55', '2015-10-16 13:09:55', 0),
(140, 3, 6, 'ホストクラブ', '0', NULL, '2015-10-16 13:09:55', '2015-10-16 13:09:55', 0),
(141, 3, 6, 'ホストパブ', '0', NULL, '2015-10-16 13:09:55', '2015-10-16 13:09:55', 0),
(142, 3, 6, 'BAR', '0', NULL, '2015-10-16 13:09:55', '2015-10-16 13:09:55', 0),
(143, 3, 6, 'メンキャバ', '0', NULL, '2015-10-16 13:09:55', '2015-10-16 13:09:55', 0),
(144, 3, 6, 'ネオホスト', '0', NULL, '2015-10-16 13:09:55', '2015-10-16 13:09:55', 0),
(145, 3, 6, 'カジュアルホスト', '0', NULL, '2015-10-16 13:09:55', '2015-10-16 13:09:55', 0),
(146, 3, 6, 'メンパブ', '0', NULL, '2015-10-16 13:09:55', '2015-10-16 13:09:55', 0),
(147, 3, 6, 'オナベ', '0', NULL, '2015-10-16 13:09:55', '2015-10-16 13:09:55', 0),
(148, 3, 6, '出張ホスト', '0', NULL, '2015-10-16 13:09:55', '2015-10-16 13:09:55', 0),
(149, 3, 7, 'ホストクラブ', '0', NULL, '2015-10-16 13:09:55', '2015-10-16 13:09:55', 0),
(150, 3, 7, 'ホストパブ', '0', NULL, '2015-10-16 13:09:55', '2015-10-16 13:09:55', 0),
(151, 3, 7, 'BAR', '0', NULL, '2015-10-16 13:09:55', '2015-10-16 13:09:55', 0),
(152, 3, 7, 'メンキャバ', '0', NULL, '2015-10-16 13:09:55', '2015-10-16 13:09:55', 0),
(153, 3, 7, 'ネオホスト', '0', NULL, '2015-10-16 13:09:55', '2015-10-16 13:09:55', 0),
(154, 3, 7, 'カジュアルホスト', '0', NULL, '2015-10-16 13:09:55', '2015-10-16 13:09:55', 0),
(155, 3, 7, 'メンパブ', '0', NULL, '2015-10-16 13:09:55', '2015-10-16 13:09:55', 0),
(156, 3, 7, 'オナベ', '0', NULL, '2015-10-16 13:09:55', '2015-10-16 13:09:55', 0),
(157, 3, 7, '出張ホスト', '0', NULL, '2015-10-16 13:09:55', '2015-10-16 13:09:55', 0),
(158, 3, 8, 'ホストクラブ', '0', NULL, '2015-10-16 13:09:55', '2015-10-16 13:09:55', 0),
(159, 3, 8, 'ホストパブ', '0', NULL, '2015-10-16 13:09:55', '2015-10-16 13:09:55', 0),
(160, 3, 8, 'BAR', '0', NULL, '2015-10-16 13:09:55', '2015-10-16 13:09:55', 0),
(161, 3, 8, 'メンキャバ', '0', NULL, '2015-10-16 13:09:55', '2015-10-16 13:09:55', 0),
(162, 3, 8, 'ネオホスト', '0', NULL, '2015-10-16 13:09:55', '2015-10-16 13:09:55', 0),
(163, 3, 8, 'カジュアルホスト', '0', NULL, '2015-10-16 13:09:55', '2015-10-16 13:09:55', 0),
(164, 3, 8, 'メンパブ', '0', NULL, '2015-10-16 13:09:55', '2015-10-16 13:09:55', 0),
(165, 3, 8, 'オナベ', '0', NULL, '2015-10-16 13:09:55', '2015-10-16 13:09:55', 0),
(166, 3, 8, '出張ホスト', '0', NULL, '2015-10-16 13:09:55', '2015-10-16 13:09:55', 0),
(167, 3, 9, 'ホストクラブ', '0', NULL, '2015-10-16 13:09:55', '2015-10-16 13:09:55', 0),
(168, 3, 9, 'ホストパブ', '0', NULL, '2015-10-16 13:09:55', '2015-10-16 13:09:55', 0),
(169, 3, 9, 'BAR', '0', NULL, '2015-10-16 13:09:55', '2015-10-16 13:09:55', 0),
(170, 3, 9, 'メンキャバ', '0', NULL, '2015-10-16 13:09:55', '2015-10-16 13:09:55', 0),
(171, 3, 9, 'ネオホスト', '0', NULL, '2015-10-16 13:09:55', '2015-10-16 13:09:55', 0),
(172, 3, 9, 'カジュアルホスト', '0', NULL, '2015-10-16 13:09:55', '2015-10-16 13:09:55', 0),
(173, 3, 9, 'メンパブ', '0', NULL, '2015-10-16 13:09:55', '2015-10-16 13:09:55', 0),
(174, 3, 9, 'オナベ', '0', NULL, '2015-10-16 13:09:55', '2015-10-16 13:09:55', 0),
(175, 3, 9, '出張ホスト', '0', NULL, '2015-10-16 13:09:55', '2015-10-16 13:09:55', 0),
(176, 3, 10, 'ホストクラブ', '0', NULL, '2015-10-16 13:09:55', '2015-10-16 13:09:55', 0),
(177, 3, 10, 'ホストパブ', '0', NULL, '2015-10-16 13:09:55', '2015-10-16 13:09:55', 0),
(178, 3, 10, 'BAR', '0', NULL, '2015-10-16 13:09:55', '2015-10-16 13:09:55', 0),
(179, 3, 10, 'メンキャバ', '0', NULL, '2015-10-16 13:09:55', '2015-10-16 13:09:55', 0),
(180, 3, 10, 'ネオホスト', '0', NULL, '2015-10-16 13:09:55', '2015-10-16 13:09:55', 0),
(181, 3, 10, 'カジュアルホスト', '0', NULL, '2015-10-16 13:09:55', '2015-10-16 13:09:55', 0),
(182, 3, 10, 'メンパブ', '0', NULL, '2015-10-16 13:09:55', '2015-10-16 13:09:55', 0),
(183, 3, 10, 'オナベ', '0', NULL, '2015-10-16 13:09:55', '2015-10-16 13:09:55', 0),
(184, 3, 10, '出張ホスト', '0', NULL, '2015-10-16 13:09:55', '2015-10-16 13:09:55', 0),
(185, 3, 11, 'ホストクラブ', '0', NULL, '2015-10-16 13:09:55', '2015-10-16 13:09:55', 0),
(186, 3, 11, 'ホストパブ', '0', NULL, '2015-10-16 13:09:55', '2015-10-16 13:09:55', 0),
(187, 3, 11, 'BAR', '0', NULL, '2015-10-16 13:09:55', '2015-10-16 13:09:55', 0),
(188, 3, 11, 'メンキャバ', '0', NULL, '2015-10-16 13:09:55', '2015-10-16 13:09:55', 0),
(189, 3, 11, 'ネオホスト', '0', NULL, '2015-10-16 13:09:55', '2015-10-16 13:09:55', 0),
(190, 3, 11, 'カジュアルホスト', '0', NULL, '2015-10-16 13:09:55', '2015-10-16 13:09:55', 0),
(191, 3, 11, 'メンパブ', '0', NULL, '2015-10-16 13:09:55', '2015-10-16 13:09:55', 0),
(192, 3, 11, 'オナベ', '0', NULL, '2015-10-16 13:09:55', '2015-10-16 13:09:55', 0),
(193, 3, 11, '出張ホスト', '0', NULL, '2015-10-16 13:09:55', '2015-10-16 13:09:55', 0),
(194, 3, 12, 'ホストクラブ', '0', NULL, '2015-10-16 13:09:55', '2015-10-16 13:09:55', 0),
(195, 3, 12, 'ホストパブ', '0', NULL, '2015-10-16 13:09:55', '2015-10-16 13:09:55', 0),
(196, 3, 12, 'BAR', '0', NULL, '2015-10-16 13:09:55', '2015-10-16 13:09:55', 0),
(197, 3, 12, 'メンキャバ', '0', NULL, '2015-10-16 13:09:55', '2015-10-16 13:09:55', 0),
(198, 3, 12, 'ネオホスト', '0', NULL, '2015-10-16 13:09:55', '2015-10-16 13:09:55', 0),
(199, 3, 12, 'カジュアルホスト', '0', NULL, '2015-10-16 13:09:55', '2015-10-16 13:09:55', 0),
(200, 3, 12, 'メンパブ', '0', NULL, '2015-10-16 13:09:55', '2015-10-16 13:09:55', 0),
(201, 3, 12, 'オナベ', '0', NULL, '2015-10-16 13:09:55', '2015-10-16 13:09:55', 0),
(202, 3, 12, '出張ホスト', '0', NULL, '2015-10-16 13:09:55', '2015-10-16 13:09:55', 0),
(203, 3, 13, 'ホストクラブ', '0', NULL, '2015-10-16 13:09:55', '2015-10-16 13:09:55', 0),
(204, 3, 13, 'ホストパブ', '0', NULL, '2015-10-16 13:09:55', '2015-10-16 13:09:55', 0),
(205, 3, 13, 'BAR', '0', NULL, '2015-10-16 13:09:55', '2015-10-16 13:09:55', 0),
(206, 3, 13, 'メンキャバ', '0', NULL, '2015-10-16 13:09:55', '2015-10-16 13:09:55', 0),
(207, 3, 13, 'ネオホスト', '0', NULL, '2015-10-16 13:09:55', '2015-10-16 13:09:55', 0),
(208, 3, 13, 'カジュアルホスト', '0', NULL, '2015-10-16 13:09:55', '2015-10-16 13:09:55', 0),
(209, 3, 13, 'メンパブ', '0', NULL, '2015-10-16 13:09:55', '2015-10-16 13:09:55', 0),
(210, 3, 13, 'オナベ', '0', NULL, '2015-10-16 13:09:55', '2015-10-16 13:09:55', 0),
(211, 3, 13, '出張ホスト', '0', NULL, '2015-10-16 13:09:55', '2015-10-16 13:09:55', 0),
(212, 3, 14, 'ホストクラブ', '0', NULL, '2015-10-16 13:09:55', '2015-10-16 13:09:55', 0),
(213, 3, 14, 'ホストパブ', '0', NULL, '2015-10-16 13:09:55', '2015-10-16 13:09:55', 0),
(214, 3, 14, 'BAR', '0', NULL, '2015-10-16 13:09:55', '2015-10-16 13:09:55', 0),
(215, 3, 14, 'メンキャバ', '0', NULL, '2015-10-16 13:09:55', '2015-10-16 13:09:55', 0),
(216, 3, 14, 'ネオホスト', '0', NULL, '2015-10-16 13:09:55', '2015-10-16 13:09:55', 0),
(217, 3, 14, 'カジュアルホスト', '0', NULL, '2015-10-16 13:09:55', '2015-10-16 13:09:55', 0),
(218, 3, 14, 'メンパブ', '0', NULL, '2015-10-16 13:09:55', '2015-10-16 13:09:55', 0),
(219, 3, 14, 'オナベ', '0', NULL, '2015-10-16 13:09:55', '2015-10-16 13:09:55', 0),
(220, 3, 14, '出張ホスト', '0', NULL, '2015-10-16 13:09:55', '2015-10-16 13:09:55', 0),
(221, 3, 15, 'ホストクラブ', '0', NULL, '2015-10-16 13:09:55', '2015-10-16 13:09:55', 0),
(222, 3, 15, 'ホストパブ', '0', NULL, '2015-10-16 13:09:55', '2015-10-16 13:09:55', 0),
(223, 3, 15, 'BAR', '0', NULL, '2015-10-16 13:09:55', '2015-10-16 13:09:55', 0),
(224, 3, 15, 'メンキャバ', '0', NULL, '2015-10-16 13:09:55', '2015-10-16 13:09:55', 0),
(225, 3, 15, 'ネオホスト', '0', NULL, '2015-10-16 13:09:55', '2015-10-16 13:09:55', 0),
(226, 3, 15, 'カジュアルホスト', '0', NULL, '2015-10-16 13:09:55', '2015-10-16 13:09:55', 0),
(227, 3, 15, 'メンパブ', '0', NULL, '2015-10-16 13:09:55', '2015-10-16 13:09:55', 0),
(228, 3, 15, 'オナベ', '0', NULL, '2015-10-16 13:09:55', '2015-10-16 13:09:55', 0),
(229, 3, 15, '出張ホスト', '0', NULL, '2015-10-16 13:09:55', '2015-10-16 13:09:55', 0),
(230, 3, 16, 'ホストクラブ', '0', NULL, '2015-10-16 13:09:55', '2015-10-16 13:09:55', 0),
(231, 3, 16, 'ホストパブ', '0', NULL, '2015-10-16 13:09:55', '2015-10-16 13:09:55', 0),
(232, 3, 16, 'BAR', '0', NULL, '2015-10-16 13:09:55', '2015-10-16 13:09:55', 0),
(233, 3, 16, 'メンキャバ', '0', NULL, '2015-10-16 13:09:55', '2015-10-16 13:09:55', 0),
(234, 3, 16, 'ネオホスト', '0', NULL, '2015-10-16 13:09:55', '2015-10-16 13:09:55', 0),
(235, 3, 16, 'カジュアルホスト', '0', NULL, '2015-10-16 13:09:55', '2015-10-16 13:09:55', 0),
(236, 3, 16, 'メンパブ', '0', NULL, '2015-10-16 13:09:55', '2015-10-16 13:09:55', 0),
(237, 3, 16, 'オナベ', '0', NULL, '2015-10-16 13:09:55', '2015-10-16 13:09:55', 0),
(238, 3, 16, '出張ホスト', '0', NULL, '2015-10-16 13:09:55', '2015-10-16 13:09:55', 0),
(239, 3, 17, 'ホストクラブ', '0', NULL, '2015-10-16 13:09:55', '2015-10-16 13:09:55', 0),
(240, 3, 17, 'ホストパブ', '0', NULL, '2015-10-16 13:09:55', '2015-10-16 13:09:55', 0),
(241, 3, 17, 'BAR', '0', NULL, '2015-10-16 13:09:55', '2015-10-16 13:09:55', 0),
(242, 3, 17, 'メンキャバ', '0', NULL, '2015-10-16 13:09:55', '2015-10-16 13:09:55', 0),
(243, 3, 17, 'ネオホスト', '0', NULL, '2015-10-16 13:09:55', '2015-10-16 13:09:55', 0),
(244, 3, 17, 'カジュアルホスト', '0', NULL, '2015-10-16 13:09:55', '2015-10-16 13:09:55', 0),
(245, 3, 17, 'メンパブ', '0', NULL, '2015-10-16 13:09:55', '2015-10-16 13:09:55', 0),
(246, 3, 17, 'オナベ', '0', NULL, '2015-10-16 13:09:55', '2015-10-16 13:09:55', 0),
(247, 3, 17, '出張ホスト', '0', NULL, '2015-10-16 13:09:55', '2015-10-16 13:09:55', 0),
(248, 3, 18, 'ホストクラブ', '0', NULL, '2015-10-16 13:09:55', '2015-10-16 13:09:55', 0),
(249, 3, 18, 'ホストパブ', '0', NULL, '2015-10-16 13:09:55', '2015-10-16 13:09:55', 0),
(250, 3, 18, 'BAR', '0', NULL, '2015-10-16 13:09:55', '2015-10-16 13:09:55', 0),
(251, 3, 18, 'メンキャバ', '0', NULL, '2015-10-16 13:09:55', '2015-10-16 13:09:55', 0),
(252, 3, 18, 'ネオホスト', '0', NULL, '2015-10-16 13:09:55', '2015-10-16 13:09:55', 0),
(253, 3, 18, 'カジュアルホスト', '0', NULL, '2015-10-16 13:09:55', '2015-10-16 13:09:55', 0),
(254, 3, 18, 'メンパブ', '0', NULL, '2015-10-16 13:09:55', '2015-10-16 13:09:55', 0),
(255, 3, 18, 'オナベ', '0', NULL, '2015-10-16 13:09:55', '2015-10-16 13:09:55', 0),
(256, 3, 18, '出張ホスト', '0', NULL, '2015-10-16 13:09:55', '2015-10-16 13:09:55', 0),
(257, 3, 19, 'ホストクラブ', '0', NULL, '2015-10-16 13:09:55', '2015-10-16 13:09:55', 0),
(258, 3, 19, 'ホストパブ', '0', NULL, '2015-10-16 13:09:55', '2015-10-16 13:09:55', 0),
(259, 3, 19, 'BAR', '0', NULL, '2015-10-16 13:09:55', '2015-10-16 13:09:55', 0),
(260, 3, 19, 'メンキャバ', '0', NULL, '2015-10-16 13:09:55', '2015-10-16 13:09:55', 0),
(261, 3, 19, 'ネオホスト', '0', NULL, '2015-10-16 13:09:55', '2015-10-16 13:09:55', 0),
(262, 3, 19, 'カジュアルホスト', '0', NULL, '2015-10-16 13:09:55', '2015-10-16 13:09:55', 0),
(263, 3, 19, 'メンパブ', '0', NULL, '2015-10-16 13:09:55', '2015-10-16 13:09:55', 0),
(264, 3, 19, 'オナベ', '0', NULL, '2015-10-16 13:09:55', '2015-10-16 13:09:55', 0),
(265, 3, 19, '出張ホスト', '0', NULL, '2015-10-16 13:09:55', '2015-10-16 13:09:55', 0),
(266, 2, 1, 'ニュークラブ', '0', NULL, '2015-10-16 13:09:55', '2015-10-16 13:09:55', 0),
(267, 2, 1, 'クラブ・ラウンジ', '0', NULL, '2015-10-16 13:09:55', '2015-10-16 13:09:55', 0),
(268, 2, 1, 'キャバクラ', '0', NULL, '2015-10-16 13:09:55', '2015-10-16 13:09:55', 0),
(269, 2, 1, 'パブクラブ', '0', NULL, '2015-10-16 13:09:55', '2015-10-16 13:09:55', 0),
(270, 2, 1, 'スナック', '0', NULL, '2015-10-16 13:09:55', '2015-10-16 13:09:55', 0),
(271, 2, 1, 'ガールズバー', '0', NULL, '2015-10-16 13:09:55', '2015-10-16 13:09:55', 0),
(272, 2, 1, 'BAR・飲食他', '0', NULL, '2015-10-16 13:09:55', '2015-10-16 13:09:55', 0),
(273, 2, 1, 'セクキャバ', '0', NULL, '2015-10-16 13:09:55', '2015-10-16 13:09:55', 0),
(274, 2, 1, 'ツーショットキャバクラ', '0', NULL, '2015-10-16 13:09:55', '2015-10-16 13:09:55', 0),
(275, 2, 1, '外国人クラブ・パブ', '0', NULL, '2015-10-16 13:09:55', '2015-10-16 13:09:55', 0),
(276, 2, 1, '一般・飲食', '0', NULL, '2015-10-16 13:09:55', '2015-10-16 13:09:55', 0),
(277, 2, 1, 'その他', '0', NULL, '2015-10-16 13:09:55', '2015-10-16 13:09:55', 0),
(278, 2, 1, 'ニューハーフ', '0', NULL, '2015-10-16 13:09:55', '2015-10-16 13:09:55', 0),
(279, 2, 2, 'ニュークラブ', '0', NULL, '2015-10-16 13:09:55', '2015-10-16 13:09:55', 0),
(280, 2, 2, 'クラブ・ラウンジ', '0', NULL, '2015-10-16 13:09:55', '2015-10-16 13:09:55', 0),
(281, 2, 2, 'キャバクラ', '0', NULL, '2015-10-16 13:09:55', '2015-10-16 13:09:55', 0),
(282, 2, 2, 'パブクラブ', '0', NULL, '2015-10-16 13:09:55', '2015-10-16 13:09:55', 0),
(283, 2, 2, 'スナック', '0', NULL, '2015-10-16 13:09:55', '2015-10-16 13:09:55', 0),
(284, 2, 2, 'ガールズバー', '0', NULL, '2015-10-16 13:09:55', '2015-10-16 13:09:55', 0),
(285, 2, 2, 'BAR・飲食他', '0', NULL, '2015-10-16 13:09:55', '2015-10-16 13:09:55', 0),
(286, 2, 2, 'セクキャバ', '0', NULL, '2015-10-16 13:09:55', '2015-10-16 13:09:55', 0),
(287, 2, 2, 'ツーショットキャバクラ', '0', NULL, '2015-10-16 13:09:55', '2015-10-16 13:09:55', 0),
(288, 2, 2, '外国人クラブ・パブ', '0', NULL, '2015-10-16 13:09:55', '2015-10-16 13:09:55', 0),
(289, 2, 2, '一般・飲食', '0', NULL, '2015-10-16 13:09:55', '2015-10-16 13:09:55', 0),
(290, 2, 2, 'その他', '0', NULL, '2015-10-16 13:09:55', '2015-10-16 13:09:55', 0),
(291, 2, 2, 'ニューハーフ', '0', NULL, '2015-10-16 13:09:55', '2015-10-16 13:09:55', 0),
(292, 2, 3, 'ニュークラブ', '0', NULL, '2015-10-16 13:09:55', '2015-10-16 13:09:55', 0),
(293, 2, 3, 'クラブ・ラウンジ', '0', NULL, '2015-10-16 13:09:55', '2015-10-16 13:09:55', 0),
(294, 2, 3, 'キャバクラ', '0', NULL, '2015-10-16 13:09:55', '2015-10-16 13:09:55', 0),
(295, 2, 3, 'パブクラブ', '0', NULL, '2015-10-16 13:09:55', '2015-10-16 13:09:55', 0),
(296, 2, 3, 'スナック', '0', NULL, '2015-10-16 13:09:55', '2015-10-16 13:09:55', 0),
(297, 2, 3, 'ガールズバー', '0', NULL, '2015-10-16 13:09:55', '2015-10-16 13:09:55', 0),
(298, 2, 3, 'BAR・飲食他', '0', NULL, '2015-10-16 13:09:55', '2015-10-16 13:09:55', 0),
(299, 2, 3, 'セクキャバ', '0', NULL, '2015-10-16 13:09:55', '2015-10-16 13:09:55', 0),
(300, 2, 3, 'ツーショットキャバクラ', '0', NULL, '2015-10-16 13:09:55', '2015-10-16 13:09:55', 0),
(301, 2, 3, '外国人クラブ・パブ', '0', NULL, '2015-10-16 13:09:55', '2015-10-16 13:09:55', 0),
(302, 2, 3, '一般・飲食', '0', NULL, '2015-10-16 13:09:55', '2015-10-16 13:09:55', 0),
(303, 2, 3, 'その他', '0', NULL, '2015-10-16 13:09:55', '2015-10-16 13:09:55', 0),
(304, 2, 3, 'ニューハーフ', '0', NULL, '2015-10-16 13:09:55', '2015-10-16 13:09:55', 0),
(305, 2, 4, 'ニュークラブ', '0', NULL, '2015-10-16 13:09:55', '2015-10-16 13:09:55', 0),
(306, 2, 4, 'クラブ・ラウンジ', '0', NULL, '2015-10-16 13:09:55', '2015-10-16 13:09:55', 0),
(307, 2, 4, 'キャバクラ', '0', NULL, '2015-10-16 13:09:55', '2015-10-16 13:09:55', 0),
(308, 2, 4, 'パブクラブ', '0', NULL, '2015-10-16 13:09:55', '2015-10-16 13:09:55', 0),
(309, 2, 4, 'スナック', '0', NULL, '2015-10-16 13:09:55', '2015-10-16 13:09:55', 0),
(310, 2, 4, 'ガールズバー', '0', NULL, '2015-10-16 13:09:55', '2015-10-16 13:09:55', 0),
(311, 2, 4, 'BAR・飲食他', '0', NULL, '2015-10-16 13:09:55', '2015-10-16 13:09:55', 0),
(312, 2, 4, 'セクキャバ', '0', NULL, '2015-10-16 13:09:55', '2015-10-16 13:09:55', 0),
(313, 2, 4, 'ツーショットキャバクラ', '0', NULL, '2015-10-16 13:09:55', '2015-10-16 13:09:55', 0),
(314, 2, 4, '外国人クラブ・パブ', '0', NULL, '2015-10-16 13:09:55', '2015-10-16 13:09:55', 0),
(315, 2, 4, '一般・飲食', '0', NULL, '2015-10-16 13:09:55', '2015-10-16 13:09:55', 0),
(316, 2, 4, 'その他', '0', NULL, '2015-10-16 13:09:55', '2015-10-16 13:09:55', 0),
(317, 2, 4, 'ニューハーフ', '0', NULL, '2015-10-16 13:09:55', '2015-10-16 13:09:55', 0),
(318, 2, 5, 'ニュークラブ', '0', NULL, '2015-10-16 13:09:55', '2015-10-16 13:09:55', 0),
(319, 2, 5, 'クラブ・ラウンジ', '0', NULL, '2015-10-16 13:09:55', '2015-10-16 13:09:55', 0),
(320, 2, 5, 'キャバクラ', '0', NULL, '2015-10-16 13:09:55', '2015-10-16 13:09:55', 0),
(321, 2, 5, 'パブクラブ', '0', NULL, '2015-10-16 13:09:55', '2015-10-16 13:09:55', 0),
(322, 2, 5, 'スナック', '0', NULL, '2015-10-16 13:09:55', '2015-10-16 13:09:55', 0),
(323, 2, 5, 'ガールズバー', '0', NULL, '2015-10-16 13:09:55', '2015-10-16 13:09:55', 0),
(324, 2, 5, 'BAR・飲食他', '0', NULL, '2015-10-16 13:09:55', '2015-10-16 13:09:55', 0),
(325, 2, 5, 'セクキャバ', '0', NULL, '2015-10-16 13:09:55', '2015-10-16 13:09:55', 0),
(326, 2, 5, 'ツーショットキャバクラ', '0', NULL, '2015-10-16 13:09:55', '2015-10-16 13:09:55', 0),
(327, 2, 5, '外国人クラブ・パブ', '0', NULL, '2015-10-16 13:09:55', '2015-10-16 13:09:55', 0),
(328, 2, 5, '一般・飲食', '0', NULL, '2015-10-16 13:09:55', '2015-10-16 13:09:55', 0),
(329, 2, 5, 'その他', '0', NULL, '2015-10-16 13:09:55', '2015-10-16 13:09:55', 0),
(330, 2, 5, 'ニューハーフ', '0', NULL, '2015-10-16 13:09:55', '2015-10-16 13:09:55', 0),
(331, 2, 6, 'ニュークラブ', '0', NULL, '2015-10-16 13:09:55', '2015-10-16 13:09:55', 0),
(332, 2, 6, 'クラブ・ラウンジ', '0', NULL, '2015-10-16 13:09:55', '2015-10-16 13:09:55', 0),
(333, 2, 6, 'キャバクラ', '0', NULL, '2015-10-16 13:09:55', '2015-10-16 13:09:55', 0),
(334, 2, 6, 'パブクラブ', '0', NULL, '2015-10-16 13:09:55', '2015-10-16 13:09:55', 0),
(335, 2, 6, 'スナック', '0', NULL, '2015-10-16 13:09:55', '2015-10-16 13:09:55', 0),
(336, 2, 6, 'ガールズバー', '0', NULL, '2015-10-16 13:09:55', '2015-10-16 13:09:55', 0),
(337, 2, 6, 'BAR・飲食他', '0', NULL, '2015-10-16 13:09:55', '2015-10-16 13:09:55', 0),
(338, 2, 6, 'セクキャバ', '0', NULL, '2015-10-16 13:09:55', '2015-10-16 13:09:55', 0),
(339, 2, 6, 'ツーショットキャバクラ', '0', NULL, '2015-10-16 13:09:55', '2015-10-16 13:09:55', 0),
(340, 2, 6, '外国人クラブ・パブ', '0', NULL, '2015-10-16 13:09:55', '2015-10-16 13:09:55', 0),
(341, 2, 6, '一般・飲食', '0', NULL, '2015-10-16 13:09:55', '2015-10-16 13:09:55', 0),
(342, 2, 6, 'その他', '0', NULL, '2015-10-16 13:09:55', '2015-10-16 13:09:55', 0),
(343, 2, 6, 'ニューハーフ', '0', NULL, '2015-10-16 13:09:55', '2015-10-16 13:09:55', 0),
(344, 2, 7, 'ニュークラブ', '0', NULL, '2015-10-16 13:09:55', '2015-10-16 13:09:55', 0),
(345, 2, 7, 'クラブ・ラウンジ', '0', NULL, '2015-10-16 13:09:55', '2015-10-16 13:09:55', 0),
(346, 2, 7, 'キャバクラ', '0', NULL, '2015-10-16 13:09:55', '2015-10-16 13:09:55', 0),
(347, 2, 7, 'パブクラブ', '0', NULL, '2015-10-16 13:09:55', '2015-10-16 13:09:55', 0),
(348, 2, 7, 'スナック', '0', NULL, '2015-10-16 13:09:55', '2015-10-16 13:09:55', 0),
(349, 2, 7, 'ガールズバー', '0', NULL, '2015-10-16 13:09:55', '2015-10-16 13:09:55', 0),
(350, 2, 7, 'BAR・飲食他', '0', NULL, '2015-10-16 13:09:55', '2015-10-16 13:09:55', 0),
(351, 2, 7, 'セクキャバ', '0', NULL, '2015-10-16 13:09:55', '2015-10-16 13:09:55', 0),
(352, 2, 7, 'ツーショットキャバクラ', '0', NULL, '2015-10-16 13:09:55', '2015-10-16 13:09:55', 0),
(353, 2, 7, '外国人クラブ・パブ', '0', NULL, '2015-10-16 13:09:55', '2015-10-16 13:09:55', 0),
(354, 2, 7, '一般・飲食', '0', NULL, '2015-10-16 13:09:55', '2015-10-16 13:09:55', 0),
(355, 2, 7, 'その他', '0', NULL, '2015-10-16 13:09:55', '2015-10-16 13:09:55', 0),
(356, 2, 7, 'ニューハーフ', '0', NULL, '2015-10-16 13:09:55', '2015-10-16 13:09:55', 0),
(357, 2, 8, 'ニュークラブ', '0', NULL, '2015-10-16 13:09:55', '2015-10-16 13:09:55', 0),
(358, 2, 8, 'クラブ・ラウンジ', '0', NULL, '2015-10-16 13:09:55', '2015-10-16 13:09:55', 0),
(359, 2, 8, 'キャバクラ', '0', NULL, '2015-10-16 13:09:55', '2015-10-16 13:09:55', 0),
(360, 2, 8, 'パブクラブ', '0', NULL, '2015-10-16 13:09:55', '2015-10-16 13:09:55', 0),
(361, 2, 8, 'スナック', '0', NULL, '2015-10-16 13:09:55', '2015-10-16 13:09:55', 0),
(362, 2, 8, 'ガールズバー', '0', NULL, '2015-10-16 13:09:55', '2015-10-16 13:09:55', 0),
(363, 2, 8, 'BAR・飲食他', '0', NULL, '2015-10-16 13:09:55', '2015-10-16 13:09:55', 0),
(364, 2, 8, 'セクキャバ', '0', NULL, '2015-10-16 13:09:55', '2015-10-16 13:09:55', 0),
(365, 2, 8, 'ツーショットキャバクラ', '0', NULL, '2015-10-16 13:09:55', '2015-10-16 13:09:55', 0),
(366, 2, 8, '外国人クラブ・パブ', '0', NULL, '2015-10-16 13:09:55', '2015-10-16 13:09:55', 0),
(367, 2, 8, '一般・飲食', '0', NULL, '2015-10-16 13:09:55', '2015-10-16 13:09:55', 0),
(368, 2, 8, 'その他', '0', NULL, '2015-10-16 13:09:55', '2015-10-16 13:09:55', 0),
(369, 2, 8, 'ニューハーフ', '0', NULL, '2015-10-16 13:09:55', '2015-10-16 13:09:55', 0),
(370, 2, 9, 'ニュークラブ', '0', NULL, '2015-10-16 13:09:55', '2015-10-16 13:09:55', 0),
(371, 2, 9, 'クラブ・ラウンジ', '0', NULL, '2015-10-16 13:09:55', '2015-10-16 13:09:55', 0),
(372, 2, 9, 'キャバクラ', '0', NULL, '2015-10-16 13:09:55', '2015-10-16 13:09:55', 0),
(373, 2, 9, 'パブクラブ', '0', NULL, '2015-10-16 13:09:55', '2015-10-16 13:09:55', 0),
(374, 2, 9, 'スナック', '0', NULL, '2015-10-16 13:09:55', '2015-10-16 13:09:55', 0),
(375, 2, 9, 'ガールズバー', '0', NULL, '2015-10-16 13:09:55', '2015-10-16 13:09:55', 0),
(376, 2, 9, 'BAR・飲食他', '0', NULL, '2015-10-16 13:09:55', '2015-10-16 13:09:55', 0),
(377, 2, 9, 'セクキャバ', '0', NULL, '2015-10-16 13:09:55', '2015-10-16 13:09:55', 0),
(378, 2, 9, 'ツーショットキャバクラ', '0', NULL, '2015-10-16 13:09:55', '2015-10-16 13:09:55', 0),
(379, 2, 9, '外国人クラブ・パブ', '0', NULL, '2015-10-16 13:09:55', '2015-10-16 13:09:55', 0),
(380, 2, 9, '一般・飲食', '0', NULL, '2015-10-16 13:09:55', '2015-10-16 13:09:55', 0),
(381, 2, 9, 'その他', '0', NULL, '2015-10-16 13:09:55', '2015-10-16 13:09:55', 0),
(382, 2, 9, 'ニューハーフ', '0', NULL, '2015-10-16 13:09:55', '2015-10-16 13:09:55', 0),
(383, 2, 10, 'ニュークラブ', '0', NULL, '2015-10-16 13:09:55', '2015-10-16 13:09:55', 0),
(384, 2, 10, 'クラブ・ラウンジ', '0', NULL, '2015-10-16 13:09:55', '2015-10-16 13:09:55', 0),
(385, 2, 10, 'キャバクラ', '0', NULL, '2015-10-16 13:09:55', '2015-10-16 13:09:55', 0),
(386, 2, 10, 'パブクラブ', '0', NULL, '2015-10-16 13:09:55', '2015-10-16 13:09:55', 0),
(387, 2, 10, 'スナック', '0', NULL, '2015-10-16 13:09:55', '2015-10-16 13:09:55', 0),
(388, 2, 10, 'ガールズバー', '0', NULL, '2015-10-16 13:09:55', '2015-10-16 13:09:55', 0),
(389, 2, 10, 'BAR・飲食他', '0', NULL, '2015-10-16 13:09:55', '2015-10-16 13:09:55', 0),
(390, 2, 10, 'セクキャバ', '0', NULL, '2015-10-16 13:09:55', '2015-10-16 13:09:55', 0),
(391, 2, 10, 'ツーショットキャバクラ', '0', NULL, '2015-10-16 13:09:55', '2015-10-16 13:09:55', 0),
(392, 2, 10, '外国人クラブ・パブ', '0', NULL, '2015-10-16 13:09:55', '2015-10-16 13:09:55', 0),
(393, 2, 10, '一般・飲食', '0', NULL, '2015-10-16 13:09:55', '2015-10-16 13:09:55', 0),
(394, 2, 10, 'その他', '0', NULL, '2015-10-16 13:09:55', '2015-10-16 13:09:55', 0),
(395, 2, 10, 'ニューハーフ', '0', NULL, '2015-10-16 13:09:55', '2015-10-16 13:09:55', 0),
(396, 2, 11, 'ニュークラブ', '0', NULL, '2015-10-16 13:09:55', '2015-10-16 13:09:55', 0),
(397, 2, 11, 'クラブ・ラウンジ', '0', NULL, '2015-10-16 13:09:55', '2015-10-16 13:09:55', 0),
(398, 2, 11, 'キャバクラ', '0', NULL, '2015-10-16 13:09:55', '2015-10-16 13:09:55', 0),
(399, 2, 11, 'パブクラブ', '0', NULL, '2015-10-16 13:09:55', '2015-10-16 13:09:55', 0),
(400, 2, 11, 'スナック', '0', NULL, '2015-10-16 13:09:55', '2015-10-16 13:09:55', 0),
(401, 2, 11, 'ガールズバー', '0', NULL, '2015-10-16 13:09:55', '2015-10-16 13:09:55', 0),
(402, 2, 11, 'BAR・飲食他', '0', NULL, '2015-10-16 13:09:55', '2015-10-16 13:09:55', 0),
(403, 2, 11, 'セクキャバ', '0', NULL, '2015-10-16 13:09:55', '2015-10-16 13:09:55', 0),
(404, 2, 11, 'ツーショットキャバクラ', '0', NULL, '2015-10-16 13:09:55', '2015-10-16 13:09:55', 0),
(405, 2, 11, '外国人クラブ・パブ', '0', NULL, '2015-10-16 13:09:55', '2015-10-16 13:09:55', 0),
(406, 2, 11, '一般・飲食', '0', NULL, '2015-10-16 13:09:55', '2015-10-16 13:09:55', 0),
(407, 2, 11, 'その他', '0', NULL, '2015-10-16 13:09:55', '2015-10-16 13:09:55', 0),
(408, 2, 11, 'ニューハーフ', '0', NULL, '2015-10-16 13:09:55', '2015-10-16 13:09:55', 0),
(409, 2, 12, 'ニュークラブ', '0', NULL, '2015-10-16 13:09:55', '2015-10-16 13:09:55', 0),
(410, 2, 12, 'クラブ・ラウンジ', '0', NULL, '2015-10-16 13:09:55', '2015-10-16 13:09:55', 0),
(411, 2, 12, 'キャバクラ', '0', NULL, '2015-10-16 13:09:55', '2015-10-16 13:09:55', 0),
(412, 2, 12, 'パブクラブ', '0', NULL, '2015-10-16 13:09:55', '2015-10-16 13:09:55', 0),
(413, 2, 12, 'スナック', '0', NULL, '2015-10-16 13:09:55', '2015-10-16 13:09:55', 0),
(414, 2, 12, 'ガールズバー', '0', NULL, '2015-10-16 13:09:55', '2015-10-16 13:09:55', 0),
(415, 2, 12, 'BAR・飲食他', '0', NULL, '2015-10-16 13:09:55', '2015-10-16 13:09:55', 0),
(416, 2, 12, 'セクキャバ', '0', NULL, '2015-10-16 13:09:55', '2015-10-16 13:09:55', 0),
(417, 2, 12, 'ツーショットキャバクラ', '0', NULL, '2015-10-16 13:09:55', '2015-10-16 13:09:55', 0),
(418, 2, 12, '外国人クラブ・パブ', '0', NULL, '2015-10-16 13:09:55', '2015-10-16 13:09:55', 0),
(419, 2, 12, '一般・飲食', '0', NULL, '2015-10-16 13:09:55', '2015-10-16 13:09:55', 0),
(420, 2, 12, 'その他', '0', NULL, '2015-10-16 13:09:55', '2015-10-16 13:09:55', 0),
(421, 2, 12, 'ニューハーフ', '0', NULL, '2015-10-16 13:09:55', '2015-10-16 13:09:55', 0),
(422, 2, 13, 'ニュークラブ', '0', NULL, '2015-10-16 13:09:55', '2015-10-16 13:09:55', 0),
(423, 2, 13, 'クラブ・ラウンジ', '0', NULL, '2015-10-16 13:09:55', '2015-10-16 13:09:55', 0),
(424, 2, 13, 'キャバクラ', '0', NULL, '2015-10-16 13:09:55', '2015-10-16 13:09:55', 0),
(425, 2, 13, 'パブクラブ', '0', NULL, '2015-10-16 13:09:55', '2015-10-16 13:09:55', 0),
(426, 2, 13, 'スナック', '0', NULL, '2015-10-16 13:09:55', '2015-10-16 13:09:55', 0),
(427, 2, 13, 'ガールズバー', '0', NULL, '2015-10-16 13:09:55', '2015-10-16 13:09:55', 0),
(428, 2, 13, 'BAR・飲食他', '0', NULL, '2015-10-16 13:09:55', '2015-10-16 13:09:55', 0),
(429, 2, 13, 'セクキャバ', '0', NULL, '2015-10-16 13:09:55', '2015-10-16 13:09:55', 0),
(430, 2, 13, 'ツーショットキャバクラ', '0', NULL, '2015-10-16 13:09:55', '2015-10-16 13:09:55', 0),
(431, 2, 13, '外国人クラブ・パブ', '0', NULL, '2015-10-16 13:09:55', '2015-10-16 13:09:55', 0),
(432, 2, 13, '一般・飲食', '0', NULL, '2015-10-16 13:09:55', '2015-10-16 13:09:55', 0),
(433, 2, 13, 'その他', '0', NULL, '2015-10-16 13:09:55', '2015-10-16 13:09:55', 0),
(434, 2, 13, 'ニューハーフ', '0', NULL, '2015-10-16 13:09:55', '2015-10-16 13:09:55', 0),
(435, 2, 14, 'ニュークラブ', '0', NULL, '2015-10-16 13:09:55', '2015-10-16 13:09:55', 0),
(436, 2, 14, 'クラブ・ラウンジ', '0', NULL, '2015-10-16 13:09:55', '2015-10-16 13:09:55', 0),
(437, 2, 14, 'キャバクラ', '0', NULL, '2015-10-16 13:09:55', '2015-10-16 13:09:55', 0),
(438, 2, 14, 'パブクラブ', '0', NULL, '2015-10-16 13:09:55', '2015-10-16 13:09:55', 0),
(439, 2, 14, 'スナック', '0', NULL, '2015-10-16 13:09:55', '2015-10-16 13:09:55', 0),
(440, 2, 14, 'ガールズバー', '0', NULL, '2015-10-16 13:09:55', '2015-10-16 13:09:55', 0),
(441, 2, 14, 'BAR・飲食他', '0', NULL, '2015-10-16 13:09:55', '2015-10-16 13:09:55', 0),
(442, 2, 14, 'セクキャバ', '0', NULL, '2015-10-16 13:09:55', '2015-10-16 13:09:55', 0),
(443, 2, 14, 'ツーショットキャバクラ', '0', NULL, '2015-10-16 13:09:55', '2015-10-16 13:09:55', 0),
(444, 2, 14, '外国人クラブ・パブ', '0', NULL, '2015-10-16 13:09:55', '2015-10-16 13:09:55', 0),
(445, 2, 14, '一般・飲食', '0', NULL, '2015-10-16 13:09:55', '2015-10-16 13:09:55', 0),
(446, 2, 14, 'その他', '0', NULL, '2015-10-16 13:09:55', '2015-10-16 13:09:55', 0),
(447, 2, 14, 'ニューハーフ', '0', NULL, '2015-10-16 13:09:55', '2015-10-16 13:09:55', 0),
(448, 2, 15, 'ニュークラブ', '0', NULL, '2015-10-16 13:09:55', '2015-10-16 13:09:55', 0),
(449, 2, 15, 'クラブ・ラウンジ', '0', NULL, '2015-10-16 13:09:55', '2015-10-16 13:09:55', 0),
(450, 2, 15, 'キャバクラ', '0', NULL, '2015-10-16 13:09:55', '2015-10-16 13:09:55', 0),
(451, 2, 15, 'パブクラブ', '0', NULL, '2015-10-16 13:09:55', '2015-10-16 13:09:55', 0),
(452, 2, 15, 'スナック', '0', NULL, '2015-10-16 13:09:55', '2015-10-16 13:09:55', 0),
(453, 2, 15, 'ガールズバー', '0', NULL, '2015-10-16 13:09:55', '2015-10-16 13:09:55', 0),
(454, 2, 15, 'BAR・飲食他', '0', NULL, '2015-10-16 13:09:55', '2015-10-16 13:09:55', 0),
(455, 2, 15, 'セクキャバ', '0', NULL, '2015-10-16 13:09:55', '2015-10-16 13:09:55', 0),
(456, 2, 15, 'ツーショットキャバクラ', '0', NULL, '2015-10-16 13:09:55', '2015-10-16 13:09:55', 0),
(457, 2, 15, '外国人クラブ・パブ', '0', NULL, '2015-10-16 13:09:55', '2015-10-16 13:09:55', 0),
(458, 2, 15, '一般・飲食', '0', NULL, '2015-10-16 13:09:55', '2015-10-16 13:09:55', 0),
(459, 2, 15, 'その他', '0', NULL, '2015-10-16 13:09:55', '2015-10-16 13:09:55', 0),
(460, 2, 15, 'ニューハーフ', '0', NULL, '2015-10-16 13:09:55', '2015-10-16 13:09:55', 0),
(461, 2, 16, 'ニュークラブ', '0', NULL, '2015-10-16 13:09:55', '2015-10-16 13:09:55', 0),
(462, 2, 16, 'クラブ・ラウンジ', '0', NULL, '2015-10-16 13:09:55', '2015-10-16 13:09:55', 0),
(463, 2, 16, 'キャバクラ', '0', NULL, '2015-10-16 13:09:55', '2015-10-16 13:09:55', 0),
(464, 2, 16, 'パブクラブ', '0', NULL, '2015-10-16 13:09:55', '2015-10-16 13:09:55', 0),
(465, 2, 16, 'スナック', '0', NULL, '2015-10-16 13:09:55', '2015-10-16 13:09:55', 0),
(466, 2, 16, 'ガールズバー', '0', NULL, '2015-10-16 13:09:55', '2015-10-16 13:09:55', 0),
(467, 2, 16, 'BAR・飲食他', '0', NULL, '2015-10-16 13:09:55', '2015-10-16 13:09:55', 0),
(468, 2, 16, 'セクキャバ', '0', NULL, '2015-10-16 13:09:55', '2015-10-16 13:09:55', 0),
(469, 2, 16, 'ツーショットキャバクラ', '0', NULL, '2015-10-16 13:09:55', '2015-10-16 13:09:55', 0),
(470, 2, 16, '外国人クラブ・パブ', '0', NULL, '2015-10-16 13:09:55', '2015-10-16 13:09:55', 0),
(471, 2, 16, '一般・飲食', '0', NULL, '2015-10-16 13:09:55', '2015-10-16 13:09:55', 0),
(472, 2, 16, 'その他', '0', NULL, '2015-10-16 13:09:55', '2015-10-16 13:09:55', 0),
(473, 2, 16, 'ニューハーフ', '0', NULL, '2015-10-16 13:09:55', '2015-10-16 13:09:55', 0),
(474, 2, 17, 'ニュークラブ', '0', NULL, '2015-10-16 13:09:55', '2015-10-16 13:09:55', 0),
(475, 2, 17, 'クラブ・ラウンジ', '0', NULL, '2015-10-16 13:09:55', '2015-10-16 13:09:55', 0),
(476, 2, 17, 'キャバクラ', '0', NULL, '2015-10-16 13:09:55', '2015-10-16 13:09:55', 0),
(477, 2, 17, 'パブクラブ', '0', NULL, '2015-10-16 13:09:55', '2015-10-16 13:09:55', 0),
(478, 2, 17, 'スナック', '0', NULL, '2015-10-16 13:09:55', '2015-10-16 13:09:55', 0),
(479, 2, 17, 'ガールズバー', '0', NULL, '2015-10-16 13:09:55', '2015-10-16 13:09:55', 0),
(480, 2, 17, 'BAR・飲食他', '0', NULL, '2015-10-16 13:09:55', '2015-10-16 13:09:55', 0),
(481, 2, 17, 'セクキャバ', '0', NULL, '2015-10-16 13:09:55', '2015-10-16 13:09:55', 0),
(482, 2, 17, 'ツーショットキャバクラ', '0', NULL, '2015-10-16 13:09:55', '2015-10-16 13:09:55', 0),
(483, 2, 17, '外国人クラブ・パブ', '0', NULL, '2015-10-16 13:09:55', '2015-10-16 13:09:55', 0),
(484, 2, 17, '一般・飲食', '0', NULL, '2015-10-16 13:09:55', '2015-10-16 13:09:55', 0),
(485, 2, 17, 'その他', '0', NULL, '2015-10-16 13:09:55', '2015-10-16 13:09:55', 0),
(486, 2, 17, 'ニューハーフ', '0', NULL, '2015-10-16 13:09:55', '2015-10-16 13:09:55', 0),
(487, 2, 18, 'ニュークラブ', '0', NULL, '2015-10-16 13:09:55', '2015-10-16 13:09:55', 0),
(488, 2, 18, 'クラブ・ラウンジ', '0', NULL, '2015-10-16 13:09:55', '2015-10-16 13:09:55', 0),
(489, 2, 18, 'キャバクラ', '0', NULL, '2015-10-16 13:09:55', '2015-10-16 13:09:55', 0),
(490, 2, 18, 'パブクラブ', '0', NULL, '2015-10-16 13:09:55', '2015-10-16 13:09:55', 0),
(491, 2, 18, 'スナック', '0', NULL, '2015-10-16 13:09:55', '2015-10-16 13:09:55', 0),
(492, 2, 18, 'ガールズバー', '0', NULL, '2015-10-16 13:09:55', '2015-10-16 13:09:55', 0),
(493, 2, 18, 'BAR・飲食他', '0', NULL, '2015-10-16 13:09:55', '2015-10-16 13:09:55', 0),
(494, 2, 18, 'セクキャバ', '0', NULL, '2015-10-16 13:09:55', '2015-10-16 13:09:55', 0),
(495, 2, 18, 'ツーショットキャバクラ', '0', NULL, '2015-10-16 13:09:55', '2015-10-16 13:09:55', 0),
(496, 2, 18, '外国人クラブ・パブ', '0', NULL, '2015-10-16 13:09:55', '2015-10-16 13:09:55', 0),
(497, 2, 18, '一般・飲食', '0', NULL, '2015-10-16 13:09:55', '2015-10-16 13:09:55', 0),
(498, 2, 18, 'その他', '0', NULL, '2015-10-16 13:09:55', '2015-10-16 13:09:55', 0),
(499, 2, 18, 'ニューハーフ', '0', NULL, '2015-10-16 13:09:55', '2015-10-16 13:09:55', 0),
(500, 2, 19, 'ニュークラブ', '0', NULL, '2015-10-16 13:09:55', '2015-10-16 13:09:55', 0),
(501, 2, 19, 'クラブ・ラウンジ', '0', NULL, '2015-10-16 13:09:55', '2015-10-16 13:09:55', 0),
(502, 2, 19, 'キャバクラ', '0', NULL, '2015-10-16 13:09:55', '2015-10-16 13:09:55', 0),
(503, 2, 19, 'パブクラブ', '0', NULL, '2015-10-16 13:09:55', '2015-10-16 13:09:55', 0),
(504, 2, 19, 'スナック', '0', NULL, '2015-10-16 13:09:55', '2015-10-16 13:09:55', 0),
(505, 2, 19, 'ガールズバー', '0', NULL, '2015-10-16 13:09:55', '2015-10-16 13:09:55', 0),
(506, 2, 19, 'BAR・飲食他', '0', NULL, '2015-10-16 13:09:55', '2015-10-16 13:09:55', 0),
(507, 2, 19, 'セクキャバ', '0', NULL, '2015-10-16 13:09:55', '2015-10-16 13:09:55', 0),
(508, 2, 19, 'ツーショットキャバクラ', '0', NULL, '2015-10-16 13:09:55', '2015-10-16 13:09:55', 0),
(509, 2, 19, '外国人クラブ・パブ', '0', NULL, '2015-10-16 13:09:55', '2015-10-16 13:09:55', 0),
(510, 2, 19, '一般・飲食', '0', NULL, '2015-10-16 13:09:55', '2015-10-16 13:09:55', 0),
(511, 2, 19, 'その他', '0', NULL, '2015-10-16 13:09:55', '2015-10-16 13:09:55', 0),
(512, 2, 19, 'ニューハーフ', '0', NULL, '2015-10-16 13:09:55', '2015-10-16 13:09:55', 0);

-- --------------------------------------------------------

--
-- テーブルの構造 `category_small`
--

CREATE TABLE IF NOT EXISTS `category_small` (
  `category_small_id` smallint(6) NOT NULL AUTO_INCREMENT COMMENT '小カテゴリーID',
  `category_midium_id` smallint(6) NOT NULL COMMENT '中カテゴリーID',
  `category_small_name` varchar(50) NOT NULL COMMENT '小カテゴリー名',
  `rank` smallint(6) DEFAULT NULL COMMENT 'ランク順',
  `regist_date` datetime NOT NULL COMMENT '登録日時',
  `update_date` datetime NOT NULL COMMENT '変更日時',
  `delete_flg` tinyint(4) NOT NULL DEFAULT '0' COMMENT '削除フラグ : 0：未削除、1：削除済み',
  PRIMARY KEY (`category_small_id`)
) ENGINE=InnoDB  DEFAULT CHARSET=utf8 COMMENT='小カテゴリーマスター' AUTO_INCREMENT=1326 ;

--
-- テーブルのデータをダンプしています `category_small`
--

INSERT INTO `category_small` (`category_small_id`, `category_midium_id`, `category_small_name`, `rank`, `regist_date`, `update_date`, `delete_flg`) VALUES
(1, 1, 'ファッションヘルス', NULL, '2015-10-16 13:11:06', '2015-10-16 13:11:06', 0),
(2, 1, '人妻ヘルス', NULL, '2015-10-16 13:11:06', '2015-10-16 13:11:06', 0),
(3, 1, '姉ヘルス', NULL, '2015-10-16 13:11:06', '2015-10-16 13:11:06', 0),
(4, 1, '激安ヘルス', NULL, '2015-10-16 13:11:06', '2015-10-16 13:11:06', 0),
(5, 1, 'フェチ・M性感', NULL, '2015-10-16 13:11:06', '2015-10-16 13:11:06', 0),
(6, 2, 'ソープランド', NULL, '2015-10-16 13:11:06', '2015-10-16 13:11:06', 0),
(7, 3, 'エステ（店舗）', NULL, '2015-10-16 13:11:06', '2015-10-16 13:11:06', 0),
(8, 4, 'デリヘル', NULL, '2015-10-16 13:11:06', '2015-10-16 13:11:06', 0),
(9, 4, '性感・SM', NULL, '2015-10-16 13:11:06', '2015-10-16 13:11:06', 0),
(10, 4, '人妻デリヘル', NULL, '2015-10-16 13:11:06', '2015-10-16 13:11:06', 0),
(11, 4, '熟女デリヘル', NULL, '2015-10-16 13:11:06', '2015-10-16 13:11:06', 0),
(12, 4, '高級デリヘル', NULL, '2015-10-16 13:11:06', '2015-10-16 13:11:06', 0),
(13, 4, '姉デリ', NULL, '2015-10-16 13:11:06', '2015-10-16 13:11:06', 0),
(14, 4, '激安デリヘル', NULL, '2015-10-16 13:11:06', '2015-10-16 13:11:06', 0),
(15, 4, 'コスプレデリヘル', NULL, '2015-10-16 13:11:06', '2015-10-16 13:11:06', 0),
(16, 4, '待ち合わせデリ', NULL, '2015-10-16 13:11:06', '2015-10-16 13:11:06', 0),
(17, 4, '巨乳デリ', NULL, '2015-10-16 13:11:06', '2015-10-16 13:11:06', 0),
(18, 5, 'エステ（出張）', NULL, '2015-10-16 13:11:06', '2015-10-16 13:11:06', 0),
(19, 5, 'エステ＆ヘルス', NULL, '2015-10-16 13:11:06', '2015-10-16 13:11:06', 0),
(20, 6, '函館デリヘル一般', NULL, '2015-10-16 13:11:06', '2015-10-16 13:11:06', 0),
(21, 6, '函館人妻デリヘル', NULL, '2015-10-16 13:11:06', '2015-10-16 13:11:06', 0),
(22, 6, '函館出張エステ', NULL, '2015-10-16 13:11:06', '2015-10-16 13:11:06', 0),
(23, 6, '函館痴女・性感・SM', NULL, '2015-10-16 13:11:06', '2015-10-16 13:11:06', 0),
(24, 6, '函館コスプレ', NULL, '2015-10-16 13:11:06', '2015-10-16 13:11:06', 0),
(25, 6, '函館ぽっちゃり', NULL, '2015-10-16 13:11:06', '2015-10-16 13:11:06', 0),
(26, 7, 'ソープ', NULL, '2015-10-16 13:11:06', '2015-10-16 13:11:06', 0),
(27, 8, 'ヘルス', NULL, '2015-10-16 13:11:06', '2015-10-16 13:11:06', 0),
(28, 8, 'セクキャバ', NULL, '2015-10-16 13:11:06', '2015-10-16 13:11:06', 0),
(29, 9, '宮城一般デリヘル', NULL, '2015-10-16 13:11:06', '2015-10-16 13:11:06', 0),
(30, 9, '宮城姉デリ', NULL, '2015-10-16 13:11:06', '2015-10-16 13:11:06', 0),
(31, 9, '宮城人妻デリヘル', NULL, '2015-10-16 13:11:06', '2015-10-16 13:11:06', 0),
(32, 9, '宮城コスプレデリ', NULL, '2015-10-16 13:11:06', '2015-10-16 13:11:06', 0),
(33, 9, '宮城ぽっちゃりデリ', NULL, '2015-10-16 13:11:06', '2015-10-16 13:11:06', 0),
(34, 9, '宮城激安デリヘル', NULL, '2015-10-16 13:11:06', '2015-10-16 13:11:06', 0),
(35, 9, '宮城韓国デリヘル', NULL, '2015-10-16 13:11:06', '2015-10-16 13:11:06', 0),
(36, 9, '宮城台湾デリヘル', NULL, '2015-10-16 13:11:06', '2015-10-16 13:11:06', 0),
(37, 9, '宮城外国人デリヘル', NULL, '2015-10-16 13:11:06', '2015-10-16 13:11:06', 0),
(38, 10, '福島デリヘル', NULL, '2015-10-16 13:11:06', '2015-10-16 13:11:06', 0),
(39, 10, '福島外国人デリヘル', NULL, '2015-10-16 13:11:06', '2015-10-16 13:11:06', 0),
(40, 10, '郡山一般デリヘル', NULL, '2015-10-16 13:11:06', '2015-10-16 13:11:06', 0),
(41, 10, '郡山人妻デリヘル', NULL, '2015-10-16 13:11:06', '2015-10-16 13:11:06', 0),
(42, 10, '郡山外国人デリヘル', NULL, '2015-10-16 13:11:06', '2015-10-16 13:11:06', 0),
(43, 10, 'いわきデリヘル', NULL, '2015-10-16 13:11:06', '2015-10-16 13:11:06', 0),
(44, 10, 'いわき外国人デリヘル', NULL, '2015-10-16 13:11:06', '2015-10-16 13:11:06', 0),
(45, 11, '岩手デリヘル', NULL, '2015-10-16 13:11:06', '2015-10-16 13:11:06', 0),
(46, 11, '岩手人妻デリヘル', NULL, '2015-10-16 13:11:06', '2015-10-16 13:11:06', 0),
(47, 11, '岩手外国人デリヘル', NULL, '2015-10-16 13:11:06', '2015-10-16 13:11:06', 0),
(48, 12, '青森デリヘル', NULL, '2015-10-16 13:11:06', '2015-10-16 13:11:06', 0),
(49, 13, '山形デリヘル', NULL, '2015-10-16 13:11:06', '2015-10-16 13:11:06', 0),
(50, 14, '秋田デリヘル', NULL, '2015-10-16 13:11:06', '2015-10-16 13:11:06', 0),
(51, 14, '秋田人妻デリヘル', NULL, '2015-10-16 13:11:06', '2015-10-16 13:11:06', 0),
(52, 15, '出張エステ', NULL, '2015-10-16 13:11:06', '2015-10-16 13:11:06', 0),
(53, 15, 'ハンドサービス', NULL, '2015-10-16 13:11:06', '2015-10-16 13:11:06', 0),
(54, 15, '出張性感', NULL, '2015-10-16 13:11:06', '2015-10-16 13:11:06', 0),
(55, 16, '古町ソープ', NULL, '2015-10-16 13:11:06', '2015-10-16 13:11:06', 0),
(56, 17, '新潟デリヘル', NULL, '2015-10-16 13:11:06', '2015-10-16 13:11:06', 0),
(57, 17, '新潟人妻デリヘル', NULL, '2015-10-16 13:11:06', '2015-10-16 13:11:06', 0),
(58, 17, '新潟イメージデリヘル', NULL, '2015-10-16 13:11:06', '2015-10-16 13:11:06', 0),
(59, 17, '新潟出張エステ', NULL, '2015-10-16 13:11:06', '2015-10-16 13:11:06', 0),
(60, 17, '新潟オナクラ・手コキ', NULL, '2015-10-16 13:11:06', '2015-10-16 13:11:06', 0),
(61, 17, '佐渡デリヘル', NULL, '2015-10-16 13:11:06', '2015-10-16 13:11:06', 0),
(62, 17, '佐渡人妻デリヘル', NULL, '2015-10-16 13:11:06', '2015-10-16 13:11:06', 0),
(63, 18, '長岡デリヘル', NULL, '2015-10-16 13:11:06', '2015-10-16 13:11:06', 0),
(64, 18, '長岡人妻デリヘル', NULL, '2015-10-16 13:11:06', '2015-10-16 13:11:06', 0),
(65, 18, '長岡出張エステ', NULL, '2015-10-16 13:11:06', '2015-10-16 13:11:06', 0),
(66, 18, '魚沼デリヘル', NULL, '2015-10-16 13:11:06', '2015-10-16 13:11:06', 0),
(67, 18, '県央デリヘル', NULL, '2015-10-16 13:11:06', '2015-10-16 13:11:06', 0),
(68, 18, '県央人妻デリヘル', NULL, '2015-10-16 13:11:06', '2015-10-16 13:11:06', 0),
(69, 18, '県央出張エステ', NULL, '2015-10-16 13:11:06', '2015-10-16 13:11:06', 0),
(70, 18, '県央オナクラ・手コキ', NULL, '2015-10-16 13:11:06', '2015-10-16 13:11:06', 0),
(71, 19, '上越デリヘル', NULL, '2015-10-16 13:11:06', '2015-10-16 13:11:06', 0),
(72, 19, '上越人妻デリヘル', NULL, '2015-10-16 13:11:06', '2015-10-16 13:11:06', 0),
(73, 19, '上越出張エステ', NULL, '2015-10-16 13:11:06', '2015-10-16 13:11:06', 0),
(74, 20, '韓国出張', NULL, '2015-10-16 13:11:06', '2015-10-16 13:11:06', 0),
(75, 20, 'アジアン出張', NULL, '2015-10-16 13:11:06', '2015-10-16 13:11:06', 0),
(76, 21, 'ソープランド', NULL, '2015-10-16 13:11:06', '2015-10-16 13:11:06', 0),
(77, 21, 'ヘルス', NULL, '2015-10-16 13:11:06', '2015-10-16 13:11:06', 0),
(78, 22, 'セクシーキャバクラ', NULL, '2015-10-16 13:11:06', '2015-10-16 13:11:06', 0),
(79, 23, '石川デリヘル', NULL, '2015-10-16 13:11:06', '2015-10-16 13:11:06', 0),
(80, 23, '石川人妻デリヘル', NULL, '2015-10-16 13:11:06', '2015-10-16 13:11:06', 0),
(81, 24, '富山デリヘル', NULL, '2015-10-16 13:11:06', '2015-10-16 13:11:06', 0),
(82, 24, '富山人妻デリヘル', NULL, '2015-10-16 13:11:06', '2015-10-16 13:11:06', 0),
(83, 25, '福井デリヘル', NULL, '2015-10-16 13:11:06', '2015-10-16 13:11:06', 0),
(84, 25, '福井人妻デリヘル', NULL, '2015-10-16 13:11:06', '2015-10-16 13:11:06', 0),
(85, 26, '外国人デリヘル', NULL, '2015-10-16 13:11:06', '2015-10-16 13:11:06', 0),
(86, 27, '出張エステ', NULL, '2015-10-16 13:11:06', '2015-10-16 13:11:06', 0),
(87, 27, 'ハンドサービス', NULL, '2015-10-16 13:11:06', '2015-10-16 13:11:06', 0),
(88, 28, '激安店', NULL, '2015-10-16 13:11:06', '2015-10-16 13:11:06', 0),
(89, 28, '中級店', NULL, '2015-10-16 13:11:06', '2015-10-16 13:11:06', 0),
(90, 28, '高級店', NULL, '2015-10-16 13:11:06', '2015-10-16 13:11:06', 0),
(91, 29, 'ヘルス', NULL, '2015-10-16 13:11:06', '2015-10-16 13:11:06', 0),
(92, 29, 'ホテヘル', NULL, '2015-10-16 13:11:06', '2015-10-16 13:11:06', 0),
(93, 29, 'イメクラ', NULL, '2015-10-16 13:11:06', '2015-10-16 13:11:06', 0),
(94, 29, '人妻ヘルス', NULL, '2015-10-16 13:11:06', '2015-10-16 13:11:06', 0),
(95, 29, '人妻ホテヘル', NULL, '2015-10-16 13:11:06', '2015-10-16 13:11:06', 0),
(96, 30, 'デリヘル', NULL, '2015-10-16 13:11:06', '2015-10-16 13:11:06', 0),
(97, 30, '人妻デリヘル', NULL, '2015-10-16 13:11:06', '2015-10-16 13:11:06', 0),
(98, 30, 'ぽっちゃりデリヘル', NULL, '2015-10-16 13:11:06', '2015-10-16 13:11:06', 0),
(99, 30, '出張エステ', NULL, '2015-10-16 13:11:06', '2015-10-16 13:11:06', 0),
(100, 30, '人妻待ち合わせ型', NULL, '2015-10-16 13:11:06', '2015-10-16 13:11:06', 0),
(101, 30, '韓国デリヘル', NULL, '2015-10-16 13:11:06', '2015-10-16 13:11:06', 0),
(102, 30, '外国人デリヘル', NULL, '2015-10-16 13:11:06', '2015-10-16 13:11:06', 0),
(103, 30, '出張性感', NULL, '2015-10-16 13:11:06', '2015-10-16 13:11:06', 0),
(104, 30, '出張SM', NULL, '2015-10-16 13:11:06', '2015-10-16 13:11:06', 0),
(105, 30, 'ハンドサービス', NULL, '2015-10-16 13:11:06', '2015-10-16 13:11:06', 0),
(106, 31, '激安店', NULL, '2015-10-16 13:11:06', '2015-10-16 13:11:06', 0),
(107, 31, '中級店', NULL, '2015-10-16 13:11:06', '2015-10-16 13:11:06', 0),
(108, 31, '高級店', NULL, '2015-10-16 13:11:06', '2015-10-16 13:11:06', 0),
(109, 32, 'ヘルス', NULL, '2015-10-16 13:11:06', '2015-10-16 13:11:06', 0),
(110, 32, 'ホテヘル', NULL, '2015-10-16 13:11:06', '2015-10-16 13:11:06', 0),
(111, 32, 'イメクラ', NULL, '2015-10-16 13:11:06', '2015-10-16 13:11:06', 0),
(112, 32, '人妻ホテヘル', NULL, '2015-10-16 13:11:06', '2015-10-16 13:11:06', 0),
(113, 32, '性感', NULL, '2015-10-16 13:11:06', '2015-10-16 13:11:06', 0),
(114, 32, 'SM', NULL, '2015-10-16 13:11:06', '2015-10-16 13:11:06', 0),
(115, 32, 'エステ', NULL, '2015-10-16 13:11:06', '2015-10-16 13:11:06', 0),
(116, 33, 'デリヘル', NULL, '2015-10-16 13:11:06', '2015-10-16 13:11:06', 0),
(117, 33, '人妻デリヘル', NULL, '2015-10-16 13:11:06', '2015-10-16 13:11:06', 0),
(118, 33, '待ち合わせ型', NULL, '2015-10-16 13:11:06', '2015-10-16 13:11:06', 0),
(119, 33, '人妻待ち合わせ型', NULL, '2015-10-16 13:11:06', '2015-10-16 13:11:06', 0),
(120, 33, '高級派遣ヘルス', NULL, '2015-10-16 13:11:06', '2015-10-16 13:11:06', 0),
(121, 33, '韓国デリヘル', NULL, '2015-10-16 13:11:06', '2015-10-16 13:11:06', 0),
(122, 33, '外国人デリヘル', NULL, '2015-10-16 13:11:06', '2015-10-16 13:11:06', 0),
(123, 34, '出張エステ', NULL, '2015-10-16 13:11:06', '2015-10-16 13:11:06', 0),
(124, 34, '出張SM', NULL, '2015-10-16 13:11:06', '2015-10-16 13:11:06', 0),
(125, 34, '出張性感', NULL, '2015-10-16 13:11:06', '2015-10-16 13:11:06', 0),
(126, 34, '出張オナクラ', NULL, '2015-10-16 13:11:06', '2015-10-16 13:11:06', 0),
(127, 35, '激安ソープランド', NULL, '2015-10-16 13:11:06', '2015-10-16 13:11:06', 0),
(128, 35, '中級ソープランド', NULL, '2015-10-16 13:11:06', '2015-10-16 13:11:06', 0),
(129, 35, '高級ソープランド', NULL, '2015-10-16 13:11:06', '2015-10-16 13:11:06', 0),
(130, 36, 'ホテヘル', NULL, '2015-10-16 13:11:06', '2015-10-16 13:11:06', 0),
(131, 36, 'イメクラ', NULL, '2015-10-16 13:11:06', '2015-10-16 13:11:06', 0),
(132, 36, '人妻ホテヘル', NULL, '2015-10-16 13:11:06', '2015-10-16 13:11:06', 0),
(133, 36, '手コキ・オナクラ', NULL, '2015-10-16 13:11:06', '2015-10-16 13:11:06', 0),
(134, 37, 'ファッションヘルス', NULL, '2015-10-16 13:11:06', '2015-10-16 13:11:06', 0),
(135, 37, '人妻ヘルス', NULL, '2015-10-16 13:11:06', '2015-10-16 13:11:06', 0),
(136, 38, 'ホテヘル型エステ', NULL, '2015-10-16 13:11:06', '2015-10-16 13:11:06', 0),
(137, 38, 'ホテヘル型M性感', NULL, '2015-10-16 13:11:06', '2015-10-16 13:11:06', 0),
(138, 38, 'ホテヘル型SM', NULL, '2015-10-16 13:11:06', '2015-10-16 13:11:06', 0),
(139, 39, 'デリヘル', NULL, '2015-10-16 13:11:06', '2015-10-16 13:11:06', 0),
(140, 39, '高級派遣ヘルス', NULL, '2015-10-16 13:11:06', '2015-10-16 13:11:06', 0),
(141, 39, '人妻デリヘル', NULL, '2015-10-16 13:11:06', '2015-10-16 13:11:06', 0),
(142, 39, '外国人デリヘル', NULL, '2015-10-16 13:11:06', '2015-10-16 13:11:06', 0),
(143, 39, '出張ハンドヘルス', NULL, '2015-10-16 13:11:06', '2015-10-16 13:11:06', 0),
(144, 40, '派遣型エステ', NULL, '2015-10-16 13:11:06', '2015-10-16 13:11:06', 0),
(145, 40, '派遣型SM', NULL, '2015-10-16 13:11:06', '2015-10-16 13:11:06', 0),
(146, 40, '派遣型M性感', NULL, '2015-10-16 13:11:06', '2015-10-16 13:11:06', 0),
(147, 41, 'ファッションヘルス', NULL, '2015-10-16 13:11:06', '2015-10-16 13:11:06', 0),
(148, 41, 'イメージクラブ', NULL, '2015-10-16 13:11:06', '2015-10-16 13:11:06', 0),
(149, 41, 'マットヘルス', NULL, '2015-10-16 13:11:06', '2015-10-16 13:11:06', 0),
(150, 41, '人妻ヘルス', NULL, '2015-10-16 13:11:06', '2015-10-16 13:11:06', 0),
(151, 41, '人妻イメージクラブ', NULL, '2015-10-16 13:11:06', '2015-10-16 13:11:06', 0),
(152, 41, 'M性感ヘルス', NULL, '2015-10-16 13:11:06', '2015-10-16 13:11:06', 0),
(153, 42, 'デリヘル・ホテヘル', NULL, '2015-10-16 13:11:06', '2015-10-16 13:11:06', 0),
(154, 42, 'ホテル型イメージクラブ', NULL, '2015-10-16 13:11:06', '2015-10-16 13:11:06', 0),
(155, 42, '人妻デリヘル・ホテヘル', NULL, '2015-10-16 13:11:06', '2015-10-16 13:11:06', 0),
(156, 42, 'ホテヘル', NULL, '2015-10-16 13:11:06', '2015-10-16 13:11:06', 0),
(157, 42, '人妻ホテヘル', NULL, '2015-10-16 13:11:06', '2015-10-16 13:11:06', 0),
(158, 43, '高級店', NULL, '2015-10-16 13:11:06', '2015-10-16 13:11:06', 0),
(159, 43, '大衆店', NULL, '2015-10-16 13:11:06', '2015-10-16 13:11:06', 0),
(160, 43, '低料金', NULL, '2015-10-16 13:11:06', '2015-10-16 13:11:06', 0),
(161, 44, '派遣型エステ', NULL, '2015-10-16 13:11:06', '2015-10-16 13:11:06', 0),
(162, 44, 'エステ', NULL, '2015-10-16 13:11:06', '2015-10-16 13:11:06', 0),
(163, 44, '派遣型M性感', NULL, '2015-10-16 13:11:06', '2015-10-16 13:11:06', 0),
(164, 44, 'M性感', NULL, '2015-10-16 13:11:06', '2015-10-16 13:11:06', 0),
(165, 44, '手コキ・オナクラ', NULL, '2015-10-16 13:11:06', '2015-10-16 13:11:06', 0),
(166, 44, '派遣型オナクラ', NULL, '2015-10-16 13:11:06', '2015-10-16 13:11:06', 0),
(167, 44, 'ホテル型オナクラ', NULL, '2015-10-16 13:11:06', '2015-10-16 13:11:06', 0),
(168, 45, 'デリヘル', NULL, '2015-10-16 13:11:06', '2015-10-16 13:11:06', 0),
(169, 45, '人妻デリヘル', NULL, '2015-10-16 13:11:06', '2015-10-16 13:11:06', 0),
(170, 45, '高級派遣デリヘル', NULL, '2015-10-16 13:11:06', '2015-10-16 13:11:06', 0),
(171, 45, '外国人デリヘル', NULL, '2015-10-16 13:11:06', '2015-10-16 13:11:06', 0),
(172, 45, '派遣型エステ', NULL, '2015-10-16 13:11:06', '2015-10-16 13:11:06', 0),
(173, 45, '派遣型M性感', NULL, '2015-10-16 13:11:06', '2015-10-16 13:11:06', 0),
(174, 45, '派遣型オナクラ', NULL, '2015-10-16 13:11:06', '2015-10-16 13:11:06', 0),
(175, 45, '派遣型SM', NULL, '2015-10-16 13:11:06', '2015-10-16 13:11:06', 0),
(176, 46, 'ソープ', NULL, '2015-10-16 13:11:06', '2015-10-16 13:11:06', 0),
(177, 46, 'ヘルス', NULL, '2015-10-16 13:11:06', '2015-10-16 13:11:06', 0),
(178, 47, '中部デリヘル', NULL, '2015-10-16 13:11:06', '2015-10-16 13:11:06', 0),
(179, 47, '中部人妻デリヘル', NULL, '2015-10-16 13:11:06', '2015-10-16 13:11:06', 0),
(180, 47, '中部韓国デリヘル', NULL, '2015-10-16 13:11:06', '2015-10-16 13:11:06', 0),
(181, 47, '中部デリバリーエステ', NULL, '2015-10-16 13:11:06', '2015-10-16 13:11:06', 0),
(182, 47, '中部出張SM', NULL, '2015-10-16 13:11:06', '2015-10-16 13:11:06', 0),
(183, 47, '中部出張M性感', NULL, '2015-10-16 13:11:06', '2015-10-16 13:11:06', 0),
(184, 48, '西部デリヘル', NULL, '2015-10-16 13:11:06', '2015-10-16 13:11:06', 0),
(185, 48, '西部人妻デリヘル', NULL, '2015-10-16 13:11:06', '2015-10-16 13:11:06', 0),
(186, 48, '西部韓国デリヘル', NULL, '2015-10-16 13:11:06', '2015-10-16 13:11:06', 0),
(187, 48, '西部アジアンデリヘル', NULL, '2015-10-16 13:11:06', '2015-10-16 13:11:06', 0),
(188, 48, '西部金髪系デリヘル', NULL, '2015-10-16 13:11:06', '2015-10-16 13:11:06', 0),
(189, 48, '西部ニューハーフデリ', NULL, '2015-10-16 13:11:06', '2015-10-16 13:11:06', 0),
(190, 48, '西部デリバリーエステ', NULL, '2015-10-16 13:11:06', '2015-10-16 13:11:06', 0),
(191, 48, '西部出張SM', NULL, '2015-10-16 13:11:06', '2015-10-16 13:11:06', 0),
(192, 48, '西部出張M性感', NULL, '2015-10-16 13:11:06', '2015-10-16 13:11:06', 0),
(193, 49, '東部デリヘル', NULL, '2015-10-16 13:11:06', '2015-10-16 13:11:06', 0),
(194, 49, '東部人妻デリヘル', NULL, '2015-10-16 13:11:06', '2015-10-16 13:11:06', 0),
(195, 49, '東部韓国デリヘル', NULL, '2015-10-16 13:11:06', '2015-10-16 13:11:06', 0),
(196, 49, '東部アジアンデリヘル', NULL, '2015-10-16 13:11:06', '2015-10-16 13:11:06', 0),
(197, 49, '東部高級派遣ヘルス', NULL, '2015-10-16 13:11:06', '2015-10-16 13:11:06', 0),
(198, 49, '東部デリバリーエステ', NULL, '2015-10-16 13:11:06', '2015-10-16 13:11:06', 0),
(199, 50, 'ファッションヘルス', NULL, '2015-10-16 13:11:06', '2015-10-16 13:11:06', 0),
(200, 50, 'イメージクラブ', NULL, '2015-10-16 13:11:06', '2015-10-16 13:11:06', 0),
(201, 50, 'マットヘルス', NULL, '2015-10-16 13:11:06', '2015-10-16 13:11:06', 0),
(202, 50, '人妻ヘルス', NULL, '2015-10-16 13:11:06', '2015-10-16 13:11:06', 0),
(203, 50, 'ニューハーフヘルス', NULL, '2015-10-16 13:11:06', '2015-10-16 13:11:06', 0),
(204, 50, 'ホテルヘルス', NULL, '2015-10-16 13:11:06', '2015-10-16 13:11:06', 0),
(205, 50, 'ソフトヘルス', NULL, '2015-10-16 13:11:06', '2015-10-16 13:11:06', 0),
(206, 51, '激安ソープ', NULL, '2015-10-16 13:11:06', '2015-10-16 13:11:06', 0),
(207, 51, '中級ソープ', NULL, '2015-10-16 13:11:06', '2015-10-16 13:11:06', 0),
(208, 51, '高級ソープ', NULL, '2015-10-16 13:11:06', '2015-10-16 13:11:06', 0),
(209, 51, '特殊ソープ', NULL, '2015-10-16 13:11:06', '2015-10-16 13:11:06', 0),
(210, 52, 'エステ', NULL, '2015-10-16 13:11:06', '2015-10-16 13:11:06', 0),
(211, 53, 'SM', NULL, '2015-10-16 13:11:06', '2015-10-16 13:11:06', 0),
(212, 53, '性感', NULL, '2015-10-16 13:11:06', '2015-10-16 13:11:06', 0),
(213, 53, 'その他', NULL, '2015-10-16 13:11:06', '2015-10-16 13:11:06', 0),
(214, 54, 'デリヘル', NULL, '2015-10-16 13:11:06', '2015-10-16 13:11:06', 0),
(215, 54, '人妻デリヘル', NULL, '2015-10-16 13:11:06', '2015-10-16 13:11:06', 0),
(216, 54, 'ぽっちゃりデリヘル', NULL, '2015-10-16 13:11:06', '2015-10-16 13:11:06', 0),
(217, 54, 'ニューハーフデリヘル', NULL, '2015-10-16 13:11:06', '2015-10-16 13:11:06', 0),
(218, 54, '待ち合わせ型', NULL, '2015-10-16 13:11:06', '2015-10-16 13:11:06', 0),
(219, 54, '人妻待ち合わせ型', NULL, '2015-10-16 13:11:06', '2015-10-16 13:11:06', 0),
(220, 54, 'その他', NULL, '2015-10-16 13:11:06', '2015-10-16 13:11:06', 0),
(221, 55, '韓国デリヘル', NULL, '2015-10-16 13:11:06', '2015-10-16 13:11:06', 0),
(222, 55, '外国人デリヘル', NULL, '2015-10-16 13:11:06', '2015-10-16 13:11:06', 0),
(223, 56, '出張エステ', NULL, '2015-10-16 13:11:06', '2015-10-16 13:11:06', 0),
(224, 57, '出張SM', NULL, '2015-10-16 13:11:06', '2015-10-16 13:11:06', 0),
(225, 57, '出張性感・フェチ系', NULL, '2015-10-16 13:11:06', '2015-10-16 13:11:06', 0),
(226, 58, 'ヘルス', NULL, '2015-10-16 13:11:06', '2015-10-16 13:11:06', 0),
(227, 58, '人妻ヘルス', NULL, '2015-10-16 13:11:06', '2015-10-16 13:11:06', 0),
(228, 59, 'ソープランド', NULL, '2015-10-16 13:11:06', '2015-10-16 13:11:06', 0),
(229, 60, 'ホテヘル', NULL, '2015-10-16 13:11:06', '2015-10-16 13:11:06', 0),
(230, 60, '待合せ', NULL, '2015-10-16 13:11:06', '2015-10-16 13:11:06', 0),
(231, 60, '人妻ホテヘル', NULL, '2015-10-16 13:11:06', '2015-10-16 13:11:06', 0),
(232, 61, 'M性感', NULL, '2015-10-16 13:11:06', '2015-10-16 13:11:06', 0),
(233, 61, 'エステ', NULL, '2015-10-16 13:11:06', '2015-10-16 13:11:06', 0),
(234, 61, 'オナクラ', NULL, '2015-10-16 13:11:06', '2015-10-16 13:11:06', 0),
(235, 62, 'デリヘル', NULL, '2015-10-16 13:11:06', '2015-10-16 13:11:06', 0),
(236, 62, '人妻デリヘル', NULL, '2015-10-16 13:11:06', '2015-10-16 13:11:06', 0),
(237, 62, '出張エステ', NULL, '2015-10-16 13:11:06', '2015-10-16 13:11:06', 0),
(238, 62, '外人デリヘル', NULL, '2015-10-16 13:11:06', '2015-10-16 13:11:06', 0),
(239, 62, '韓国デリヘル', NULL, '2015-10-16 13:11:06', '2015-10-16 13:11:06', 0),
(240, 62, 'ニューハーフデリヘル', NULL, '2015-10-16 13:11:06', '2015-10-16 13:11:06', 0),
(241, 63, 'ファッションヘルス', NULL, '2015-10-16 13:11:06', '2015-10-16 13:11:06', 0),
(242, 63, 'マットヘルス', NULL, '2015-10-16 13:11:06', '2015-10-16 13:11:06', 0),
(243, 63, 'ソープランド', NULL, '2015-10-16 13:11:06', '2015-10-16 13:11:06', 0),
(244, 64, '待合せヘルス', NULL, '2015-10-16 13:11:06', '2015-10-16 13:11:06', 0),
(245, 64, '待合せ激安ヘルス', NULL, '2015-10-16 13:11:06', '2015-10-16 13:11:06', 0),
(246, 64, '待合せ人妻ヘルス', NULL, '2015-10-16 13:11:06', '2015-10-16 13:11:06', 0),
(247, 64, '待合せ激安人妻ヘルス', NULL, '2015-10-16 13:11:06', '2015-10-16 13:11:06', 0),
(248, 64, '待合せ熟女ヘルス', NULL, '2015-10-16 13:11:06', '2015-10-16 13:11:06', 0),
(249, 64, '待合せエステ', NULL, '2015-10-16 13:11:06', '2015-10-16 13:11:06', 0),
(250, 65, 'ホテヘル', NULL, '2015-10-16 13:11:06', '2015-10-16 13:11:06', 0),
(251, 65, '激安ホテヘル', NULL, '2015-10-16 13:11:06', '2015-10-16 13:11:06', 0),
(252, 65, '姉ホテヘル', NULL, '2015-10-16 13:11:06', '2015-10-16 13:11:06', 0),
(253, 65, '人妻ホテヘル', NULL, '2015-10-16 13:11:06', '2015-10-16 13:11:06', 0),
(254, 65, '激安人妻ホテヘル', NULL, '2015-10-16 13:11:06', '2015-10-16 13:11:06', 0),
(255, 65, '熟女ホテヘル', NULL, '2015-10-16 13:11:06', '2015-10-16 13:11:06', 0),
(256, 65, '外国人ホテヘル', NULL, '2015-10-16 13:11:06', '2015-10-16 13:11:06', 0),
(257, 65, 'ニューハーフホテヘル', NULL, '2015-10-16 13:11:06', '2015-10-16 13:11:06', 0),
(258, 66, 'エステ', NULL, '2015-10-16 13:11:06', '2015-10-16 13:11:06', 0),
(259, 66, '出張エステ', NULL, '2015-10-16 13:11:06', '2015-10-16 13:11:06', 0),
(260, 66, '人妻エステ', NULL, '2015-10-16 13:11:06', '2015-10-16 13:11:06', 0),
(261, 66, 'SM', NULL, '2015-10-16 13:11:06', '2015-10-16 13:11:06', 0),
(262, 66, '出張SM', NULL, '2015-10-16 13:11:06', '2015-10-16 13:11:06', 0),
(263, 66, 'M性感', NULL, '2015-10-16 13:11:06', '2015-10-16 13:11:06', 0),
(264, 66, '出張M性感', NULL, '2015-10-16 13:11:06', '2015-10-16 13:11:06', 0),
(265, 66, 'オナクラ・手コキ', NULL, '2015-10-16 13:11:06', '2015-10-16 13:11:06', 0),
(266, 66, 'ニューハーフ', NULL, '2015-10-16 13:11:06', '2015-10-16 13:11:06', 0),
(267, 66, '出張ニューハーフ', NULL, '2015-10-16 13:11:06', '2015-10-16 13:11:06', 0),
(268, 67, 'デリヘル', NULL, '2015-10-16 13:11:06', '2015-10-16 13:11:06', 0),
(269, 67, '激安デリヘル', NULL, '2015-10-16 13:11:06', '2015-10-16 13:11:06', 0),
(270, 67, '高級デリヘル', NULL, '2015-10-16 13:11:06', '2015-10-16 13:11:06', 0),
(271, 67, '待合せデリヘル', NULL, '2015-10-16 13:11:06', '2015-10-16 13:11:06', 0),
(272, 67, '姉デリヘル', NULL, '2015-10-16 13:11:06', '2015-10-16 13:11:06', 0),
(273, 67, '人妻デリヘル', NULL, '2015-10-16 13:11:06', '2015-10-16 13:11:06', 0),
(274, 67, '熟女デリヘル', NULL, '2015-10-16 13:11:06', '2015-10-16 13:11:06', 0),
(275, 67, '外国人デリヘル', NULL, '2015-10-16 13:11:06', '2015-10-16 13:11:06', 0),
(276, 67, '韓国デリヘル', NULL, '2015-10-16 13:11:06', '2015-10-16 13:11:06', 0),
(277, 67, '出張エステ', NULL, '2015-10-16 13:11:06', '2015-10-16 13:11:06', 0),
(278, 68, 'ヘルス', NULL, '2015-10-16 13:11:06', '2015-10-16 13:11:06', 0),
(279, 68, '人妻ヘルス', NULL, '2015-10-16 13:11:06', '2015-10-16 13:11:06', 0),
(280, 69, 'ホテヘル', NULL, '2015-10-16 13:11:06', '2015-10-16 13:11:06', 0),
(281, 69, '人妻ホテヘル', NULL, '2015-10-16 13:11:06', '2015-10-16 13:11:06', 0),
(282, 70, '高級スープ', NULL, '2015-10-16 13:11:06', '2015-10-16 13:11:06', 0),
(283, 70, '中級ソープ', NULL, '2015-10-16 13:11:06', '2015-10-16 13:11:06', 0),
(284, 70, '一般ソープ', NULL, '2015-10-16 13:11:06', '2015-10-16 13:11:06', 0),
(285, 70, '大衆ソープ', NULL, '2015-10-16 13:11:06', '2015-10-16 13:11:06', 0),
(286, 71, 'M性感', NULL, '2015-10-16 13:11:06', '2015-10-16 13:11:06', 0),
(287, 71, 'エステ', NULL, '2015-10-16 13:11:06', '2015-10-16 13:11:06', 0),
(288, 71, 'オナクラ', NULL, '2015-10-16 13:11:06', '2015-10-16 13:11:06', 0),
(289, 72, 'デリヘル', NULL, '2015-10-16 13:11:06', '2015-10-16 13:11:06', 0),
(290, 72, '人妻デリヘル', NULL, '2015-10-16 13:11:06', '2015-10-16 13:11:06', 0),
(291, 72, '人妻待合せ', NULL, '2015-10-16 13:11:06', '2015-10-16 13:11:06', 0),
(292, 72, '外人デリヘル', NULL, '2015-10-16 13:11:06', '2015-10-16 13:11:06', 0),
(293, 72, '韓国デリヘル', NULL, '2015-10-16 13:11:06', '2015-10-16 13:11:06', 0),
(294, 72, '出張エステ', NULL, '2015-10-16 13:11:06', '2015-10-16 13:11:06', 0),
(295, 73, 'ファッションヘルス', NULL, '2015-10-16 13:11:06', '2015-10-16 13:11:06', 0),
(296, 73, 'ソープランド', NULL, '2015-10-16 13:11:06', '2015-10-16 13:11:06', 0),
(297, 74, '広島デリヘル', NULL, '2015-10-16 13:11:06', '2015-10-16 13:11:06', 0),
(298, 74, '広島人妻デリヘル', NULL, '2015-10-16 13:11:06', '2015-10-16 13:11:06', 0),
(299, 74, '広島出張エステ', NULL, '2015-10-16 13:11:06', '2015-10-16 13:11:06', 0),
(300, 74, '広島外国人デリヘル', NULL, '2015-10-16 13:11:06', '2015-10-16 13:11:06', 0),
(301, 75, '岡山デリヘル', NULL, '2015-10-16 13:11:06', '2015-10-16 13:11:06', 0),
(302, 75, '岡山人妻デリヘル', NULL, '2015-10-16 13:11:06', '2015-10-16 13:11:06', 0),
(303, 75, '岡山出張エステ', NULL, '2015-10-16 13:11:06', '2015-10-16 13:11:06', 0),
(304, 75, '岡山韓国デリヘル', NULL, '2015-10-16 13:11:06', '2015-10-16 13:11:06', 0),
(305, 75, '岡山外国人デリヘル', NULL, '2015-10-16 13:11:06', '2015-10-16 13:11:06', 0),
(306, 75, '倉敷デリヘル', NULL, '2015-10-16 13:11:06', '2015-10-16 13:11:06', 0),
(307, 76, '島根デリヘル', NULL, '2015-10-16 13:11:06', '2015-10-16 13:11:06', 0),
(308, 76, '鳥取デリヘル', NULL, '2015-10-16 13:11:06', '2015-10-16 13:11:06', 0),
(309, 76, '山口デリヘル', NULL, '2015-10-16 13:11:06', '2015-10-16 13:11:06', 0),
(310, 77, 'ファッションヘルス', NULL, '2015-10-16 13:11:06', '2015-10-16 13:11:06', 0),
(311, 77, 'M性感', NULL, '2015-10-16 13:11:06', '2015-10-16 13:11:06', 0),
(312, 77, 'エステ', NULL, '2015-10-16 13:11:06', '2015-10-16 13:11:06', 0),
(313, 78, 'ソープランド', NULL, '2015-10-16 13:11:06', '2015-10-16 13:11:06', 0),
(314, 79, 'セクキャバ', NULL, '2015-10-16 13:11:06', '2015-10-16 13:11:06', 0),
(315, 80, 'デリヘル', NULL, '2015-10-16 13:11:06', '2015-10-16 13:11:06', 0),
(316, 80, '人妻デリヘル', NULL, '2015-10-16 13:11:06', '2015-10-16 13:11:06', 0),
(317, 80, '出張SM', NULL, '2015-10-16 13:11:06', '2015-10-16 13:11:06', 0),
(318, 80, '出張エステ', NULL, '2015-10-16 13:11:06', '2015-10-16 13:11:06', 0),
(319, 81, 'ソープランド', NULL, '2015-10-16 13:11:06', '2015-10-16 13:11:06', 0),
(320, 81, 'イメージソープ', NULL, '2015-10-16 13:11:06', '2015-10-16 13:11:06', 0),
(321, 82, 'トクヨク', NULL, '2015-10-16 13:11:06', '2015-10-16 13:11:06', 0),
(322, 82, 'イメージトクヨク', NULL, '2015-10-16 13:11:06', '2015-10-16 13:11:06', 0),
(323, 82, '姉系・人妻トクヨク', NULL, '2015-10-16 13:11:06', '2015-10-16 13:11:06', 0),
(324, 82, 'エンジェル', NULL, '2015-10-16 13:11:06', '2015-10-16 13:11:06', 0),
(325, 82, 'ホテルヘルス', NULL, '2015-10-16 13:11:06', '2015-10-16 13:11:06', 0),
(326, 82, 'アロマ・エステ', NULL, '2015-10-16 13:11:06', '2015-10-16 13:11:06', 0),
(327, 82, 'M性感', NULL, '2015-10-16 13:11:06', '2015-10-16 13:11:06', 0),
(328, 82, 'ニューハーフ', NULL, '2015-10-16 13:11:06', '2015-10-16 13:11:06', 0),
(329, 82, 'その他', NULL, '2015-10-16 13:11:06', '2015-10-16 13:11:06', 0),
(330, 83, 'デリヘル', NULL, '2015-10-16 13:11:06', '2015-10-16 13:11:06', 0),
(331, 83, '高級デリヘル', NULL, '2015-10-16 13:11:06', '2015-10-16 13:11:06', 0),
(332, 83, '激安デリヘル', NULL, '2015-10-16 13:11:06', '2015-10-16 13:11:06', 0),
(333, 83, 'ぽっちゃりデリヘル', NULL, '2015-10-16 13:11:06', '2015-10-16 13:11:06', 0),
(334, 83, '出張SM', NULL, '2015-10-16 13:11:06', '2015-10-16 13:11:06', 0),
(335, 83, '韓国デリヘル', NULL, '2015-10-16 13:11:06', '2015-10-16 13:11:06', 0),
(336, 83, '外国人デリヘル', NULL, '2015-10-16 13:11:06', '2015-10-16 13:11:06', 0),
(337, 84, '人妻デリヘル', NULL, '2015-10-16 13:11:06', '2015-10-16 13:11:06', 0),
(338, 85, '出張アロマ', NULL, '2015-10-16 13:11:06', '2015-10-16 13:11:06', 0),
(339, 86, 'エンジェル', NULL, '2015-10-16 13:11:06', '2015-10-16 13:11:06', 0),
(340, 86, 'アロマ・エステ', NULL, '2015-10-16 13:11:06', '2015-10-16 13:11:06', 0),
(341, 87, 'ソープランド', NULL, '2015-10-16 13:11:06', '2015-10-16 13:11:06', 0),
(342, 88, 'セクシーパブ', NULL, '2015-10-16 13:11:06', '2015-10-16 13:11:06', 0),
(343, 89, 'デリヘル', NULL, '2015-10-16 13:11:06', '2015-10-16 13:11:06', 0),
(344, 89, '激安デリヘル', NULL, '2015-10-16 13:11:06', '2015-10-16 13:11:06', 0),
(345, 89, '高級デリヘル', NULL, '2015-10-16 13:11:06', '2015-10-16 13:11:06', 0),
(346, 89, '韓国デリヘル', NULL, '2015-10-16 13:11:06', '2015-10-16 13:11:06', 0),
(347, 89, '外国人デリヘル', NULL, '2015-10-16 13:11:06', '2015-10-16 13:11:06', 0),
(348, 89, '出張SM', NULL, '2015-10-16 13:11:06', '2015-10-16 13:11:06', 0),
(349, 90, '人妻デリヘル', NULL, '2015-10-16 13:11:06', '2015-10-16 13:11:06', 0),
(350, 91, '出張アロマ', NULL, '2015-10-16 13:11:06', '2015-10-16 13:11:06', 0),
(351, 92, 'ソープランド', NULL, '2015-10-16 13:11:06', '2015-10-16 13:11:06', 0),
(352, 92, 'トクヨク（ヘルス）', NULL, '2015-10-16 13:11:06', '2015-10-16 13:11:06', 0),
(353, 93, 'デリヘル', NULL, '2015-10-16 13:11:06', '2015-10-16 13:11:06', 0),
(354, 93, '人妻デリヘル', NULL, '2015-10-16 13:11:06', '2015-10-16 13:11:06', 0),
(355, 93, '出張SM', NULL, '2015-10-16 13:11:06', '2015-10-16 13:11:06', 0),
(356, 94, '出張アロマ', NULL, '2015-10-16 13:11:06', '2015-10-16 13:11:06', 0),
(357, 95, '一部', NULL, '2015-10-16 13:11:06', '2015-10-16 13:11:06', 0),
(358, 95, '日の出', NULL, '2015-10-16 13:11:06', '2015-10-16 13:11:06', 0),
(359, 96, '一部', NULL, '2015-10-16 13:11:06', '2015-10-16 13:11:06', 0),
(360, 96, '日の出', NULL, '2015-10-16 13:11:06', '2015-10-16 13:11:06', 0),
(361, 97, '一部', NULL, '2015-10-16 13:11:06', '2015-10-16 13:11:06', 0),
(362, 97, '日の出', NULL, '2015-10-16 13:11:06', '2015-10-16 13:11:06', 0),
(363, 98, '一部', NULL, '2015-10-16 13:11:06', '2015-10-16 13:11:06', 0),
(364, 98, '日の出', NULL, '2015-10-16 13:11:06', '2015-10-16 13:11:06', 0),
(365, 99, '一部', NULL, '2015-10-16 13:11:06', '2015-10-16 13:11:06', 0),
(366, 99, '日の出', NULL, '2015-10-16 13:11:06', '2015-10-16 13:11:06', 0),
(367, 100, '一部', NULL, '2015-10-16 13:11:06', '2015-10-16 13:11:06', 0),
(368, 100, '日の出', NULL, '2015-10-16 13:11:06', '2015-10-16 13:11:06', 0),
(369, 101, '一部', NULL, '2015-10-16 13:11:06', '2015-10-16 13:11:06', 0),
(370, 101, '日の出', NULL, '2015-10-16 13:11:06', '2015-10-16 13:11:06', 0),
(371, 102, '一部', NULL, '2015-10-16 13:11:06', '2015-10-16 13:11:06', 0),
(372, 102, '日の出', NULL, '2015-10-16 13:11:06', '2015-10-16 13:11:06', 0),
(373, 103, '一部', NULL, '2015-10-16 13:11:06', '2015-10-16 13:11:06', 0),
(374, 103, '日の出', NULL, '2015-10-16 13:11:06', '2015-10-16 13:11:06', 0),
(375, 104, '一部', NULL, '2015-10-16 13:11:06', '2015-10-16 13:11:06', 0),
(376, 104, '日の出', NULL, '2015-10-16 13:11:06', '2015-10-16 13:11:06', 0),
(377, 105, '一部', NULL, '2015-10-16 13:11:06', '2015-10-16 13:11:06', 0),
(378, 105, '日の出', NULL, '2015-10-16 13:11:06', '2015-10-16 13:11:06', 0),
(379, 106, '一部', NULL, '2015-10-16 13:11:06', '2015-10-16 13:11:06', 0),
(380, 106, '日の出', NULL, '2015-10-16 13:11:06', '2015-10-16 13:11:06', 0),
(381, 107, '一部', NULL, '2015-10-16 13:11:06', '2015-10-16 13:11:06', 0),
(382, 107, '日の出', NULL, '2015-10-16 13:11:06', '2015-10-16 13:11:06', 0),
(383, 108, '一部', NULL, '2015-10-16 13:11:06', '2015-10-16 13:11:06', 0),
(384, 108, '日の出', NULL, '2015-10-16 13:11:06', '2015-10-16 13:11:06', 0),
(385, 109, '一部', NULL, '2015-10-16 13:11:06', '2015-10-16 13:11:06', 0),
(386, 109, '日の出', NULL, '2015-10-16 13:11:06', '2015-10-16 13:11:06', 0),
(387, 110, '一部', NULL, '2015-10-16 13:11:06', '2015-10-16 13:11:06', 0),
(388, 110, '日の出', NULL, '2015-10-16 13:11:06', '2015-10-16 13:11:06', 0),
(389, 111, '一部', NULL, '2015-10-16 13:11:06', '2015-10-16 13:11:06', 0),
(390, 111, '日の出', NULL, '2015-10-16 13:11:06', '2015-10-16 13:11:06', 0),
(391, 112, '一部', NULL, '2015-10-16 13:11:06', '2015-10-16 13:11:06', 0),
(392, 112, '日の出', NULL, '2015-10-16 13:11:06', '2015-10-16 13:11:06', 0),
(393, 113, '一部', NULL, '2015-10-16 13:11:06', '2015-10-16 13:11:06', 0),
(394, 113, '日の出', NULL, '2015-10-16 13:11:06', '2015-10-16 13:11:06', 0),
(395, 114, '一部', NULL, '2015-10-16 13:11:06', '2015-10-16 13:11:06', 0),
(396, 114, '日の出', NULL, '2015-10-16 13:11:06', '2015-10-16 13:11:06', 0),
(397, 115, '一部', NULL, '2015-10-16 13:11:06', '2015-10-16 13:11:06', 0),
(398, 115, '日の出', NULL, '2015-10-16 13:11:06', '2015-10-16 13:11:06', 0),
(399, 116, '一部', NULL, '2015-10-16 13:11:06', '2015-10-16 13:11:06', 0),
(400, 116, '日の出', NULL, '2015-10-16 13:11:06', '2015-10-16 13:11:06', 0),
(401, 117, '一部', NULL, '2015-10-16 13:11:06', '2015-10-16 13:11:06', 0),
(402, 117, '日の出', NULL, '2015-10-16 13:11:06', '2015-10-16 13:11:06', 0),
(403, 118, '一部', NULL, '2015-10-16 13:11:06', '2015-10-16 13:11:06', 0),
(404, 118, '日の出', NULL, '2015-10-16 13:11:06', '2015-10-16 13:11:06', 0),
(405, 119, '一部', NULL, '2015-10-16 13:11:06', '2015-10-16 13:11:06', 0),
(406, 119, '日の出', NULL, '2015-10-16 13:11:06', '2015-10-16 13:11:06', 0),
(407, 120, '一部', NULL, '2015-10-16 13:11:06', '2015-10-16 13:11:06', 0),
(408, 120, '日の出', NULL, '2015-10-16 13:11:06', '2015-10-16 13:11:06', 0),
(409, 121, '一部', NULL, '2015-10-16 13:11:06', '2015-10-16 13:11:06', 0),
(410, 121, '日の出', NULL, '2015-10-16 13:11:06', '2015-10-16 13:11:06', 0),
(411, 122, '一部', NULL, '2015-10-16 13:11:06', '2015-10-16 13:11:06', 0),
(412, 122, '日の出', NULL, '2015-10-16 13:11:06', '2015-10-16 13:11:06', 0),
(413, 123, '一部', NULL, '2015-10-16 13:11:06', '2015-10-16 13:11:06', 0),
(414, 123, '日の出', NULL, '2015-10-16 13:11:06', '2015-10-16 13:11:06', 0),
(415, 124, '一部', NULL, '2015-10-16 13:11:06', '2015-10-16 13:11:06', 0),
(416, 124, '日の出', NULL, '2015-10-16 13:11:06', '2015-10-16 13:11:06', 0),
(417, 125, '一部', NULL, '2015-10-16 13:11:06', '2015-10-16 13:11:06', 0),
(418, 125, '日の出', NULL, '2015-10-16 13:11:06', '2015-10-16 13:11:06', 0),
(419, 126, '一部', NULL, '2015-10-16 13:11:06', '2015-10-16 13:11:06', 0),
(420, 126, '日の出', NULL, '2015-10-16 13:11:06', '2015-10-16 13:11:06', 0),
(421, 127, '一部', NULL, '2015-10-16 13:11:06', '2015-10-16 13:11:06', 0),
(422, 127, '日の出', NULL, '2015-10-16 13:11:06', '2015-10-16 13:11:06', 0),
(423, 128, '一部', NULL, '2015-10-16 13:11:06', '2015-10-16 13:11:06', 0),
(424, 128, '日の出', NULL, '2015-10-16 13:11:06', '2015-10-16 13:11:06', 0),
(425, 129, '一部', NULL, '2015-10-16 13:11:06', '2015-10-16 13:11:06', 0),
(426, 129, '日の出', NULL, '2015-10-16 13:11:06', '2015-10-16 13:11:06', 0),
(427, 130, '一部', NULL, '2015-10-16 13:11:06', '2015-10-16 13:11:06', 0),
(428, 130, '日の出', NULL, '2015-10-16 13:11:06', '2015-10-16 13:11:06', 0),
(429, 131, '一部', NULL, '2015-10-16 13:11:06', '2015-10-16 13:11:06', 0),
(430, 131, '日の出', NULL, '2015-10-16 13:11:06', '2015-10-16 13:11:06', 0),
(431, 132, '一部', NULL, '2015-10-16 13:11:06', '2015-10-16 13:11:06', 0),
(432, 132, '日の出', NULL, '2015-10-16 13:11:06', '2015-10-16 13:11:06', 0),
(433, 133, '一部', NULL, '2015-10-16 13:11:06', '2015-10-16 13:11:06', 0),
(434, 133, '日の出', NULL, '2015-10-16 13:11:06', '2015-10-16 13:11:06', 0),
(435, 134, '一部', NULL, '2015-10-16 13:11:06', '2015-10-16 13:11:06', 0),
(436, 134, '日の出', NULL, '2015-10-16 13:11:06', '2015-10-16 13:11:06', 0),
(437, 135, '一部', NULL, '2015-10-16 13:11:06', '2015-10-16 13:11:06', 0),
(438, 135, '日の出', NULL, '2015-10-16 13:11:06', '2015-10-16 13:11:06', 0),
(439, 136, '一部', NULL, '2015-10-16 13:11:06', '2015-10-16 13:11:06', 0),
(440, 136, '日の出', NULL, '2015-10-16 13:11:06', '2015-10-16 13:11:06', 0),
(441, 137, '一部', NULL, '2015-10-16 13:11:06', '2015-10-16 13:11:06', 0),
(442, 137, '日の出', NULL, '2015-10-16 13:11:06', '2015-10-16 13:11:06', 0),
(443, 138, '一部', NULL, '2015-10-16 13:11:06', '2015-10-16 13:11:06', 0),
(444, 138, '日の出', NULL, '2015-10-16 13:11:06', '2015-10-16 13:11:06', 0),
(445, 139, '一部', NULL, '2015-10-16 13:11:06', '2015-10-16 13:11:06', 0),
(446, 139, '日の出', NULL, '2015-10-16 13:11:06', '2015-10-16 13:11:06', 0),
(447, 140, '一部', NULL, '2015-10-16 13:11:06', '2015-10-16 13:11:06', 0),
(448, 140, '日の出', NULL, '2015-10-16 13:11:06', '2015-10-16 13:11:06', 0),
(449, 141, '一部', NULL, '2015-10-16 13:11:06', '2015-10-16 13:11:06', 0),
(450, 141, '日の出', NULL, '2015-10-16 13:11:06', '2015-10-16 13:11:06', 0),
(451, 142, '一部', NULL, '2015-10-16 13:11:06', '2015-10-16 13:11:06', 0),
(452, 142, '日の出', NULL, '2015-10-16 13:11:06', '2015-10-16 13:11:06', 0),
(453, 143, '一部', NULL, '2015-10-16 13:11:06', '2015-10-16 13:11:06', 0),
(454, 143, '日の出', NULL, '2015-10-16 13:11:06', '2015-10-16 13:11:06', 0),
(455, 144, '一部', NULL, '2015-10-16 13:11:06', '2015-10-16 13:11:06', 0),
(456, 144, '日の出', NULL, '2015-10-16 13:11:06', '2015-10-16 13:11:06', 0),
(457, 145, '一部', NULL, '2015-10-16 13:11:06', '2015-10-16 13:11:06', 0),
(458, 145, '日の出', NULL, '2015-10-16 13:11:06', '2015-10-16 13:11:06', 0),
(459, 146, '一部', NULL, '2015-10-16 13:11:06', '2015-10-16 13:11:06', 0),
(460, 146, '日の出', NULL, '2015-10-16 13:11:06', '2015-10-16 13:11:06', 0),
(461, 147, '一部', NULL, '2015-10-16 13:11:06', '2015-10-16 13:11:06', 0),
(462, 147, '日の出', NULL, '2015-10-16 13:11:06', '2015-10-16 13:11:06', 0),
(463, 148, '一部', NULL, '2015-10-16 13:11:06', '2015-10-16 13:11:06', 0),
(464, 148, '日の出', NULL, '2015-10-16 13:11:06', '2015-10-16 13:11:06', 0),
(465, 149, '一部', NULL, '2015-10-16 13:11:06', '2015-10-16 13:11:06', 0),
(466, 149, '日の出', NULL, '2015-10-16 13:11:06', '2015-10-16 13:11:06', 0),
(467, 150, '一部', NULL, '2015-10-16 13:11:06', '2015-10-16 13:11:06', 0),
(468, 150, '日の出', NULL, '2015-10-16 13:11:06', '2015-10-16 13:11:06', 0),
(469, 151, '一部', NULL, '2015-10-16 13:11:06', '2015-10-16 13:11:06', 0),
(470, 151, '日の出', NULL, '2015-10-16 13:11:06', '2015-10-16 13:11:06', 0),
(471, 152, '一部', NULL, '2015-10-16 13:11:06', '2015-10-16 13:11:06', 0),
(472, 152, '日の出', NULL, '2015-10-16 13:11:06', '2015-10-16 13:11:06', 0),
(473, 153, '一部', NULL, '2015-10-16 13:11:06', '2015-10-16 13:11:06', 0),
(474, 153, '日の出', NULL, '2015-10-16 13:11:06', '2015-10-16 13:11:06', 0),
(475, 154, '一部', NULL, '2015-10-16 13:11:06', '2015-10-16 13:11:06', 0),
(476, 154, '日の出', NULL, '2015-10-16 13:11:06', '2015-10-16 13:11:06', 0),
(477, 155, '一部', NULL, '2015-10-16 13:11:06', '2015-10-16 13:11:06', 0),
(478, 155, '日の出', NULL, '2015-10-16 13:11:06', '2015-10-16 13:11:06', 0),
(479, 156, '一部', NULL, '2015-10-16 13:11:06', '2015-10-16 13:11:06', 0),
(480, 156, '日の出', NULL, '2015-10-16 13:11:06', '2015-10-16 13:11:06', 0),
(481, 157, '一部', NULL, '2015-10-16 13:11:06', '2015-10-16 13:11:06', 0),
(482, 157, '日の出', NULL, '2015-10-16 13:11:06', '2015-10-16 13:11:06', 0),
(483, 158, '一部', NULL, '2015-10-16 13:11:06', '2015-10-16 13:11:06', 0),
(484, 158, '日の出', NULL, '2015-10-16 13:11:06', '2015-10-16 13:11:06', 0),
(485, 159, '一部', NULL, '2015-10-16 13:11:06', '2015-10-16 13:11:06', 0),
(486, 159, '日の出', NULL, '2015-10-16 13:11:06', '2015-10-16 13:11:06', 0),
(487, 160, '一部', NULL, '2015-10-16 13:11:06', '2015-10-16 13:11:06', 0),
(488, 160, '日の出', NULL, '2015-10-16 13:11:06', '2015-10-16 13:11:06', 0),
(489, 161, '一部', NULL, '2015-10-16 13:11:06', '2015-10-16 13:11:06', 0),
(490, 161, '日の出', NULL, '2015-10-16 13:11:06', '2015-10-16 13:11:06', 0),
(491, 162, '一部', NULL, '2015-10-16 13:11:06', '2015-10-16 13:11:06', 0),
(492, 162, '日の出', NULL, '2015-10-16 13:11:06', '2015-10-16 13:11:06', 0),
(493, 163, '一部', NULL, '2015-10-16 13:11:06', '2015-10-16 13:11:06', 0),
(494, 163, '日の出', NULL, '2015-10-16 13:11:06', '2015-10-16 13:11:06', 0),
(495, 164, '一部', NULL, '2015-10-16 13:11:06', '2015-10-16 13:11:06', 0),
(496, 164, '日の出', NULL, '2015-10-16 13:11:06', '2015-10-16 13:11:06', 0),
(497, 165, '一部', NULL, '2015-10-16 13:11:06', '2015-10-16 13:11:06', 0),
(498, 165, '日の出', NULL, '2015-10-16 13:11:06', '2015-10-16 13:11:06', 0),
(499, 166, '一部', NULL, '2015-10-16 13:11:06', '2015-10-16 13:11:06', 0),
(500, 166, '日の出', NULL, '2015-10-16 13:11:06', '2015-10-16 13:11:06', 0),
(501, 167, '一部', NULL, '2015-10-16 13:11:06', '2015-10-16 13:11:06', 0),
(502, 167, '日の出', NULL, '2015-10-16 13:11:06', '2015-10-16 13:11:06', 0),
(503, 168, '一部', NULL, '2015-10-16 13:11:06', '2015-10-16 13:11:06', 0),
(504, 168, '日の出', NULL, '2015-10-16 13:11:06', '2015-10-16 13:11:06', 0),
(505, 169, '一部', NULL, '2015-10-16 13:11:06', '2015-10-16 13:11:06', 0),
(506, 169, '日の出', NULL, '2015-10-16 13:11:06', '2015-10-16 13:11:06', 0),
(507, 170, '一部', NULL, '2015-10-16 13:11:06', '2015-10-16 13:11:06', 0),
(508, 170, '日の出', NULL, '2015-10-16 13:11:06', '2015-10-16 13:11:06', 0),
(509, 171, '一部', NULL, '2015-10-16 13:11:06', '2015-10-16 13:11:06', 0),
(510, 171, '日の出', NULL, '2015-10-16 13:11:06', '2015-10-16 13:11:06', 0),
(511, 172, '一部', NULL, '2015-10-16 13:11:06', '2015-10-16 13:11:06', 0),
(512, 172, '日の出', NULL, '2015-10-16 13:11:06', '2015-10-16 13:11:06', 0),
(513, 173, '一部', NULL, '2015-10-16 13:11:06', '2015-10-16 13:11:06', 0),
(514, 173, '日の出', NULL, '2015-10-16 13:11:06', '2015-10-16 13:11:06', 0),
(515, 174, '一部', NULL, '2015-10-16 13:11:06', '2015-10-16 13:11:06', 0),
(516, 174, '日の出', NULL, '2015-10-16 13:11:06', '2015-10-16 13:11:06', 0),
(517, 175, '一部', NULL, '2015-10-16 13:11:06', '2015-10-16 13:11:06', 0),
(518, 175, '日の出', NULL, '2015-10-16 13:11:06', '2015-10-16 13:11:06', 0),
(519, 176, '一部', NULL, '2015-10-16 13:11:06', '2015-10-16 13:11:06', 0),
(520, 176, '日の出', NULL, '2015-10-16 13:11:06', '2015-10-16 13:11:06', 0),
(521, 177, '一部', NULL, '2015-10-16 13:11:06', '2015-10-16 13:11:06', 0),
(522, 177, '日の出', NULL, '2015-10-16 13:11:06', '2015-10-16 13:11:06', 0),
(523, 178, '一部', NULL, '2015-10-16 13:11:06', '2015-10-16 13:11:06', 0),
(524, 178, '日の出', NULL, '2015-10-16 13:11:06', '2015-10-16 13:11:06', 0),
(525, 179, '一部', NULL, '2015-10-16 13:11:06', '2015-10-16 13:11:06', 0),
(526, 179, '日の出', NULL, '2015-10-16 13:11:06', '2015-10-16 13:11:06', 0),
(527, 180, '一部', NULL, '2015-10-16 13:11:06', '2015-10-16 13:11:06', 0),
(528, 180, '日の出', NULL, '2015-10-16 13:11:06', '2015-10-16 13:11:06', 0),
(529, 181, '一部', NULL, '2015-10-16 13:11:06', '2015-10-16 13:11:06', 0),
(530, 181, '日の出', NULL, '2015-10-16 13:11:06', '2015-10-16 13:11:06', 0),
(531, 182, '一部', NULL, '2015-10-16 13:11:06', '2015-10-16 13:11:06', 0),
(532, 182, '日の出', NULL, '2015-10-16 13:11:06', '2015-10-16 13:11:06', 0),
(533, 183, '一部', NULL, '2015-10-16 13:11:06', '2015-10-16 13:11:06', 0),
(534, 183, '日の出', NULL, '2015-10-16 13:11:06', '2015-10-16 13:11:06', 0),
(535, 184, '一部', NULL, '2015-10-16 13:11:06', '2015-10-16 13:11:06', 0),
(536, 184, '日の出', NULL, '2015-10-16 13:11:06', '2015-10-16 13:11:06', 0),
(537, 185, '一部', NULL, '2015-10-16 13:11:06', '2015-10-16 13:11:06', 0),
(538, 185, '日の出', NULL, '2015-10-16 13:11:06', '2015-10-16 13:11:06', 0),
(539, 186, '一部', NULL, '2015-10-16 13:11:06', '2015-10-16 13:11:06', 0),
(540, 186, '日の出', NULL, '2015-10-16 13:11:06', '2015-10-16 13:11:06', 0),
(541, 187, '一部', NULL, '2015-10-16 13:11:06', '2015-10-16 13:11:06', 0),
(542, 187, '日の出', NULL, '2015-10-16 13:11:06', '2015-10-16 13:11:06', 0),
(543, 188, '一部', NULL, '2015-10-16 13:11:06', '2015-10-16 13:11:06', 0),
(544, 188, '日の出', NULL, '2015-10-16 13:11:06', '2015-10-16 13:11:06', 0),
(545, 189, '一部', NULL, '2015-10-16 13:11:06', '2015-10-16 13:11:06', 0),
(546, 189, '日の出', NULL, '2015-10-16 13:11:06', '2015-10-16 13:11:06', 0),
(547, 190, '一部', NULL, '2015-10-16 13:11:06', '2015-10-16 13:11:06', 0),
(548, 190, '日の出', NULL, '2015-10-16 13:11:06', '2015-10-16 13:11:06', 0),
(549, 191, '一部', NULL, '2015-10-16 13:11:06', '2015-10-16 13:11:06', 0),
(550, 191, '日の出', NULL, '2015-10-16 13:11:06', '2015-10-16 13:11:06', 0),
(551, 192, '一部', NULL, '2015-10-16 13:11:06', '2015-10-16 13:11:06', 0),
(552, 192, '日の出', NULL, '2015-10-16 13:11:06', '2015-10-16 13:11:06', 0),
(553, 193, '一部', NULL, '2015-10-16 13:11:06', '2015-10-16 13:11:06', 0),
(554, 193, '日の出', NULL, '2015-10-16 13:11:06', '2015-10-16 13:11:06', 0),
(555, 194, '一部', NULL, '2015-10-16 13:11:06', '2015-10-16 13:11:06', 0),
(556, 194, '日の出', NULL, '2015-10-16 13:11:06', '2015-10-16 13:11:06', 0),
(557, 195, '一部', NULL, '2015-10-16 13:11:06', '2015-10-16 13:11:06', 0),
(558, 195, '日の出', NULL, '2015-10-16 13:11:06', '2015-10-16 13:11:06', 0),
(559, 196, '一部', NULL, '2015-10-16 13:11:06', '2015-10-16 13:11:06', 0),
(560, 196, '日の出', NULL, '2015-10-16 13:11:06', '2015-10-16 13:11:06', 0),
(561, 197, '一部', NULL, '2015-10-16 13:11:06', '2015-10-16 13:11:06', 0),
(562, 197, '日の出', NULL, '2015-10-16 13:11:06', '2015-10-16 13:11:06', 0),
(563, 198, '一部', NULL, '2015-10-16 13:11:06', '2015-10-16 13:11:06', 0),
(564, 198, '日の出', NULL, '2015-10-16 13:11:06', '2015-10-16 13:11:06', 0),
(565, 199, '一部', NULL, '2015-10-16 13:11:06', '2015-10-16 13:11:06', 0),
(566, 199, '日の出', NULL, '2015-10-16 13:11:06', '2015-10-16 13:11:06', 0),
(567, 200, '一部', NULL, '2015-10-16 13:11:06', '2015-10-16 13:11:06', 0),
(568, 200, '日の出', NULL, '2015-10-16 13:11:06', '2015-10-16 13:11:06', 0),
(569, 201, '一部', NULL, '2015-10-16 13:11:06', '2015-10-16 13:11:06', 0),
(570, 201, '日の出', NULL, '2015-10-16 13:11:06', '2015-10-16 13:11:06', 0),
(571, 202, '一部', NULL, '2015-10-16 13:11:06', '2015-10-16 13:11:06', 0),
(572, 202, '日の出', NULL, '2015-10-16 13:11:06', '2015-10-16 13:11:06', 0),
(573, 203, '一部', NULL, '2015-10-16 13:11:06', '2015-10-16 13:11:06', 0),
(574, 203, '日の出', NULL, '2015-10-16 13:11:06', '2015-10-16 13:11:06', 0),
(575, 204, '一部', NULL, '2015-10-16 13:11:06', '2015-10-16 13:11:06', 0),
(576, 204, '日の出', NULL, '2015-10-16 13:11:06', '2015-10-16 13:11:06', 0),
(577, 205, '一部', NULL, '2015-10-16 13:11:06', '2015-10-16 13:11:06', 0),
(578, 205, '日の出', NULL, '2015-10-16 13:11:06', '2015-10-16 13:11:06', 0),
(579, 206, '一部', NULL, '2015-10-16 13:11:06', '2015-10-16 13:11:06', 0),
(580, 206, '日の出', NULL, '2015-10-16 13:11:06', '2015-10-16 13:11:06', 0),
(581, 207, '一部', NULL, '2015-10-16 13:11:06', '2015-10-16 13:11:06', 0),
(582, 207, '日の出', NULL, '2015-10-16 13:11:06', '2015-10-16 13:11:06', 0),
(583, 208, '一部', NULL, '2015-10-16 13:11:06', '2015-10-16 13:11:06', 0),
(584, 208, '日の出', NULL, '2015-10-16 13:11:06', '2015-10-16 13:11:06', 0),
(585, 209, '一部', NULL, '2015-10-16 13:11:06', '2015-10-16 13:11:06', 0),
(586, 209, '日の出', NULL, '2015-10-16 13:11:06', '2015-10-16 13:11:06', 0),
(587, 210, '一部', NULL, '2015-10-16 13:11:06', '2015-10-16 13:11:06', 0),
(588, 210, '日の出', NULL, '2015-10-16 13:11:06', '2015-10-16 13:11:06', 0),
(589, 211, '一部', NULL, '2015-10-16 13:11:06', '2015-10-16 13:11:06', 0),
(590, 211, '日の出', NULL, '2015-10-16 13:11:06', '2015-10-16 13:11:06', 0),
(591, 212, '一部', NULL, '2015-10-16 13:11:06', '2015-10-16 13:11:06', 0),
(592, 212, '日の出', NULL, '2015-10-16 13:11:06', '2015-10-16 13:11:06', 0),
(593, 213, '一部', NULL, '2015-10-16 13:11:06', '2015-10-16 13:11:06', 0),
(594, 213, '日の出', NULL, '2015-10-16 13:11:06', '2015-10-16 13:11:06', 0),
(595, 214, '一部', NULL, '2015-10-16 13:11:06', '2015-10-16 13:11:06', 0),
(596, 214, '日の出', NULL, '2015-10-16 13:11:06', '2015-10-16 13:11:06', 0),
(597, 215, '一部', NULL, '2015-10-16 13:11:06', '2015-10-16 13:11:06', 0),
(598, 215, '日の出', NULL, '2015-10-16 13:11:06', '2015-10-16 13:11:06', 0),
(599, 216, '一部', NULL, '2015-10-16 13:11:06', '2015-10-16 13:11:06', 0),
(600, 216, '日の出', NULL, '2015-10-16 13:11:06', '2015-10-16 13:11:06', 0),
(601, 217, '一部', NULL, '2015-10-16 13:11:06', '2015-10-16 13:11:06', 0),
(602, 217, '日の出', NULL, '2015-10-16 13:11:06', '2015-10-16 13:11:06', 0),
(603, 218, '一部', NULL, '2015-10-16 13:11:06', '2015-10-16 13:11:06', 0),
(604, 218, '日の出', NULL, '2015-10-16 13:11:06', '2015-10-16 13:11:06', 0),
(605, 219, '一部', NULL, '2015-10-16 13:11:06', '2015-10-16 13:11:06', 0),
(606, 219, '日の出', NULL, '2015-10-16 13:11:06', '2015-10-16 13:11:06', 0),
(607, 220, '一部', NULL, '2015-10-16 13:11:06', '2015-10-16 13:11:06', 0),
(608, 220, '日の出', NULL, '2015-10-16 13:11:06', '2015-10-16 13:11:06', 0),
(609, 221, '一部', NULL, '2015-10-16 13:11:06', '2015-10-16 13:11:06', 0);
INSERT INTO `category_small` (`category_small_id`, `category_midium_id`, `category_small_name`, `rank`, `regist_date`, `update_date`, `delete_flg`) VALUES
(610, 221, '日の出', NULL, '2015-10-16 13:11:06', '2015-10-16 13:11:06', 0),
(611, 222, '一部', NULL, '2015-10-16 13:11:06', '2015-10-16 13:11:06', 0),
(612, 222, '日の出', NULL, '2015-10-16 13:11:06', '2015-10-16 13:11:06', 0),
(613, 223, '一部', NULL, '2015-10-16 13:11:06', '2015-10-16 13:11:06', 0),
(614, 223, '日の出', NULL, '2015-10-16 13:11:06', '2015-10-16 13:11:06', 0),
(615, 224, '一部', NULL, '2015-10-16 13:11:06', '2015-10-16 13:11:06', 0),
(616, 224, '日の出', NULL, '2015-10-16 13:11:06', '2015-10-16 13:11:06', 0),
(617, 225, '一部', NULL, '2015-10-16 13:11:06', '2015-10-16 13:11:06', 0),
(618, 225, '日の出', NULL, '2015-10-16 13:11:06', '2015-10-16 13:11:06', 0),
(619, 226, '一部', NULL, '2015-10-16 13:11:06', '2015-10-16 13:11:06', 0),
(620, 226, '日の出', NULL, '2015-10-16 13:11:06', '2015-10-16 13:11:06', 0),
(621, 227, '一部', NULL, '2015-10-16 13:11:06', '2015-10-16 13:11:06', 0),
(622, 227, '日の出', NULL, '2015-10-16 13:11:06', '2015-10-16 13:11:06', 0),
(623, 228, '一部', NULL, '2015-10-16 13:11:06', '2015-10-16 13:11:06', 0),
(624, 228, '日の出', NULL, '2015-10-16 13:11:06', '2015-10-16 13:11:06', 0),
(625, 229, '一部', NULL, '2015-10-16 13:11:06', '2015-10-16 13:11:06', 0),
(626, 229, '日の出', NULL, '2015-10-16 13:11:06', '2015-10-16 13:11:06', 0),
(627, 230, '一部', NULL, '2015-10-16 13:11:06', '2015-10-16 13:11:06', 0),
(628, 230, '日の出', NULL, '2015-10-16 13:11:06', '2015-10-16 13:11:06', 0),
(629, 231, '一部', NULL, '2015-10-16 13:11:06', '2015-10-16 13:11:06', 0),
(630, 231, '日の出', NULL, '2015-10-16 13:11:06', '2015-10-16 13:11:06', 0),
(631, 232, '一部', NULL, '2015-10-16 13:11:06', '2015-10-16 13:11:06', 0),
(632, 232, '日の出', NULL, '2015-10-16 13:11:06', '2015-10-16 13:11:06', 0),
(633, 233, '一部', NULL, '2015-10-16 13:11:06', '2015-10-16 13:11:06', 0),
(634, 233, '日の出', NULL, '2015-10-16 13:11:06', '2015-10-16 13:11:06', 0),
(635, 234, '一部', NULL, '2015-10-16 13:11:06', '2015-10-16 13:11:06', 0),
(636, 234, '日の出', NULL, '2015-10-16 13:11:06', '2015-10-16 13:11:06', 0),
(637, 235, '一部', NULL, '2015-10-16 13:11:06', '2015-10-16 13:11:06', 0),
(638, 235, '日の出', NULL, '2015-10-16 13:11:06', '2015-10-16 13:11:06', 0),
(639, 236, '一部', NULL, '2015-10-16 13:11:06', '2015-10-16 13:11:06', 0),
(640, 236, '日の出', NULL, '2015-10-16 13:11:06', '2015-10-16 13:11:06', 0),
(641, 237, '一部', NULL, '2015-10-16 13:11:06', '2015-10-16 13:11:06', 0),
(642, 237, '日の出', NULL, '2015-10-16 13:11:06', '2015-10-16 13:11:06', 0),
(643, 238, '一部', NULL, '2015-10-16 13:11:06', '2015-10-16 13:11:06', 0),
(644, 238, '日の出', NULL, '2015-10-16 13:11:06', '2015-10-16 13:11:06', 0),
(645, 239, '一部', NULL, '2015-10-16 13:11:06', '2015-10-16 13:11:06', 0),
(646, 239, '日の出', NULL, '2015-10-16 13:11:06', '2015-10-16 13:11:06', 0),
(647, 240, '一部', NULL, '2015-10-16 13:11:06', '2015-10-16 13:11:06', 0),
(648, 240, '日の出', NULL, '2015-10-16 13:11:06', '2015-10-16 13:11:06', 0),
(649, 241, '一部', NULL, '2015-10-16 13:11:06', '2015-10-16 13:11:06', 0),
(650, 241, '日の出', NULL, '2015-10-16 13:11:06', '2015-10-16 13:11:06', 0),
(651, 242, '一部', NULL, '2015-10-16 13:11:06', '2015-10-16 13:11:06', 0),
(652, 242, '日の出', NULL, '2015-10-16 13:11:06', '2015-10-16 13:11:06', 0),
(653, 243, '一部', NULL, '2015-10-16 13:11:06', '2015-10-16 13:11:06', 0),
(654, 243, '日の出', NULL, '2015-10-16 13:11:06', '2015-10-16 13:11:06', 0),
(655, 244, '一部', NULL, '2015-10-16 13:11:06', '2015-10-16 13:11:06', 0),
(656, 244, '日の出', NULL, '2015-10-16 13:11:06', '2015-10-16 13:11:06', 0),
(657, 245, '一部', NULL, '2015-10-16 13:11:06', '2015-10-16 13:11:06', 0),
(658, 245, '日の出', NULL, '2015-10-16 13:11:06', '2015-10-16 13:11:06', 0),
(659, 246, '一部', NULL, '2015-10-16 13:11:06', '2015-10-16 13:11:06', 0),
(660, 246, '日の出', NULL, '2015-10-16 13:11:06', '2015-10-16 13:11:06', 0),
(661, 247, '一部', NULL, '2015-10-16 13:11:06', '2015-10-16 13:11:06', 0),
(662, 247, '日の出', NULL, '2015-10-16 13:11:06', '2015-10-16 13:11:06', 0),
(663, 248, '一部', NULL, '2015-10-16 13:11:06', '2015-10-16 13:11:06', 0),
(664, 248, '日の出', NULL, '2015-10-16 13:11:06', '2015-10-16 13:11:06', 0),
(665, 249, '一部', NULL, '2015-10-16 13:11:06', '2015-10-16 13:11:06', 0),
(666, 249, '日の出', NULL, '2015-10-16 13:11:06', '2015-10-16 13:11:06', 0),
(667, 250, '一部', NULL, '2015-10-16 13:11:06', '2015-10-16 13:11:06', 0),
(668, 250, '日の出', NULL, '2015-10-16 13:11:06', '2015-10-16 13:11:06', 0),
(669, 251, '一部', NULL, '2015-10-16 13:11:06', '2015-10-16 13:11:06', 0),
(670, 251, '日の出', NULL, '2015-10-16 13:11:06', '2015-10-16 13:11:06', 0),
(671, 252, '一部', NULL, '2015-10-16 13:11:06', '2015-10-16 13:11:06', 0),
(672, 252, '日の出', NULL, '2015-10-16 13:11:06', '2015-10-16 13:11:06', 0),
(673, 253, '一部', NULL, '2015-10-16 13:11:06', '2015-10-16 13:11:06', 0),
(674, 253, '日の出', NULL, '2015-10-16 13:11:06', '2015-10-16 13:11:06', 0),
(675, 254, '一部', NULL, '2015-10-16 13:11:06', '2015-10-16 13:11:06', 0),
(676, 254, '日の出', NULL, '2015-10-16 13:11:06', '2015-10-16 13:11:06', 0),
(677, 255, '一部', NULL, '2015-10-16 13:11:06', '2015-10-16 13:11:06', 0),
(678, 255, '日の出', NULL, '2015-10-16 13:11:06', '2015-10-16 13:11:06', 0),
(679, 256, '一部', NULL, '2015-10-16 13:11:06', '2015-10-16 13:11:06', 0),
(680, 256, '日の出', NULL, '2015-10-16 13:11:06', '2015-10-16 13:11:06', 0),
(681, 257, '一部', NULL, '2015-10-16 13:11:06', '2015-10-16 13:11:06', 0),
(682, 257, '日の出', NULL, '2015-10-16 13:11:06', '2015-10-16 13:11:06', 0),
(683, 258, '一部', NULL, '2015-10-16 13:11:06', '2015-10-16 13:11:06', 0),
(684, 258, '日の出', NULL, '2015-10-16 13:11:06', '2015-10-16 13:11:06', 0),
(685, 259, '一部', NULL, '2015-10-16 13:11:06', '2015-10-16 13:11:06', 0),
(686, 259, '日の出', NULL, '2015-10-16 13:11:06', '2015-10-16 13:11:06', 0),
(687, 260, '一部', NULL, '2015-10-16 13:11:06', '2015-10-16 13:11:06', 0),
(688, 260, '日の出', NULL, '2015-10-16 13:11:06', '2015-10-16 13:11:06', 0),
(689, 261, '一部', NULL, '2015-10-16 13:11:06', '2015-10-16 13:11:06', 0),
(690, 261, '日の出', NULL, '2015-10-16 13:11:06', '2015-10-16 13:11:06', 0),
(691, 262, '一部', NULL, '2015-10-16 13:11:06', '2015-10-16 13:11:06', 0),
(692, 262, '日の出', NULL, '2015-10-16 13:11:06', '2015-10-16 13:11:06', 0),
(693, 263, '一部', NULL, '2015-10-16 13:11:06', '2015-10-16 13:11:06', 0),
(694, 263, '日の出', NULL, '2015-10-16 13:11:06', '2015-10-16 13:11:06', 0),
(695, 264, '一部', NULL, '2015-10-16 13:11:06', '2015-10-16 13:11:06', 0),
(696, 264, '日の出', NULL, '2015-10-16 13:11:06', '2015-10-16 13:11:06', 0),
(697, 265, '一部', NULL, '2015-10-16 13:11:06', '2015-10-16 13:11:06', 0),
(698, 265, '日の出', NULL, '2015-10-16 13:11:06', '2015-10-16 13:11:06', 0),
(699, 266, 'ニュークラブ', NULL, '2015-10-16 13:11:06', '2015-10-16 13:11:06', 0),
(700, 266, '姉クラ', NULL, '2015-10-16 13:11:06', '2015-10-16 13:11:06', 0),
(701, 267, 'クラブ', NULL, '2015-10-16 13:11:06', '2015-10-16 13:11:06', 0),
(702, 267, 'ラウンジ', NULL, '2015-10-16 13:11:06', '2015-10-16 13:11:06', 0),
(703, 268, 'キャバクラ', NULL, '2015-10-16 13:11:06', '2015-10-16 13:11:06', 0),
(704, 268, 'キャバクラ（セミセクシー）', NULL, '2015-10-16 13:11:06', '2015-10-16 13:11:06', 0),
(705, 268, 'キャバクラ（セクシー）', NULL, '2015-10-16 13:11:06', '2015-10-16 13:11:06', 0),
(706, 268, '昼キャバ', NULL, '2015-10-16 13:11:06', '2015-10-16 13:11:06', 0),
(707, 268, '高級キャバクラ', NULL, '2015-10-16 13:11:06', '2015-10-16 13:11:06', 0),
(708, 268, '朝キャバ', NULL, '2015-10-16 13:11:06', '2015-10-16 13:11:06', 0),
(709, 269, 'パブクラブ', NULL, '2015-10-16 13:11:06', '2015-10-16 13:11:06', 0),
(710, 269, '姉・熟キャバ', NULL, '2015-10-16 13:11:06', '2015-10-16 13:11:06', 0),
(711, 270, 'スナック', NULL, '2015-10-16 13:11:06', '2015-10-16 13:11:06', 0),
(712, 271, 'ガールズバー', NULL, '2015-10-16 13:11:06', '2015-10-16 13:11:06', 0),
(713, 272, 'ヘアサロン', NULL, '2015-10-16 13:11:06', '2015-10-16 13:11:06', 0),
(714, 272, 'BAR', NULL, '2015-10-16 13:11:06', '2015-10-16 13:11:06', 0),
(715, 272, 'SMバー', NULL, '2015-10-16 13:11:06', '2015-10-16 13:11:06', 0),
(716, 273, 'セクキャバ', NULL, '2015-10-16 13:11:06', '2015-10-16 13:11:06', 0),
(717, 273, 'ハッスル', NULL, '2015-10-16 13:11:06', '2015-10-16 13:11:06', 0),
(718, 273, 'まったり', NULL, '2015-10-16 13:11:06', '2015-10-16 13:11:06', 0),
(719, 273, 'いちゃキャバ', NULL, '2015-10-16 13:11:06', '2015-10-16 13:11:06', 0),
(720, 274, 'ツーショットキャバクラ', NULL, '2015-10-16 13:11:06', '2015-10-16 13:11:06', 0),
(721, 275, 'フィリピンパブ', NULL, '2015-10-16 13:11:06', '2015-10-16 13:11:06', 0),
(722, 275, 'ロシアンパブ', NULL, '2015-10-16 13:11:06', '2015-10-16 13:11:06', 0),
(723, 275, 'ヨーロピアンパブ', NULL, '2015-10-16 13:11:06', '2015-10-16 13:11:06', 0),
(724, 275, '韓国クラブ', NULL, '2015-10-16 13:11:06', '2015-10-16 13:11:06', 0),
(725, 275, '中国クラブ', NULL, '2015-10-16 13:11:06', '2015-10-16 13:11:06', 0),
(726, 275, 'アジアンクラブ', NULL, '2015-10-16 13:11:06', '2015-10-16 13:11:06', 0),
(727, 276, '一般・飲食', NULL, '2015-10-16 13:11:06', '2015-10-16 13:11:06', 0),
(728, 277, 'その他', NULL, '2015-10-16 13:11:06', '2015-10-16 13:11:06', 0),
(729, 277, '男装ホスト', NULL, '2015-10-16 13:11:06', '2015-10-16 13:11:06', 0),
(730, 278, 'ニューハーフクラブ', NULL, '2015-10-16 13:11:06', '2015-10-16 13:11:06', 0),
(731, 278, 'ニューハーフパブ', NULL, '2015-10-16 13:11:06', '2015-10-16 13:11:06', 0),
(732, 279, 'ニュークラブ', NULL, '2015-10-16 13:11:06', '2015-10-16 13:11:06', 0),
(733, 279, '姉クラ', NULL, '2015-10-16 13:11:06', '2015-10-16 13:11:06', 0),
(734, 280, 'クラブ', NULL, '2015-10-16 13:11:06', '2015-10-16 13:11:06', 0),
(735, 280, 'ラウンジ', NULL, '2015-10-16 13:11:06', '2015-10-16 13:11:06', 0),
(736, 281, 'キャバクラ', NULL, '2015-10-16 13:11:06', '2015-10-16 13:11:06', 0),
(737, 281, 'キャバクラ（セミセクシー）', NULL, '2015-10-16 13:11:06', '2015-10-16 13:11:06', 0),
(738, 281, 'キャバクラ（セクシー）', NULL, '2015-10-16 13:11:06', '2015-10-16 13:11:06', 0),
(739, 281, '昼キャバ', NULL, '2015-10-16 13:11:06', '2015-10-16 13:11:06', 0),
(740, 281, '高級キャバクラ', NULL, '2015-10-16 13:11:06', '2015-10-16 13:11:06', 0),
(741, 281, '朝キャバ', NULL, '2015-10-16 13:11:06', '2015-10-16 13:11:06', 0),
(742, 282, 'パブクラブ', NULL, '2015-10-16 13:11:06', '2015-10-16 13:11:06', 0),
(743, 282, '姉・熟キャバ', NULL, '2015-10-16 13:11:06', '2015-10-16 13:11:06', 0),
(744, 283, 'スナック', NULL, '2015-10-16 13:11:06', '2015-10-16 13:11:06', 0),
(745, 284, 'ガールズバー', NULL, '2015-10-16 13:11:06', '2015-10-16 13:11:06', 0),
(746, 285, 'ヘアサロン', NULL, '2015-10-16 13:11:06', '2015-10-16 13:11:06', 0),
(747, 285, 'BAR', NULL, '2015-10-16 13:11:06', '2015-10-16 13:11:06', 0),
(748, 285, 'SMバー', NULL, '2015-10-16 13:11:06', '2015-10-16 13:11:06', 0),
(749, 286, 'セクキャバ', NULL, '2015-10-16 13:11:06', '2015-10-16 13:11:06', 0),
(750, 286, 'ハッスル', NULL, '2015-10-16 13:11:06', '2015-10-16 13:11:06', 0),
(751, 286, 'まったり', NULL, '2015-10-16 13:11:06', '2015-10-16 13:11:06', 0),
(752, 286, 'いちゃキャバ', NULL, '2015-10-16 13:11:06', '2015-10-16 13:11:06', 0),
(753, 287, 'ツーショットキャバクラ', NULL, '2015-10-16 13:11:06', '2015-10-16 13:11:06', 0),
(754, 288, 'フィリピンパブ', NULL, '2015-10-16 13:11:06', '2015-10-16 13:11:06', 0),
(755, 288, 'ロシアンパブ', NULL, '2015-10-16 13:11:06', '2015-10-16 13:11:06', 0),
(756, 288, 'ヨーロピアンパブ', NULL, '2015-10-16 13:11:06', '2015-10-16 13:11:06', 0),
(757, 288, '韓国クラブ', NULL, '2015-10-16 13:11:06', '2015-10-16 13:11:06', 0),
(758, 288, '中国クラブ', NULL, '2015-10-16 13:11:06', '2015-10-16 13:11:06', 0),
(759, 288, 'アジアンクラブ', NULL, '2015-10-16 13:11:06', '2015-10-16 13:11:06', 0),
(760, 289, '一般・飲食', NULL, '2015-10-16 13:11:06', '2015-10-16 13:11:06', 0),
(761, 290, 'その他', NULL, '2015-10-16 13:11:06', '2015-10-16 13:11:06', 0),
(762, 290, '男装ホスト', NULL, '2015-10-16 13:11:06', '2015-10-16 13:11:06', 0),
(763, 291, 'ニューハーフクラブ', NULL, '2015-10-16 13:11:06', '2015-10-16 13:11:06', 0),
(764, 291, 'ニューハーフパブ', NULL, '2015-10-16 13:11:06', '2015-10-16 13:11:06', 0),
(765, 292, 'ニュークラブ', NULL, '2015-10-16 13:11:06', '2015-10-16 13:11:06', 0),
(766, 292, '姉クラ', NULL, '2015-10-16 13:11:06', '2015-10-16 13:11:06', 0),
(767, 293, 'クラブ', NULL, '2015-10-16 13:11:06', '2015-10-16 13:11:06', 0),
(768, 293, 'ラウンジ', NULL, '2015-10-16 13:11:06', '2015-10-16 13:11:06', 0),
(769, 294, 'キャバクラ', NULL, '2015-10-16 13:11:06', '2015-10-16 13:11:06', 0),
(770, 294, 'キャバクラ（セミセクシー）', NULL, '2015-10-16 13:11:06', '2015-10-16 13:11:06', 0),
(771, 294, 'キャバクラ（セクシー）', NULL, '2015-10-16 13:11:06', '2015-10-16 13:11:06', 0),
(772, 294, '昼キャバ', NULL, '2015-10-16 13:11:06', '2015-10-16 13:11:06', 0),
(773, 294, '高級キャバクラ', NULL, '2015-10-16 13:11:06', '2015-10-16 13:11:06', 0),
(774, 294, '朝キャバ', NULL, '2015-10-16 13:11:06', '2015-10-16 13:11:06', 0),
(775, 295, 'パブクラブ', NULL, '2015-10-16 13:11:06', '2015-10-16 13:11:06', 0),
(776, 295, '姉・熟キャバ', NULL, '2015-10-16 13:11:06', '2015-10-16 13:11:06', 0),
(777, 296, 'スナック', NULL, '2015-10-16 13:11:06', '2015-10-16 13:11:06', 0),
(778, 297, 'ガールズバー', NULL, '2015-10-16 13:11:06', '2015-10-16 13:11:06', 0),
(779, 298, 'ヘアサロン', NULL, '2015-10-16 13:11:06', '2015-10-16 13:11:06', 0),
(780, 298, 'BAR', NULL, '2015-10-16 13:11:06', '2015-10-16 13:11:06', 0),
(781, 298, 'SMバー', NULL, '2015-10-16 13:11:06', '2015-10-16 13:11:06', 0),
(782, 299, 'セクキャバ', NULL, '2015-10-16 13:11:06', '2015-10-16 13:11:06', 0),
(783, 299, 'ハッスル', NULL, '2015-10-16 13:11:06', '2015-10-16 13:11:06', 0),
(784, 299, 'まったり', NULL, '2015-10-16 13:11:06', '2015-10-16 13:11:06', 0),
(785, 299, 'いちゃキャバ', NULL, '2015-10-16 13:11:06', '2015-10-16 13:11:06', 0),
(786, 300, 'ツーショットキャバクラ', NULL, '2015-10-16 13:11:06', '2015-10-16 13:11:06', 0),
(787, 301, 'フィリピンパブ', NULL, '2015-10-16 13:11:06', '2015-10-16 13:11:06', 0),
(788, 301, 'ロシアンパブ', NULL, '2015-10-16 13:11:06', '2015-10-16 13:11:06', 0),
(789, 301, 'ヨーロピアンパブ', NULL, '2015-10-16 13:11:06', '2015-10-16 13:11:06', 0),
(790, 301, '韓国クラブ', NULL, '2015-10-16 13:11:06', '2015-10-16 13:11:06', 0),
(791, 301, '中国クラブ', NULL, '2015-10-16 13:11:06', '2015-10-16 13:11:06', 0),
(792, 301, 'アジアンクラブ', NULL, '2015-10-16 13:11:06', '2015-10-16 13:11:06', 0),
(793, 302, '一般・飲食', NULL, '2015-10-16 13:11:06', '2015-10-16 13:11:06', 0),
(794, 303, 'その他', NULL, '2015-10-16 13:11:06', '2015-10-16 13:11:06', 0),
(795, 303, '男装ホスト', NULL, '2015-10-16 13:11:06', '2015-10-16 13:11:06', 0),
(796, 304, 'ニューハーフクラブ', NULL, '2015-10-16 13:11:06', '2015-10-16 13:11:06', 0),
(797, 304, 'ニューハーフパブ', NULL, '2015-10-16 13:11:06', '2015-10-16 13:11:06', 0),
(798, 305, 'ニュークラブ', NULL, '2015-10-16 13:11:06', '2015-10-16 13:11:06', 0),
(799, 305, '姉クラ', NULL, '2015-10-16 13:11:06', '2015-10-16 13:11:06', 0),
(800, 306, 'クラブ', NULL, '2015-10-16 13:11:06', '2015-10-16 13:11:06', 0),
(801, 306, 'ラウンジ', NULL, '2015-10-16 13:11:06', '2015-10-16 13:11:06', 0),
(802, 307, 'キャバクラ', NULL, '2015-10-16 13:11:06', '2015-10-16 13:11:06', 0),
(803, 307, 'キャバクラ（セミセクシー）', NULL, '2015-10-16 13:11:06', '2015-10-16 13:11:06', 0),
(804, 307, 'キャバクラ（セクシー）', NULL, '2015-10-16 13:11:06', '2015-10-16 13:11:06', 0),
(805, 307, '昼キャバ', NULL, '2015-10-16 13:11:06', '2015-10-16 13:11:06', 0),
(806, 307, '高級キャバクラ', NULL, '2015-10-16 13:11:06', '2015-10-16 13:11:06', 0),
(807, 307, '朝キャバ', NULL, '2015-10-16 13:11:06', '2015-10-16 13:11:06', 0),
(808, 308, 'パブクラブ', NULL, '2015-10-16 13:11:06', '2015-10-16 13:11:06', 0),
(809, 308, '姉・熟キャバ', NULL, '2015-10-16 13:11:06', '2015-10-16 13:11:06', 0),
(810, 309, 'スナック', NULL, '2015-10-16 13:11:06', '2015-10-16 13:11:06', 0),
(811, 310, 'ガールズバー', NULL, '2015-10-16 13:11:06', '2015-10-16 13:11:06', 0),
(812, 311, 'ヘアサロン', NULL, '2015-10-16 13:11:06', '2015-10-16 13:11:06', 0),
(813, 311, 'BAR', NULL, '2015-10-16 13:11:06', '2015-10-16 13:11:06', 0),
(814, 311, 'SMバー', NULL, '2015-10-16 13:11:06', '2015-10-16 13:11:06', 0),
(815, 312, 'セクキャバ', NULL, '2015-10-16 13:11:06', '2015-10-16 13:11:06', 0),
(816, 312, 'ハッスル', NULL, '2015-10-16 13:11:06', '2015-10-16 13:11:06', 0),
(817, 312, 'まったり', NULL, '2015-10-16 13:11:06', '2015-10-16 13:11:06', 0),
(818, 312, 'いちゃキャバ', NULL, '2015-10-16 13:11:06', '2015-10-16 13:11:06', 0),
(819, 313, 'ツーショットキャバクラ', NULL, '2015-10-16 13:11:06', '2015-10-16 13:11:06', 0),
(820, 314, 'フィリピンパブ', NULL, '2015-10-16 13:11:06', '2015-10-16 13:11:06', 0),
(821, 314, 'ロシアンパブ', NULL, '2015-10-16 13:11:06', '2015-10-16 13:11:06', 0),
(822, 314, 'ヨーロピアンパブ', NULL, '2015-10-16 13:11:06', '2015-10-16 13:11:06', 0),
(823, 314, '韓国クラブ', NULL, '2015-10-16 13:11:06', '2015-10-16 13:11:06', 0),
(824, 314, '中国クラブ', NULL, '2015-10-16 13:11:06', '2015-10-16 13:11:06', 0),
(825, 314, 'アジアンクラブ', NULL, '2015-10-16 13:11:06', '2015-10-16 13:11:06', 0),
(826, 315, '一般・飲食', NULL, '2015-10-16 13:11:06', '2015-10-16 13:11:06', 0),
(827, 316, 'その他', NULL, '2015-10-16 13:11:06', '2015-10-16 13:11:06', 0),
(828, 316, '男装ホスト', NULL, '2015-10-16 13:11:06', '2015-10-16 13:11:06', 0),
(829, 317, 'ニューハーフクラブ', NULL, '2015-10-16 13:11:06', '2015-10-16 13:11:06', 0),
(830, 317, 'ニューハーフパブ', NULL, '2015-10-16 13:11:06', '2015-10-16 13:11:06', 0),
(831, 318, 'ニュークラブ', NULL, '2015-10-16 13:11:06', '2015-10-16 13:11:06', 0),
(832, 318, '姉クラ', NULL, '2015-10-16 13:11:06', '2015-10-16 13:11:06', 0),
(833, 319, 'クラブ', NULL, '2015-10-16 13:11:06', '2015-10-16 13:11:06', 0),
(834, 319, 'ラウンジ', NULL, '2015-10-16 13:11:06', '2015-10-16 13:11:06', 0),
(835, 320, 'キャバクラ', NULL, '2015-10-16 13:11:06', '2015-10-16 13:11:06', 0),
(836, 320, 'キャバクラ（セミセクシー）', NULL, '2015-10-16 13:11:06', '2015-10-16 13:11:06', 0),
(837, 320, 'キャバクラ（セクシー）', NULL, '2015-10-16 13:11:06', '2015-10-16 13:11:06', 0),
(838, 320, '昼キャバ', NULL, '2015-10-16 13:11:06', '2015-10-16 13:11:06', 0),
(839, 320, '高級キャバクラ', NULL, '2015-10-16 13:11:06', '2015-10-16 13:11:06', 0),
(840, 320, '朝キャバ', NULL, '2015-10-16 13:11:06', '2015-10-16 13:11:06', 0),
(841, 321, 'パブクラブ', NULL, '2015-10-16 13:11:06', '2015-10-16 13:11:06', 0),
(842, 321, '姉・熟キャバ', NULL, '2015-10-16 13:11:06', '2015-10-16 13:11:06', 0),
(843, 322, 'スナック', NULL, '2015-10-16 13:11:06', '2015-10-16 13:11:06', 0),
(844, 323, 'ガールズバー', NULL, '2015-10-16 13:11:06', '2015-10-16 13:11:06', 0),
(845, 324, 'ヘアサロン', NULL, '2015-10-16 13:11:06', '2015-10-16 13:11:06', 0),
(846, 324, 'BAR', NULL, '2015-10-16 13:11:06', '2015-10-16 13:11:06', 0),
(847, 324, 'SMバー', NULL, '2015-10-16 13:11:06', '2015-10-16 13:11:06', 0),
(848, 325, 'セクキャバ', NULL, '2015-10-16 13:11:06', '2015-10-16 13:11:06', 0),
(849, 325, 'ハッスル', NULL, '2015-10-16 13:11:06', '2015-10-16 13:11:06', 0),
(850, 325, 'まったり', NULL, '2015-10-16 13:11:06', '2015-10-16 13:11:06', 0),
(851, 325, 'いちゃキャバ', NULL, '2015-10-16 13:11:06', '2015-10-16 13:11:06', 0),
(852, 326, 'ツーショットキャバクラ', NULL, '2015-10-16 13:11:06', '2015-10-16 13:11:06', 0),
(853, 327, 'フィリピンパブ', NULL, '2015-10-16 13:11:06', '2015-10-16 13:11:06', 0),
(854, 327, 'ロシアンパブ', NULL, '2015-10-16 13:11:06', '2015-10-16 13:11:06', 0),
(855, 327, 'ヨーロピアンパブ', NULL, '2015-10-16 13:11:06', '2015-10-16 13:11:06', 0),
(856, 327, '韓国クラブ', NULL, '2015-10-16 13:11:06', '2015-10-16 13:11:06', 0),
(857, 327, '中国クラブ', NULL, '2015-10-16 13:11:06', '2015-10-16 13:11:06', 0),
(858, 327, 'アジアンクラブ', NULL, '2015-10-16 13:11:06', '2015-10-16 13:11:06', 0),
(859, 328, '一般・飲食', NULL, '2015-10-16 13:11:06', '2015-10-16 13:11:06', 0),
(860, 329, 'その他', NULL, '2015-10-16 13:11:06', '2015-10-16 13:11:06', 0),
(861, 329, '男装ホスト', NULL, '2015-10-16 13:11:06', '2015-10-16 13:11:06', 0),
(862, 330, 'ニューハーフクラブ', NULL, '2015-10-16 13:11:06', '2015-10-16 13:11:06', 0),
(863, 330, 'ニューハーフパブ', NULL, '2015-10-16 13:11:06', '2015-10-16 13:11:06', 0),
(864, 331, 'ニュークラブ', NULL, '2015-10-16 13:11:06', '2015-10-16 13:11:06', 0),
(865, 331, '姉クラ', NULL, '2015-10-16 13:11:06', '2015-10-16 13:11:06', 0),
(866, 332, 'クラブ', NULL, '2015-10-16 13:11:06', '2015-10-16 13:11:06', 0),
(867, 332, 'ラウンジ', NULL, '2015-10-16 13:11:06', '2015-10-16 13:11:06', 0),
(868, 333, 'キャバクラ', NULL, '2015-10-16 13:11:06', '2015-10-16 13:11:06', 0),
(869, 333, 'キャバクラ（セミセクシー）', NULL, '2015-10-16 13:11:06', '2015-10-16 13:11:06', 0),
(870, 333, 'キャバクラ（セクシー）', NULL, '2015-10-16 13:11:06', '2015-10-16 13:11:06', 0),
(871, 333, '昼キャバ', NULL, '2015-10-16 13:11:06', '2015-10-16 13:11:06', 0),
(872, 333, '高級キャバクラ', NULL, '2015-10-16 13:11:06', '2015-10-16 13:11:06', 0),
(873, 333, '朝キャバ', NULL, '2015-10-16 13:11:06', '2015-10-16 13:11:06', 0),
(874, 334, 'パブクラブ', NULL, '2015-10-16 13:11:06', '2015-10-16 13:11:06', 0),
(875, 334, '姉・熟キャバ', NULL, '2015-10-16 13:11:06', '2015-10-16 13:11:06', 0),
(876, 335, 'スナック', NULL, '2015-10-16 13:11:06', '2015-10-16 13:11:06', 0),
(877, 336, 'ガールズバー', NULL, '2015-10-16 13:11:06', '2015-10-16 13:11:06', 0),
(878, 337, 'ヘアサロン', NULL, '2015-10-16 13:11:06', '2015-10-16 13:11:06', 0),
(879, 337, 'BAR', NULL, '2015-10-16 13:11:06', '2015-10-16 13:11:06', 0),
(880, 337, 'SMバー', NULL, '2015-10-16 13:11:06', '2015-10-16 13:11:06', 0),
(881, 338, 'セクキャバ', NULL, '2015-10-16 13:11:06', '2015-10-16 13:11:06', 0),
(882, 338, 'ハッスル', NULL, '2015-10-16 13:11:06', '2015-10-16 13:11:06', 0),
(883, 338, 'まったり', NULL, '2015-10-16 13:11:06', '2015-10-16 13:11:06', 0),
(884, 338, 'いちゃキャバ', NULL, '2015-10-16 13:11:06', '2015-10-16 13:11:06', 0),
(885, 339, 'ツーショットキャバクラ', NULL, '2015-10-16 13:11:06', '2015-10-16 13:11:06', 0),
(886, 340, 'フィリピンパブ', NULL, '2015-10-16 13:11:06', '2015-10-16 13:11:06', 0),
(887, 340, 'ロシアンパブ', NULL, '2015-10-16 13:11:06', '2015-10-16 13:11:06', 0),
(888, 340, 'ヨーロピアンパブ', NULL, '2015-10-16 13:11:06', '2015-10-16 13:11:06', 0),
(889, 340, '韓国クラブ', NULL, '2015-10-16 13:11:06', '2015-10-16 13:11:06', 0),
(890, 340, '中国クラブ', NULL, '2015-10-16 13:11:06', '2015-10-16 13:11:06', 0),
(891, 340, 'アジアンクラブ', NULL, '2015-10-16 13:11:06', '2015-10-16 13:11:06', 0),
(892, 341, '一般・飲食', NULL, '2015-10-16 13:11:06', '2015-10-16 13:11:06', 0),
(893, 342, 'その他', NULL, '2015-10-16 13:11:06', '2015-10-16 13:11:06', 0),
(894, 342, '男装ホスト', NULL, '2015-10-16 13:11:06', '2015-10-16 13:11:06', 0),
(895, 343, 'ニューハーフクラブ', NULL, '2015-10-16 13:11:06', '2015-10-16 13:11:06', 0),
(896, 343, 'ニューハーフパブ', NULL, '2015-10-16 13:11:06', '2015-10-16 13:11:06', 0),
(897, 344, 'ニュークラブ', NULL, '2015-10-16 13:11:06', '2015-10-16 13:11:06', 0),
(898, 344, '姉クラ', NULL, '2015-10-16 13:11:06', '2015-10-16 13:11:06', 0),
(899, 345, 'クラブ', NULL, '2015-10-16 13:11:06', '2015-10-16 13:11:06', 0),
(900, 345, 'ラウンジ', NULL, '2015-10-16 13:11:06', '2015-10-16 13:11:06', 0),
(901, 346, 'キャバクラ', NULL, '2015-10-16 13:11:06', '2015-10-16 13:11:06', 0),
(902, 346, 'キャバクラ（セミセクシー）', NULL, '2015-10-16 13:11:06', '2015-10-16 13:11:06', 0),
(903, 346, 'キャバクラ（セクシー）', NULL, '2015-10-16 13:11:06', '2015-10-16 13:11:06', 0),
(904, 346, '昼キャバ', NULL, '2015-10-16 13:11:06', '2015-10-16 13:11:06', 0),
(905, 346, '高級キャバクラ', NULL, '2015-10-16 13:11:06', '2015-10-16 13:11:06', 0),
(906, 346, '朝キャバ', NULL, '2015-10-16 13:11:06', '2015-10-16 13:11:06', 0),
(907, 347, 'パブクラブ', NULL, '2015-10-16 13:11:06', '2015-10-16 13:11:06', 0),
(908, 347, '姉・熟キャバ', NULL, '2015-10-16 13:11:06', '2015-10-16 13:11:06', 0),
(909, 348, 'スナック', NULL, '2015-10-16 13:11:06', '2015-10-16 13:11:06', 0),
(910, 349, 'ガールズバー', NULL, '2015-10-16 13:11:06', '2015-10-16 13:11:06', 0),
(911, 350, 'ヘアサロン', NULL, '2015-10-16 13:11:06', '2015-10-16 13:11:06', 0),
(912, 350, 'BAR', NULL, '2015-10-16 13:11:06', '2015-10-16 13:11:06', 0),
(913, 350, 'SMバー', NULL, '2015-10-16 13:11:06', '2015-10-16 13:11:06', 0),
(914, 351, 'セクキャバ', NULL, '2015-10-16 13:11:06', '2015-10-16 13:11:06', 0),
(915, 351, 'ハッスル', NULL, '2015-10-16 13:11:06', '2015-10-16 13:11:06', 0),
(916, 351, 'まったり', NULL, '2015-10-16 13:11:06', '2015-10-16 13:11:06', 0),
(917, 351, 'いちゃキャバ', NULL, '2015-10-16 13:11:06', '2015-10-16 13:11:06', 0),
(918, 352, 'ツーショットキャバクラ', NULL, '2015-10-16 13:11:06', '2015-10-16 13:11:06', 0),
(919, 353, 'フィリピンパブ', NULL, '2015-10-16 13:11:06', '2015-10-16 13:11:06', 0),
(920, 353, 'ロシアンパブ', NULL, '2015-10-16 13:11:06', '2015-10-16 13:11:06', 0),
(921, 353, 'ヨーロピアンパブ', NULL, '2015-10-16 13:11:06', '2015-10-16 13:11:06', 0),
(922, 353, '韓国クラブ', NULL, '2015-10-16 13:11:06', '2015-10-16 13:11:06', 0),
(923, 353, '中国クラブ', NULL, '2015-10-16 13:11:06', '2015-10-16 13:11:06', 0),
(924, 353, 'アジアンクラブ', NULL, '2015-10-16 13:11:06', '2015-10-16 13:11:06', 0),
(925, 354, '一般・飲食', NULL, '2015-10-16 13:11:06', '2015-10-16 13:11:06', 0),
(926, 355, 'その他', NULL, '2015-10-16 13:11:06', '2015-10-16 13:11:06', 0),
(927, 355, '男装ホスト', NULL, '2015-10-16 13:11:06', '2015-10-16 13:11:06', 0),
(928, 356, 'ニューハーフクラブ', NULL, '2015-10-16 13:11:06', '2015-10-16 13:11:06', 0),
(929, 356, 'ニューハーフパブ', NULL, '2015-10-16 13:11:06', '2015-10-16 13:11:06', 0),
(930, 357, 'ニュークラブ', NULL, '2015-10-16 13:11:06', '2015-10-16 13:11:06', 0),
(931, 357, '姉クラ', NULL, '2015-10-16 13:11:06', '2015-10-16 13:11:06', 0),
(932, 358, 'クラブ', NULL, '2015-10-16 13:11:06', '2015-10-16 13:11:06', 0),
(933, 358, 'ラウンジ', NULL, '2015-10-16 13:11:06', '2015-10-16 13:11:06', 0),
(934, 359, 'キャバクラ', NULL, '2015-10-16 13:11:06', '2015-10-16 13:11:06', 0),
(935, 359, 'キャバクラ（セミセクシー）', NULL, '2015-10-16 13:11:06', '2015-10-16 13:11:06', 0),
(936, 359, 'キャバクラ（セクシー）', NULL, '2015-10-16 13:11:06', '2015-10-16 13:11:06', 0),
(937, 359, '昼キャバ', NULL, '2015-10-16 13:11:06', '2015-10-16 13:11:06', 0),
(938, 359, '高級キャバクラ', NULL, '2015-10-16 13:11:06', '2015-10-16 13:11:06', 0),
(939, 359, '朝キャバ', NULL, '2015-10-16 13:11:06', '2015-10-16 13:11:06', 0),
(940, 360, 'パブクラブ', NULL, '2015-10-16 13:11:06', '2015-10-16 13:11:06', 0),
(941, 360, '姉・熟キャバ', NULL, '2015-10-16 13:11:06', '2015-10-16 13:11:06', 0),
(942, 361, 'スナック', NULL, '2015-10-16 13:11:06', '2015-10-16 13:11:06', 0),
(943, 362, 'ガールズバー', NULL, '2015-10-16 13:11:06', '2015-10-16 13:11:06', 0),
(944, 363, 'ヘアサロン', NULL, '2015-10-16 13:11:06', '2015-10-16 13:11:06', 0),
(945, 363, 'BAR', NULL, '2015-10-16 13:11:06', '2015-10-16 13:11:06', 0),
(946, 363, 'SMバー', NULL, '2015-10-16 13:11:06', '2015-10-16 13:11:06', 0),
(947, 364, 'セクキャバ', NULL, '2015-10-16 13:11:06', '2015-10-16 13:11:06', 0),
(948, 364, 'ハッスル', NULL, '2015-10-16 13:11:06', '2015-10-16 13:11:06', 0),
(949, 364, 'まったり', NULL, '2015-10-16 13:11:06', '2015-10-16 13:11:06', 0),
(950, 364, 'いちゃキャバ', NULL, '2015-10-16 13:11:06', '2015-10-16 13:11:06', 0),
(951, 365, 'ツーショットキャバクラ', NULL, '2015-10-16 13:11:06', '2015-10-16 13:11:06', 0),
(952, 366, 'フィリピンパブ', NULL, '2015-10-16 13:11:06', '2015-10-16 13:11:06', 0),
(953, 366, 'ロシアンパブ', NULL, '2015-10-16 13:11:06', '2015-10-16 13:11:06', 0),
(954, 366, 'ヨーロピアンパブ', NULL, '2015-10-16 13:11:06', '2015-10-16 13:11:06', 0),
(955, 366, '韓国クラブ', NULL, '2015-10-16 13:11:06', '2015-10-16 13:11:06', 0),
(956, 366, '中国クラブ', NULL, '2015-10-16 13:11:06', '2015-10-16 13:11:06', 0),
(957, 366, 'アジアンクラブ', NULL, '2015-10-16 13:11:06', '2015-10-16 13:11:06', 0),
(958, 367, '一般・飲食', NULL, '2015-10-16 13:11:06', '2015-10-16 13:11:06', 0),
(959, 368, 'その他', NULL, '2015-10-16 13:11:06', '2015-10-16 13:11:06', 0),
(960, 368, '男装ホスト', NULL, '2015-10-16 13:11:06', '2015-10-16 13:11:06', 0),
(961, 369, 'ニューハーフクラブ', NULL, '2015-10-16 13:11:06', '2015-10-16 13:11:06', 0),
(962, 369, 'ニューハーフパブ', NULL, '2015-10-16 13:11:06', '2015-10-16 13:11:06', 0),
(963, 370, 'ニュークラブ', NULL, '2015-10-16 13:11:06', '2015-10-16 13:11:06', 0),
(964, 370, '姉クラ', NULL, '2015-10-16 13:11:06', '2015-10-16 13:11:06', 0),
(965, 371, 'クラブ', NULL, '2015-10-16 13:11:06', '2015-10-16 13:11:06', 0),
(966, 371, 'ラウンジ', NULL, '2015-10-16 13:11:06', '2015-10-16 13:11:06', 0),
(967, 372, 'キャバクラ', NULL, '2015-10-16 13:11:06', '2015-10-16 13:11:06', 0),
(968, 372, 'キャバクラ（セミセクシー）', NULL, '2015-10-16 13:11:06', '2015-10-16 13:11:06', 0),
(969, 372, 'キャバクラ（セクシー）', NULL, '2015-10-16 13:11:06', '2015-10-16 13:11:06', 0),
(970, 372, '昼キャバ', NULL, '2015-10-16 13:11:06', '2015-10-16 13:11:06', 0),
(971, 372, '高級キャバクラ', NULL, '2015-10-16 13:11:06', '2015-10-16 13:11:06', 0),
(972, 372, '朝キャバ', NULL, '2015-10-16 13:11:06', '2015-10-16 13:11:06', 0),
(973, 373, 'パブクラブ', NULL, '2015-10-16 13:11:06', '2015-10-16 13:11:06', 0),
(974, 373, '姉・熟キャバ', NULL, '2015-10-16 13:11:06', '2015-10-16 13:11:06', 0),
(975, 374, 'スナック', NULL, '2015-10-16 13:11:06', '2015-10-16 13:11:06', 0),
(976, 375, 'ガールズバー', NULL, '2015-10-16 13:11:06', '2015-10-16 13:11:06', 0),
(977, 376, 'ヘアサロン', NULL, '2015-10-16 13:11:06', '2015-10-16 13:11:06', 0),
(978, 376, 'BAR', NULL, '2015-10-16 13:11:06', '2015-10-16 13:11:06', 0),
(979, 376, 'SMバー', NULL, '2015-10-16 13:11:06', '2015-10-16 13:11:06', 0),
(980, 377, 'セクキャバ', NULL, '2015-10-16 13:11:06', '2015-10-16 13:11:06', 0),
(981, 377, 'ハッスル', NULL, '2015-10-16 13:11:06', '2015-10-16 13:11:06', 0),
(982, 377, 'まったり', NULL, '2015-10-16 13:11:06', '2015-10-16 13:11:06', 0),
(983, 377, 'いちゃキャバ', NULL, '2015-10-16 13:11:06', '2015-10-16 13:11:06', 0),
(984, 378, 'ツーショットキャバクラ', NULL, '2015-10-16 13:11:06', '2015-10-16 13:11:06', 0),
(985, 379, 'フィリピンパブ', NULL, '2015-10-16 13:11:06', '2015-10-16 13:11:06', 0),
(986, 379, 'ロシアンパブ', NULL, '2015-10-16 13:11:06', '2015-10-16 13:11:06', 0),
(987, 379, 'ヨーロピアンパブ', NULL, '2015-10-16 13:11:06', '2015-10-16 13:11:06', 0),
(988, 379, '韓国クラブ', NULL, '2015-10-16 13:11:06', '2015-10-16 13:11:06', 0),
(989, 379, '中国クラブ', NULL, '2015-10-16 13:11:06', '2015-10-16 13:11:06', 0),
(990, 379, 'アジアンクラブ', NULL, '2015-10-16 13:11:06', '2015-10-16 13:11:06', 0),
(991, 380, '一般・飲食', NULL, '2015-10-16 13:11:06', '2015-10-16 13:11:06', 0),
(992, 381, 'その他', NULL, '2015-10-16 13:11:06', '2015-10-16 13:11:06', 0),
(993, 381, '男装ホスト', NULL, '2015-10-16 13:11:06', '2015-10-16 13:11:06', 0),
(994, 382, 'ニューハーフクラブ', NULL, '2015-10-16 13:11:06', '2015-10-16 13:11:06', 0),
(995, 382, 'ニューハーフパブ', NULL, '2015-10-16 13:11:06', '2015-10-16 13:11:06', 0),
(996, 383, 'ニュークラブ', NULL, '2015-10-16 13:11:06', '2015-10-16 13:11:06', 0),
(997, 383, '姉クラ', NULL, '2015-10-16 13:11:06', '2015-10-16 13:11:06', 0),
(998, 384, 'クラブ', NULL, '2015-10-16 13:11:06', '2015-10-16 13:11:06', 0),
(999, 384, 'ラウンジ', NULL, '2015-10-16 13:11:06', '2015-10-16 13:11:06', 0),
(1000, 385, 'キャバクラ', NULL, '2015-10-16 13:11:06', '2015-10-16 13:11:06', 0),
(1001, 385, 'キャバクラ（セミセクシー）', NULL, '2015-10-16 13:11:06', '2015-10-16 13:11:06', 0),
(1002, 385, 'キャバクラ（セクシー）', NULL, '2015-10-16 13:11:06', '2015-10-16 13:11:06', 0),
(1003, 385, '昼キャバ', NULL, '2015-10-16 13:11:06', '2015-10-16 13:11:06', 0),
(1004, 385, '高級キャバクラ', NULL, '2015-10-16 13:11:06', '2015-10-16 13:11:06', 0),
(1005, 385, '朝キャバ', NULL, '2015-10-16 13:11:06', '2015-10-16 13:11:06', 0),
(1006, 386, 'パブクラブ', NULL, '2015-10-16 13:11:06', '2015-10-16 13:11:06', 0),
(1007, 386, '姉・熟キャバ', NULL, '2015-10-16 13:11:06', '2015-10-16 13:11:06', 0),
(1008, 387, 'スナック', NULL, '2015-10-16 13:11:06', '2015-10-16 13:11:06', 0),
(1009, 388, 'ガールズバー', NULL, '2015-10-16 13:11:06', '2015-10-16 13:11:06', 0),
(1010, 389, 'ヘアサロン', NULL, '2015-10-16 13:11:06', '2015-10-16 13:11:06', 0),
(1011, 389, 'BAR', NULL, '2015-10-16 13:11:06', '2015-10-16 13:11:06', 0),
(1012, 389, 'SMバー', NULL, '2015-10-16 13:11:06', '2015-10-16 13:11:06', 0),
(1013, 390, 'セクキャバ', NULL, '2015-10-16 13:11:06', '2015-10-16 13:11:06', 0),
(1014, 390, 'ハッスル', NULL, '2015-10-16 13:11:06', '2015-10-16 13:11:06', 0),
(1015, 390, 'まったり', NULL, '2015-10-16 13:11:06', '2015-10-16 13:11:06', 0),
(1016, 390, 'いちゃキャバ', NULL, '2015-10-16 13:11:06', '2015-10-16 13:11:06', 0),
(1017, 391, 'ツーショットキャバクラ', NULL, '2015-10-16 13:11:06', '2015-10-16 13:11:06', 0),
(1018, 392, 'フィリピンパブ', NULL, '2015-10-16 13:11:06', '2015-10-16 13:11:06', 0),
(1019, 392, 'ロシアンパブ', NULL, '2015-10-16 13:11:06', '2015-10-16 13:11:06', 0),
(1020, 392, 'ヨーロピアンパブ', NULL, '2015-10-16 13:11:06', '2015-10-16 13:11:06', 0),
(1021, 392, '韓国クラブ', NULL, '2015-10-16 13:11:06', '2015-10-16 13:11:06', 0),
(1022, 392, '中国クラブ', NULL, '2015-10-16 13:11:06', '2015-10-16 13:11:06', 0),
(1023, 392, 'アジアンクラブ', NULL, '2015-10-16 13:11:06', '2015-10-16 13:11:06', 0),
(1024, 393, '一般・飲食', NULL, '2015-10-16 13:11:06', '2015-10-16 13:11:06', 0),
(1025, 394, 'その他', NULL, '2015-10-16 13:11:06', '2015-10-16 13:11:06', 0),
(1026, 394, '男装ホスト', NULL, '2015-10-16 13:11:06', '2015-10-16 13:11:06', 0),
(1027, 395, 'ニューハーフクラブ', NULL, '2015-10-16 13:11:06', '2015-10-16 13:11:06', 0),
(1028, 395, 'ニューハーフパブ', NULL, '2015-10-16 13:11:06', '2015-10-16 13:11:06', 0),
(1029, 396, 'ニュークラブ', NULL, '2015-10-16 13:11:06', '2015-10-16 13:11:06', 0),
(1030, 396, '姉クラ', NULL, '2015-10-16 13:11:06', '2015-10-16 13:11:06', 0),
(1031, 397, 'クラブ', NULL, '2015-10-16 13:11:06', '2015-10-16 13:11:06', 0),
(1032, 397, 'ラウンジ', NULL, '2015-10-16 13:11:06', '2015-10-16 13:11:06', 0),
(1033, 398, 'キャバクラ', NULL, '2015-10-16 13:11:06', '2015-10-16 13:11:06', 0),
(1034, 398, 'キャバクラ（セミセクシー）', NULL, '2015-10-16 13:11:06', '2015-10-16 13:11:06', 0),
(1035, 398, 'キャバクラ（セクシー）', NULL, '2015-10-16 13:11:06', '2015-10-16 13:11:06', 0),
(1036, 398, '昼キャバ', NULL, '2015-10-16 13:11:06', '2015-10-16 13:11:06', 0),
(1037, 398, '高級キャバクラ', NULL, '2015-10-16 13:11:06', '2015-10-16 13:11:06', 0),
(1038, 398, '朝キャバ', NULL, '2015-10-16 13:11:06', '2015-10-16 13:11:06', 0),
(1039, 399, 'パブクラブ', NULL, '2015-10-16 13:11:06', '2015-10-16 13:11:06', 0),
(1040, 399, '姉・熟キャバ', NULL, '2015-10-16 13:11:06', '2015-10-16 13:11:06', 0),
(1041, 400, 'スナック', NULL, '2015-10-16 13:11:06', '2015-10-16 13:11:06', 0),
(1042, 401, 'ガールズバー', NULL, '2015-10-16 13:11:06', '2015-10-16 13:11:06', 0),
(1043, 402, 'ヘアサロン', NULL, '2015-10-16 13:11:06', '2015-10-16 13:11:06', 0),
(1044, 402, 'BAR', NULL, '2015-10-16 13:11:06', '2015-10-16 13:11:06', 0),
(1045, 402, 'SMバー', NULL, '2015-10-16 13:11:06', '2015-10-16 13:11:06', 0),
(1046, 403, 'セクキャバ', NULL, '2015-10-16 13:11:06', '2015-10-16 13:11:06', 0),
(1047, 403, 'ハッスル', NULL, '2015-10-16 13:11:06', '2015-10-16 13:11:06', 0),
(1048, 403, 'まったり', NULL, '2015-10-16 13:11:06', '2015-10-16 13:11:06', 0),
(1049, 403, 'いちゃキャバ', NULL, '2015-10-16 13:11:06', '2015-10-16 13:11:06', 0),
(1050, 404, 'ツーショットキャバクラ', NULL, '2015-10-16 13:11:06', '2015-10-16 13:11:06', 0),
(1051, 405, 'フィリピンパブ', NULL, '2015-10-16 13:11:06', '2015-10-16 13:11:06', 0),
(1052, 405, 'ロシアンパブ', NULL, '2015-10-16 13:11:06', '2015-10-16 13:11:06', 0),
(1053, 405, 'ヨーロピアンパブ', NULL, '2015-10-16 13:11:06', '2015-10-16 13:11:06', 0),
(1054, 405, '韓国クラブ', NULL, '2015-10-16 13:11:06', '2015-10-16 13:11:06', 0),
(1055, 405, '中国クラブ', NULL, '2015-10-16 13:11:06', '2015-10-16 13:11:06', 0),
(1056, 405, 'アジアンクラブ', NULL, '2015-10-16 13:11:06', '2015-10-16 13:11:06', 0),
(1057, 406, '一般・飲食', NULL, '2015-10-16 13:11:06', '2015-10-16 13:11:06', 0),
(1058, 407, 'その他', NULL, '2015-10-16 13:11:06', '2015-10-16 13:11:06', 0),
(1059, 407, '男装ホスト', NULL, '2015-10-16 13:11:06', '2015-10-16 13:11:06', 0),
(1060, 408, 'ニューハーフクラブ', NULL, '2015-10-16 13:11:06', '2015-10-16 13:11:06', 0),
(1061, 408, 'ニューハーフパブ', NULL, '2015-10-16 13:11:06', '2015-10-16 13:11:06', 0),
(1062, 409, 'ニュークラブ', NULL, '2015-10-16 13:11:06', '2015-10-16 13:11:06', 0),
(1063, 409, '姉クラ', NULL, '2015-10-16 13:11:06', '2015-10-16 13:11:06', 0),
(1064, 410, 'クラブ', NULL, '2015-10-16 13:11:06', '2015-10-16 13:11:06', 0),
(1065, 410, 'ラウンジ', NULL, '2015-10-16 13:11:06', '2015-10-16 13:11:06', 0),
(1066, 411, 'キャバクラ', NULL, '2015-10-16 13:11:06', '2015-10-16 13:11:06', 0),
(1067, 411, 'キャバクラ（セミセクシー）', NULL, '2015-10-16 13:11:06', '2015-10-16 13:11:06', 0),
(1068, 411, 'キャバクラ（セクシー）', NULL, '2015-10-16 13:11:06', '2015-10-16 13:11:06', 0),
(1069, 411, '昼キャバ', NULL, '2015-10-16 13:11:06', '2015-10-16 13:11:06', 0),
(1070, 411, '高級キャバクラ', NULL, '2015-10-16 13:11:06', '2015-10-16 13:11:06', 0),
(1071, 411, '朝キャバ', NULL, '2015-10-16 13:11:06', '2015-10-16 13:11:06', 0),
(1072, 412, 'パブクラブ', NULL, '2015-10-16 13:11:06', '2015-10-16 13:11:06', 0),
(1073, 412, '姉・熟キャバ', NULL, '2015-10-16 13:11:06', '2015-10-16 13:11:06', 0),
(1074, 413, 'スナック', NULL, '2015-10-16 13:11:06', '2015-10-16 13:11:06', 0),
(1075, 414, 'ガールズバー', NULL, '2015-10-16 13:11:06', '2015-10-16 13:11:06', 0),
(1076, 415, 'ヘアサロン', NULL, '2015-10-16 13:11:06', '2015-10-16 13:11:06', 0),
(1077, 415, 'BAR', NULL, '2015-10-16 13:11:06', '2015-10-16 13:11:06', 0),
(1078, 415, 'SMバー', NULL, '2015-10-16 13:11:06', '2015-10-16 13:11:06', 0),
(1079, 416, 'セクキャバ', NULL, '2015-10-16 13:11:06', '2015-10-16 13:11:06', 0),
(1080, 416, 'ハッスル', NULL, '2015-10-16 13:11:06', '2015-10-16 13:11:06', 0),
(1081, 416, 'まったり', NULL, '2015-10-16 13:11:06', '2015-10-16 13:11:06', 0),
(1082, 416, 'いちゃキャバ', NULL, '2015-10-16 13:11:06', '2015-10-16 13:11:06', 0),
(1083, 417, 'ツーショットキャバクラ', NULL, '2015-10-16 13:11:06', '2015-10-16 13:11:06', 0),
(1084, 418, 'フィリピンパブ', NULL, '2015-10-16 13:11:06', '2015-10-16 13:11:06', 0),
(1085, 418, 'ロシアンパブ', NULL, '2015-10-16 13:11:06', '2015-10-16 13:11:06', 0),
(1086, 418, 'ヨーロピアンパブ', NULL, '2015-10-16 13:11:06', '2015-10-16 13:11:06', 0),
(1087, 418, '韓国クラブ', NULL, '2015-10-16 13:11:06', '2015-10-16 13:11:06', 0),
(1088, 418, '中国クラブ', NULL, '2015-10-16 13:11:06', '2015-10-16 13:11:06', 0),
(1089, 418, 'アジアンクラブ', NULL, '2015-10-16 13:11:06', '2015-10-16 13:11:06', 0),
(1090, 419, '一般・飲食', NULL, '2015-10-16 13:11:06', '2015-10-16 13:11:06', 0),
(1091, 420, 'その他', NULL, '2015-10-16 13:11:06', '2015-10-16 13:11:06', 0),
(1092, 420, '男装ホスト', NULL, '2015-10-16 13:11:06', '2015-10-16 13:11:06', 0),
(1093, 421, 'ニューハーフクラブ', NULL, '2015-10-16 13:11:06', '2015-10-16 13:11:06', 0),
(1094, 421, 'ニューハーフパブ', NULL, '2015-10-16 13:11:06', '2015-10-16 13:11:06', 0),
(1095, 422, 'ニュークラブ', NULL, '2015-10-16 13:11:06', '2015-10-16 13:11:06', 0),
(1096, 422, '姉クラ', NULL, '2015-10-16 13:11:06', '2015-10-16 13:11:06', 0),
(1097, 423, 'クラブ', NULL, '2015-10-16 13:11:06', '2015-10-16 13:11:06', 0),
(1098, 423, 'ラウンジ', NULL, '2015-10-16 13:11:06', '2015-10-16 13:11:06', 0),
(1099, 424, 'キャバクラ', NULL, '2015-10-16 13:11:06', '2015-10-16 13:11:06', 0),
(1100, 424, 'キャバクラ（セミセクシー）', NULL, '2015-10-16 13:11:06', '2015-10-16 13:11:06', 0),
(1101, 424, 'キャバクラ（セクシー）', NULL, '2015-10-16 13:11:06', '2015-10-16 13:11:06', 0),
(1102, 424, '昼キャバ', NULL, '2015-10-16 13:11:06', '2015-10-16 13:11:06', 0),
(1103, 424, '高級キャバクラ', NULL, '2015-10-16 13:11:06', '2015-10-16 13:11:06', 0),
(1104, 424, '朝キャバ', NULL, '2015-10-16 13:11:06', '2015-10-16 13:11:06', 0),
(1105, 425, 'パブクラブ', NULL, '2015-10-16 13:11:06', '2015-10-16 13:11:06', 0),
(1106, 425, '姉・熟キャバ', NULL, '2015-10-16 13:11:06', '2015-10-16 13:11:06', 0),
(1107, 426, 'スナック', NULL, '2015-10-16 13:11:06', '2015-10-16 13:11:06', 0),
(1108, 427, 'ガールズバー', NULL, '2015-10-16 13:11:06', '2015-10-16 13:11:06', 0),
(1109, 428, 'ヘアサロン', NULL, '2015-10-16 13:11:06', '2015-10-16 13:11:06', 0),
(1110, 428, 'BAR', NULL, '2015-10-16 13:11:06', '2015-10-16 13:11:06', 0),
(1111, 428, 'SMバー', NULL, '2015-10-16 13:11:06', '2015-10-16 13:11:06', 0),
(1112, 429, 'セクキャバ', NULL, '2015-10-16 13:11:06', '2015-10-16 13:11:06', 0),
(1113, 429, 'ハッスル', NULL, '2015-10-16 13:11:06', '2015-10-16 13:11:06', 0),
(1114, 429, 'まったり', NULL, '2015-10-16 13:11:06', '2015-10-16 13:11:06', 0),
(1115, 429, 'いちゃキャバ', NULL, '2015-10-16 13:11:06', '2015-10-16 13:11:06', 0),
(1116, 430, 'ツーショットキャバクラ', NULL, '2015-10-16 13:11:06', '2015-10-16 13:11:06', 0),
(1117, 431, 'フィリピンパブ', NULL, '2015-10-16 13:11:06', '2015-10-16 13:11:06', 0),
(1118, 431, 'ロシアンパブ', NULL, '2015-10-16 13:11:06', '2015-10-16 13:11:06', 0),
(1119, 431, 'ヨーロピアンパブ', NULL, '2015-10-16 13:11:06', '2015-10-16 13:11:06', 0),
(1120, 431, '韓国クラブ', NULL, '2015-10-16 13:11:06', '2015-10-16 13:11:06', 0),
(1121, 431, '中国クラブ', NULL, '2015-10-16 13:11:06', '2015-10-16 13:11:06', 0),
(1122, 431, 'アジアンクラブ', NULL, '2015-10-16 13:11:06', '2015-10-16 13:11:06', 0),
(1123, 432, '一般・飲食', NULL, '2015-10-16 13:11:06', '2015-10-16 13:11:06', 0),
(1124, 433, 'その他', NULL, '2015-10-16 13:11:06', '2015-10-16 13:11:06', 0),
(1125, 433, '男装ホスト', NULL, '2015-10-16 13:11:06', '2015-10-16 13:11:06', 0),
(1126, 434, 'ニューハーフクラブ', NULL, '2015-10-16 13:11:06', '2015-10-16 13:11:06', 0),
(1127, 434, 'ニューハーフパブ', NULL, '2015-10-16 13:11:06', '2015-10-16 13:11:06', 0),
(1128, 435, 'ニュークラブ', NULL, '2015-10-16 13:11:06', '2015-10-16 13:11:06', 0),
(1129, 435, '姉クラ', NULL, '2015-10-16 13:11:06', '2015-10-16 13:11:06', 0),
(1130, 436, 'クラブ', NULL, '2015-10-16 13:11:06', '2015-10-16 13:11:06', 0),
(1131, 436, 'ラウンジ', NULL, '2015-10-16 13:11:06', '2015-10-16 13:11:06', 0),
(1132, 437, 'キャバクラ', NULL, '2015-10-16 13:11:06', '2015-10-16 13:11:06', 0),
(1133, 437, 'キャバクラ（セミセクシー）', NULL, '2015-10-16 13:11:06', '2015-10-16 13:11:06', 0),
(1134, 437, 'キャバクラ（セクシー）', NULL, '2015-10-16 13:11:06', '2015-10-16 13:11:06', 0),
(1135, 437, '昼キャバ', NULL, '2015-10-16 13:11:06', '2015-10-16 13:11:06', 0),
(1136, 437, '高級キャバクラ', NULL, '2015-10-16 13:11:06', '2015-10-16 13:11:06', 0),
(1137, 437, '朝キャバ', NULL, '2015-10-16 13:11:06', '2015-10-16 13:11:06', 0),
(1138, 438, 'パブクラブ', NULL, '2015-10-16 13:11:06', '2015-10-16 13:11:06', 0),
(1139, 438, '姉・熟キャバ', NULL, '2015-10-16 13:11:06', '2015-10-16 13:11:06', 0),
(1140, 439, 'スナック', NULL, '2015-10-16 13:11:06', '2015-10-16 13:11:06', 0),
(1141, 440, 'ガールズバー', NULL, '2015-10-16 13:11:06', '2015-10-16 13:11:06', 0),
(1142, 441, 'ヘアサロン', NULL, '2015-10-16 13:11:06', '2015-10-16 13:11:06', 0),
(1143, 441, 'BAR', NULL, '2015-10-16 13:11:06', '2015-10-16 13:11:06', 0),
(1144, 441, 'SMバー', NULL, '2015-10-16 13:11:06', '2015-10-16 13:11:06', 0),
(1145, 442, 'セクキャバ', NULL, '2015-10-16 13:11:06', '2015-10-16 13:11:06', 0),
(1146, 442, 'ハッスル', NULL, '2015-10-16 13:11:06', '2015-10-16 13:11:06', 0),
(1147, 442, 'まったり', NULL, '2015-10-16 13:11:06', '2015-10-16 13:11:06', 0),
(1148, 442, 'いちゃキャバ', NULL, '2015-10-16 13:11:06', '2015-10-16 13:11:06', 0),
(1149, 443, 'ツーショットキャバクラ', NULL, '2015-10-16 13:11:06', '2015-10-16 13:11:06', 0),
(1150, 444, 'フィリピンパブ', NULL, '2015-10-16 13:11:06', '2015-10-16 13:11:06', 0),
(1151, 444, 'ロシアンパブ', NULL, '2015-10-16 13:11:06', '2015-10-16 13:11:06', 0),
(1152, 444, 'ヨーロピアンパブ', NULL, '2015-10-16 13:11:06', '2015-10-16 13:11:06', 0),
(1153, 444, '韓国クラブ', NULL, '2015-10-16 13:11:06', '2015-10-16 13:11:06', 0),
(1154, 444, '中国クラブ', NULL, '2015-10-16 13:11:06', '2015-10-16 13:11:06', 0),
(1155, 444, 'アジアンクラブ', NULL, '2015-10-16 13:11:06', '2015-10-16 13:11:06', 0),
(1156, 445, '一般・飲食', NULL, '2015-10-16 13:11:06', '2015-10-16 13:11:06', 0),
(1157, 446, 'その他', NULL, '2015-10-16 13:11:06', '2015-10-16 13:11:06', 0),
(1158, 446, '男装ホスト', NULL, '2015-10-16 13:11:06', '2015-10-16 13:11:06', 0),
(1159, 447, 'ニューハーフクラブ', NULL, '2015-10-16 13:11:06', '2015-10-16 13:11:06', 0),
(1160, 447, 'ニューハーフパブ', NULL, '2015-10-16 13:11:06', '2015-10-16 13:11:06', 0),
(1161, 448, 'ニュークラブ', NULL, '2015-10-16 13:11:06', '2015-10-16 13:11:06', 0),
(1162, 448, '姉クラ', NULL, '2015-10-16 13:11:06', '2015-10-16 13:11:06', 0),
(1163, 449, 'クラブ', NULL, '2015-10-16 13:11:06', '2015-10-16 13:11:06', 0),
(1164, 449, 'ラウンジ', NULL, '2015-10-16 13:11:06', '2015-10-16 13:11:06', 0),
(1165, 450, 'キャバクラ', NULL, '2015-10-16 13:11:06', '2015-10-16 13:11:06', 0),
(1166, 450, 'キャバクラ（セミセクシー）', NULL, '2015-10-16 13:11:06', '2015-10-16 13:11:06', 0),
(1167, 450, 'キャバクラ（セクシー）', NULL, '2015-10-16 13:11:06', '2015-10-16 13:11:06', 0),
(1168, 450, '昼キャバ', NULL, '2015-10-16 13:11:06', '2015-10-16 13:11:06', 0),
(1169, 450, '高級キャバクラ', NULL, '2015-10-16 13:11:06', '2015-10-16 13:11:06', 0),
(1170, 450, '朝キャバ', NULL, '2015-10-16 13:11:06', '2015-10-16 13:11:06', 0),
(1171, 451, 'パブクラブ', NULL, '2015-10-16 13:11:06', '2015-10-16 13:11:06', 0),
(1172, 451, '姉・熟キャバ', NULL, '2015-10-16 13:11:06', '2015-10-16 13:11:06', 0),
(1173, 452, 'スナック', NULL, '2015-10-16 13:11:06', '2015-10-16 13:11:06', 0),
(1174, 453, 'ガールズバー', NULL, '2015-10-16 13:11:06', '2015-10-16 13:11:06', 0),
(1175, 454, 'ヘアサロン', NULL, '2015-10-16 13:11:06', '2015-10-16 13:11:06', 0),
(1176, 454, 'BAR', NULL, '2015-10-16 13:11:06', '2015-10-16 13:11:06', 0),
(1177, 454, 'SMバー', NULL, '2015-10-16 13:11:06', '2015-10-16 13:11:06', 0),
(1178, 455, 'セクキャバ', NULL, '2015-10-16 13:11:06', '2015-10-16 13:11:06', 0),
(1179, 455, 'ハッスル', NULL, '2015-10-16 13:11:06', '2015-10-16 13:11:06', 0),
(1180, 455, 'まったり', NULL, '2015-10-16 13:11:06', '2015-10-16 13:11:06', 0),
(1181, 455, 'いちゃキャバ', NULL, '2015-10-16 13:11:06', '2015-10-16 13:11:06', 0),
(1182, 456, 'ツーショットキャバクラ', NULL, '2015-10-16 13:11:06', '2015-10-16 13:11:06', 0),
(1183, 457, 'フィリピンパブ', NULL, '2015-10-16 13:11:06', '2015-10-16 13:11:06', 0),
(1184, 457, 'ロシアンパブ', NULL, '2015-10-16 13:11:06', '2015-10-16 13:11:06', 0),
(1185, 457, 'ヨーロピアンパブ', NULL, '2015-10-16 13:11:06', '2015-10-16 13:11:06', 0),
(1186, 457, '韓国クラブ', NULL, '2015-10-16 13:11:06', '2015-10-16 13:11:06', 0),
(1187, 457, '中国クラブ', NULL, '2015-10-16 13:11:06', '2015-10-16 13:11:06', 0),
(1188, 457, 'アジアンクラブ', NULL, '2015-10-16 13:11:06', '2015-10-16 13:11:06', 0),
(1189, 458, '一般・飲食', NULL, '2015-10-16 13:11:06', '2015-10-16 13:11:06', 0),
(1190, 459, 'その他', NULL, '2015-10-16 13:11:06', '2015-10-16 13:11:06', 0),
(1191, 459, '男装ホスト', NULL, '2015-10-16 13:11:06', '2015-10-16 13:11:06', 0),
(1192, 460, 'ニューハーフクラブ', NULL, '2015-10-16 13:11:06', '2015-10-16 13:11:06', 0),
(1193, 460, 'ニューハーフパブ', NULL, '2015-10-16 13:11:06', '2015-10-16 13:11:06', 0),
(1194, 461, 'ニュークラブ', NULL, '2015-10-16 13:11:06', '2015-10-16 13:11:06', 0),
(1195, 461, '姉クラ', NULL, '2015-10-16 13:11:06', '2015-10-16 13:11:06', 0);
INSERT INTO `category_small` (`category_small_id`, `category_midium_id`, `category_small_name`, `rank`, `regist_date`, `update_date`, `delete_flg`) VALUES
(1196, 462, 'クラブ', NULL, '2015-10-16 13:11:06', '2015-10-16 13:11:06', 0),
(1197, 462, 'ラウンジ', NULL, '2015-10-16 13:11:06', '2015-10-16 13:11:06', 0),
(1198, 463, 'キャバクラ', NULL, '2015-10-16 13:11:06', '2015-10-16 13:11:06', 0),
(1199, 463, 'キャバクラ（セミセクシー）', NULL, '2015-10-16 13:11:06', '2015-10-16 13:11:06', 0),
(1200, 463, 'キャバクラ（セクシー）', NULL, '2015-10-16 13:11:06', '2015-10-16 13:11:06', 0),
(1201, 463, '昼キャバ', NULL, '2015-10-16 13:11:06', '2015-10-16 13:11:06', 0),
(1202, 463, '高級キャバクラ', NULL, '2015-10-16 13:11:06', '2015-10-16 13:11:06', 0),
(1203, 463, '朝キャバ', NULL, '2015-10-16 13:11:06', '2015-10-16 13:11:06', 0),
(1204, 464, 'パブクラブ', NULL, '2015-10-16 13:11:06', '2015-10-16 13:11:06', 0),
(1205, 464, '姉・熟キャバ', NULL, '2015-10-16 13:11:06', '2015-10-16 13:11:06', 0),
(1206, 465, 'スナック', NULL, '2015-10-16 13:11:06', '2015-10-16 13:11:06', 0),
(1207, 466, 'ガールズバー', NULL, '2015-10-16 13:11:06', '2015-10-16 13:11:06', 0),
(1208, 467, 'ヘアサロン', NULL, '2015-10-16 13:11:06', '2015-10-16 13:11:06', 0),
(1209, 467, 'BAR', NULL, '2015-10-16 13:11:06', '2015-10-16 13:11:06', 0),
(1210, 467, 'SMバー', NULL, '2015-10-16 13:11:06', '2015-10-16 13:11:06', 0),
(1211, 468, 'セクキャバ', NULL, '2015-10-16 13:11:06', '2015-10-16 13:11:06', 0),
(1212, 468, 'ハッスル', NULL, '2015-10-16 13:11:06', '2015-10-16 13:11:06', 0),
(1213, 468, 'まったり', NULL, '2015-10-16 13:11:06', '2015-10-16 13:11:06', 0),
(1214, 468, 'いちゃキャバ', NULL, '2015-10-16 13:11:06', '2015-10-16 13:11:06', 0),
(1215, 469, 'ツーショットキャバクラ', NULL, '2015-10-16 13:11:06', '2015-10-16 13:11:06', 0),
(1216, 470, 'フィリピンパブ', NULL, '2015-10-16 13:11:06', '2015-10-16 13:11:06', 0),
(1217, 470, 'ロシアンパブ', NULL, '2015-10-16 13:11:06', '2015-10-16 13:11:06', 0),
(1218, 470, 'ヨーロピアンパブ', NULL, '2015-10-16 13:11:06', '2015-10-16 13:11:06', 0),
(1219, 470, '韓国クラブ', NULL, '2015-10-16 13:11:06', '2015-10-16 13:11:06', 0),
(1220, 470, '中国クラブ', NULL, '2015-10-16 13:11:06', '2015-10-16 13:11:06', 0),
(1221, 470, 'アジアンクラブ', NULL, '2015-10-16 13:11:06', '2015-10-16 13:11:06', 0),
(1222, 471, '一般・飲食', NULL, '2015-10-16 13:11:06', '2015-10-16 13:11:06', 0),
(1223, 472, 'その他', NULL, '2015-10-16 13:11:06', '2015-10-16 13:11:06', 0),
(1224, 472, '男装ホスト', NULL, '2015-10-16 13:11:06', '2015-10-16 13:11:06', 0),
(1225, 473, 'ニューハーフクラブ', NULL, '2015-10-16 13:11:06', '2015-10-16 13:11:06', 0),
(1226, 473, 'ニューハーフパブ', NULL, '2015-10-16 13:11:06', '2015-10-16 13:11:06', 0),
(1227, 474, 'ニュークラブ', NULL, '2015-10-16 13:11:06', '2015-10-16 13:11:06', 0),
(1228, 474, '姉クラ', NULL, '2015-10-16 13:11:06', '2015-10-16 13:11:06', 0),
(1229, 475, 'クラブ', NULL, '2015-10-16 13:11:06', '2015-10-16 13:11:06', 0),
(1230, 475, 'ラウンジ', NULL, '2015-10-16 13:11:06', '2015-10-16 13:11:06', 0),
(1231, 476, 'キャバクラ', NULL, '2015-10-16 13:11:06', '2015-10-16 13:11:06', 0),
(1232, 476, 'キャバクラ（セミセクシー）', NULL, '2015-10-16 13:11:06', '2015-10-16 13:11:06', 0),
(1233, 476, 'キャバクラ（セクシー）', NULL, '2015-10-16 13:11:06', '2015-10-16 13:11:06', 0),
(1234, 476, '昼キャバ', NULL, '2015-10-16 13:11:06', '2015-10-16 13:11:06', 0),
(1235, 476, '高級キャバクラ', NULL, '2015-10-16 13:11:06', '2015-10-16 13:11:06', 0),
(1236, 476, '朝キャバ', NULL, '2015-10-16 13:11:06', '2015-10-16 13:11:06', 0),
(1237, 477, 'パブクラブ', NULL, '2015-10-16 13:11:06', '2015-10-16 13:11:06', 0),
(1238, 477, '姉・熟キャバ', NULL, '2015-10-16 13:11:06', '2015-10-16 13:11:06', 0),
(1239, 478, 'スナック', NULL, '2015-10-16 13:11:06', '2015-10-16 13:11:06', 0),
(1240, 479, 'ガールズバー', NULL, '2015-10-16 13:11:06', '2015-10-16 13:11:06', 0),
(1241, 480, 'ヘアサロン', NULL, '2015-10-16 13:11:06', '2015-10-16 13:11:06', 0),
(1242, 480, 'BAR', NULL, '2015-10-16 13:11:06', '2015-10-16 13:11:06', 0),
(1243, 480, 'SMバー', NULL, '2015-10-16 13:11:06', '2015-10-16 13:11:06', 0),
(1244, 481, 'セクキャバ', NULL, '2015-10-16 13:11:06', '2015-10-16 13:11:06', 0),
(1245, 481, 'ハッスル', NULL, '2015-10-16 13:11:06', '2015-10-16 13:11:06', 0),
(1246, 481, 'まったり', NULL, '2015-10-16 13:11:06', '2015-10-16 13:11:06', 0),
(1247, 481, 'いちゃキャバ', NULL, '2015-10-16 13:11:06', '2015-10-16 13:11:06', 0),
(1248, 482, 'ツーショットキャバクラ', NULL, '2015-10-16 13:11:06', '2015-10-16 13:11:06', 0),
(1249, 483, 'フィリピンパブ', NULL, '2015-10-16 13:11:06', '2015-10-16 13:11:06', 0),
(1250, 483, 'ロシアンパブ', NULL, '2015-10-16 13:11:06', '2015-10-16 13:11:06', 0),
(1251, 483, 'ヨーロピアンパブ', NULL, '2015-10-16 13:11:06', '2015-10-16 13:11:06', 0),
(1252, 483, '韓国クラブ', NULL, '2015-10-16 13:11:06', '2015-10-16 13:11:06', 0),
(1253, 483, '中国クラブ', NULL, '2015-10-16 13:11:06', '2015-10-16 13:11:06', 0),
(1254, 483, 'アジアンクラブ', NULL, '2015-10-16 13:11:06', '2015-10-16 13:11:06', 0),
(1255, 484, '一般・飲食', NULL, '2015-10-16 13:11:06', '2015-10-16 13:11:06', 0),
(1256, 485, 'その他', NULL, '2015-10-16 13:11:06', '2015-10-16 13:11:06', 0),
(1257, 485, '男装ホスト', NULL, '2015-10-16 13:11:06', '2015-10-16 13:11:06', 0),
(1258, 486, 'ニューハーフクラブ', NULL, '2015-10-16 13:11:06', '2015-10-16 13:11:06', 0),
(1259, 486, 'ニューハーフパブ', NULL, '2015-10-16 13:11:06', '2015-10-16 13:11:06', 0),
(1260, 487, 'ニュークラブ', NULL, '2015-10-16 13:11:06', '2015-10-16 13:11:06', 0),
(1261, 487, '姉クラ', NULL, '2015-10-16 13:11:06', '2015-10-16 13:11:06', 0),
(1262, 488, 'クラブ', NULL, '2015-10-16 13:11:06', '2015-10-16 13:11:06', 0),
(1263, 488, 'ラウンジ', NULL, '2015-10-16 13:11:06', '2015-10-16 13:11:06', 0),
(1264, 489, 'キャバクラ', NULL, '2015-10-16 13:11:06', '2015-10-16 13:11:06', 0),
(1265, 489, 'キャバクラ（セミセクシー）', NULL, '2015-10-16 13:11:06', '2015-10-16 13:11:06', 0),
(1266, 489, 'キャバクラ（セクシー）', NULL, '2015-10-16 13:11:06', '2015-10-16 13:11:06', 0),
(1267, 489, '昼キャバ', NULL, '2015-10-16 13:11:06', '2015-10-16 13:11:06', 0),
(1268, 489, '高級キャバクラ', NULL, '2015-10-16 13:11:06', '2015-10-16 13:11:06', 0),
(1269, 489, '朝キャバ', NULL, '2015-10-16 13:11:06', '2015-10-16 13:11:06', 0),
(1270, 490, 'パブクラブ', NULL, '2015-10-16 13:11:06', '2015-10-16 13:11:06', 0),
(1271, 490, '姉・熟キャバ', NULL, '2015-10-16 13:11:06', '2015-10-16 13:11:06', 0),
(1272, 491, 'スナック', NULL, '2015-10-16 13:11:06', '2015-10-16 13:11:06', 0),
(1273, 492, 'ガールズバー', NULL, '2015-10-16 13:11:06', '2015-10-16 13:11:06', 0),
(1274, 493, 'ヘアサロン', NULL, '2015-10-16 13:11:06', '2015-10-16 13:11:06', 0),
(1275, 493, 'BAR', NULL, '2015-10-16 13:11:06', '2015-10-16 13:11:06', 0),
(1276, 493, 'SMバー', NULL, '2015-10-16 13:11:06', '2015-10-16 13:11:06', 0),
(1277, 494, 'セクキャバ', NULL, '2015-10-16 13:11:06', '2015-10-16 13:11:06', 0),
(1278, 494, 'ハッスル', NULL, '2015-10-16 13:11:06', '2015-10-16 13:11:06', 0),
(1279, 494, 'まったり', NULL, '2015-10-16 13:11:06', '2015-10-16 13:11:06', 0),
(1280, 494, 'いちゃキャバ', NULL, '2015-10-16 13:11:06', '2015-10-16 13:11:06', 0),
(1281, 495, 'ツーショットキャバクラ', NULL, '2015-10-16 13:11:06', '2015-10-16 13:11:06', 0),
(1282, 496, 'フィリピンパブ', NULL, '2015-10-16 13:11:06', '2015-10-16 13:11:06', 0),
(1283, 496, 'ロシアンパブ', NULL, '2015-10-16 13:11:06', '2015-10-16 13:11:06', 0),
(1284, 496, 'ヨーロピアンパブ', NULL, '2015-10-16 13:11:06', '2015-10-16 13:11:06', 0),
(1285, 496, '韓国クラブ', NULL, '2015-10-16 13:11:06', '2015-10-16 13:11:06', 0),
(1286, 496, '中国クラブ', NULL, '2015-10-16 13:11:06', '2015-10-16 13:11:06', 0),
(1287, 496, 'アジアンクラブ', NULL, '2015-10-16 13:11:06', '2015-10-16 13:11:06', 0),
(1288, 497, '一般・飲食', NULL, '2015-10-16 13:11:06', '2015-10-16 13:11:06', 0),
(1289, 498, 'その他', NULL, '2015-10-16 13:11:06', '2015-10-16 13:11:06', 0),
(1290, 498, '男装ホスト', NULL, '2015-10-16 13:11:06', '2015-10-16 13:11:06', 0),
(1291, 499, 'ニューハーフクラブ', NULL, '2015-10-16 13:11:06', '2015-10-16 13:11:06', 0),
(1292, 499, 'ニューハーフパブ', NULL, '2015-10-16 13:11:06', '2015-10-16 13:11:06', 0),
(1293, 500, 'ニュークラブ', NULL, '2015-10-16 13:11:06', '2015-10-16 13:11:06', 0),
(1294, 500, '姉クラ', NULL, '2015-10-16 13:11:06', '2015-10-16 13:11:06', 0),
(1295, 501, 'クラブ', NULL, '2015-10-16 13:11:06', '2015-10-16 13:11:06', 0),
(1296, 501, 'ラウンジ', NULL, '2015-10-16 13:11:06', '2015-10-16 13:11:06', 0),
(1297, 502, 'キャバクラ', NULL, '2015-10-16 13:11:06', '2015-10-16 13:11:06', 0),
(1298, 502, 'キャバクラ（セミセクシー）', NULL, '2015-10-16 13:11:06', '2015-10-16 13:11:06', 0),
(1299, 502, 'キャバクラ（セクシー）', NULL, '2015-10-16 13:11:06', '2015-10-16 13:11:06', 0),
(1300, 502, '昼キャバ', NULL, '2015-10-16 13:11:06', '2015-10-16 13:11:06', 0),
(1301, 502, '高級キャバクラ', NULL, '2015-10-16 13:11:06', '2015-10-16 13:11:06', 0),
(1302, 502, '朝キャバ', NULL, '2015-10-16 13:11:06', '2015-10-16 13:11:06', 0),
(1303, 503, 'パブクラブ', NULL, '2015-10-16 13:11:06', '2015-10-16 13:11:06', 0),
(1304, 503, '姉・熟キャバ', NULL, '2015-10-16 13:11:06', '2015-10-16 13:11:06', 0),
(1305, 504, 'スナック', NULL, '2015-10-16 13:11:06', '2015-10-16 13:11:06', 0),
(1306, 505, 'ガールズバー', NULL, '2015-10-16 13:11:06', '2015-10-16 13:11:06', 0),
(1307, 506, 'ヘアサロン', NULL, '2015-10-16 13:11:06', '2015-10-16 13:11:06', 0),
(1308, 506, 'BAR', NULL, '2015-10-16 13:11:06', '2015-10-16 13:11:06', 0),
(1309, 506, 'SMバー', NULL, '2015-10-16 13:11:06', '2015-10-16 13:11:06', 0),
(1310, 507, 'セクキャバ', NULL, '2015-10-16 13:11:06', '2015-10-16 13:11:06', 0),
(1311, 507, 'ハッスル', NULL, '2015-10-16 13:11:06', '2015-10-16 13:11:06', 0),
(1312, 507, 'まったり', NULL, '2015-10-16 13:11:06', '2015-10-16 13:11:06', 0),
(1313, 507, 'いちゃキャバ', NULL, '2015-10-16 13:11:06', '2015-10-16 13:11:06', 0),
(1314, 508, 'ツーショットキャバクラ', NULL, '2015-10-16 13:11:06', '2015-10-16 13:11:06', 0),
(1315, 509, 'フィリピンパブ', NULL, '2015-10-16 13:11:06', '2015-10-16 13:11:06', 0),
(1316, 509, 'ロシアンパブ', NULL, '2015-10-16 13:11:06', '2015-10-16 13:11:06', 0),
(1317, 509, 'ヨーロピアンパブ', NULL, '2015-10-16 13:11:06', '2015-10-16 13:11:06', 0),
(1318, 509, '韓国クラブ', NULL, '2015-10-16 13:11:06', '2015-10-16 13:11:06', 0),
(1319, 509, '中国クラブ', NULL, '2015-10-16 13:11:06', '2015-10-16 13:11:06', 0),
(1320, 509, 'アジアンクラブ', NULL, '2015-10-16 13:11:06', '2015-10-16 13:11:06', 0),
(1321, 510, '一般・飲食', NULL, '2015-10-16 13:11:06', '2015-10-16 13:11:06', 0),
(1322, 511, 'その他', NULL, '2015-10-16 13:11:06', '2015-10-16 13:11:06', 0),
(1323, 511, '男装ホスト', NULL, '2015-10-16 13:11:06', '2015-10-16 13:11:06', 0),
(1324, 512, 'ニューハーフクラブ', NULL, '2015-10-16 13:11:06', '2015-10-16 13:11:06', 0),
(1325, 512, 'ニューハーフパブ', NULL, '2015-10-16 13:11:06', '2015-10-16 13:11:06', 0);

-- --------------------------------------------------------

--
-- テーブルの構造 `contact`
--

CREATE TABLE IF NOT EXISTS `contact` (
  `contact_id` bigint(20) NOT NULL AUTO_INCREMENT COMMENT '問合せID',
  `user_id` bigint(20) DEFAULT NULL COMMENT 'ユーザーID : 会員番号',
  `prefectures_id` tinyint(4) NOT NULL COMMENT '都道府県ID',
  `contents` text NOT NULL COMMENT '内容',
  `regist_date` datetime NOT NULL COMMENT '登録日時',
  `update_date` datetime NOT NULL COMMENT '変更日時',
  `delete_flg` tinyint(4) NOT NULL DEFAULT '0' COMMENT '削除フラグ : 0：未削除、1：削除済み',
  PRIMARY KEY (`contact_id`)
) ENGINE=InnoDB DEFAULT CHARSET=utf8 COMMENT='問合せ情報' AUTO_INCREMENT=1 ;

-- --------------------------------------------------------

--
-- テーブルの構造 `coupon`
--

CREATE TABLE IF NOT EXISTS `coupon` (
  `coupon_id` bigint(20) NOT NULL AUTO_INCREMENT COMMENT 'クーポンID',
  `course_id` bigint(20) NOT NULL COMMENT 'コースID',
  `store_id` mediumint(9) NOT NULL COMMENT '店舗ID',
  `status_id` tinyint(4) NOT NULL DEFAULT '0' COMMENT 'ステータス : 0：無効、1：有効',
  `point_kind` tinyint(4) NOT NULL COMMENT 'ポイント種類 : 1：通常ポイント、2：イベントポイント、3：特別ポイント',
  `coupon_name` varchar(50) NOT NULL COMMENT 'クーポン名',
  `minutes` smallint(6) NOT NULL COMMENT '分',
  `price` mediumint(9) NOT NULL DEFAULT '0' COMMENT '料金',
  `point` int(11) NOT NULL COMMENT 'ポイント : ユーザーがサービス利用後に獲得するポイント',
  `use_condition` text COMMENT '利用条件',
  `public_start_date` datetime DEFAULT NULL COMMENT '表示開始日時',
  `public_end_date` datetime DEFAULT NULL COMMENT '表示終了日時',
  `regist_date` datetime NOT NULL COMMENT '登録日時',
  `update_date` datetime NOT NULL COMMENT '変更日時',
  `delete_flg` tinyint(4) NOT NULL DEFAULT '0' COMMENT '削除フラグ : 0：未削除、1：削除済み',
  PRIMARY KEY (`coupon_id`)
) ENGINE=InnoDB DEFAULT CHARSET=utf8 COMMENT='クーポン情報' AUTO_INCREMENT=1 ;

-- --------------------------------------------------------

--
-- テーブルの構造 `course`
--

CREATE TABLE IF NOT EXISTS `course` (
  `course_id` bigint(20) NOT NULL AUTO_INCREMENT COMMENT 'コースID',
  `store_id` mediumint(9) NOT NULL COMMENT '店舗ID',
  `status_id` tinyint(4) NOT NULL DEFAULT '1' COMMENT 'ステータス : 0：無効、1：有効',
  `point_kind` tinyint(4) NOT NULL COMMENT 'ポイント種類 : 0：ポイント区別なし、1：通常ポイント、2：イベントポイント、3：特別ポイント',
  `course_name` varchar(50) NOT NULL COMMENT 'コース名',
  `minutes` smallint(6) NOT NULL COMMENT '分',
  `price` mediumint(9) NOT NULL DEFAULT '0' COMMENT '料金',
  `use_condition` text COMMENT '利用条件',
  `rank` tinyint(4) DEFAULT NULL COMMENT 'ランク順',
  `point_only_flg` tinyint(4) NOT NULL DEFAULT '0' COMMENT 'ポイントのみ利用 : 0：予約不可、1：予約可能',
  `regist_date` datetime NOT NULL COMMENT '登録日時',
  `update_date` datetime NOT NULL COMMENT '変更日時',
  `delete_flg` tinyint(4) NOT NULL DEFAULT '0' COMMENT '削除フラグ : 0：未削除、1：削除済み',
  PRIMARY KEY (`course_id`)
) ENGINE=InnoDB DEFAULT CHARSET=utf8 COMMENT='コース情報' AUTO_INCREMENT=1 ;

-- --------------------------------------------------------

--
-- テーブルの構造 `jpbank_account`
--

CREATE TABLE IF NOT EXISTS `jpbank_account` (
  `bank_account_id` bigint(20) NOT NULL AUTO_INCREMENT COMMENT '銀行口座ID',
  `store_id` mediumint(9) NOT NULL COMMENT '店舗ID',
  `jpbank_symbol1` varchar(20) NOT NULL COMMENT 'ゆうちょ銀行の記号1',
  `jpbank_symbol2` varchar(20) NOT NULL COMMENT 'ゆうちょ銀行の記号2',
  `jpbank_account_number` varchar(30) NOT NULL COMMENT 'ゆうちょ銀行の口座番号',
  `jpbank_account_holder` varchar(50) NOT NULL COMMENT 'ゆうちょ銀行の名義人',
  `regist_date` datetime NOT NULL COMMENT '登録日時',
  `update_date` datetime NOT NULL COMMENT '変更日時',
  `delete_flg` tinyint(4) NOT NULL DEFAULT '0' COMMENT '削除フラグ : 0：未削除、1：削除済み',
  PRIMARY KEY (`bank_account_id`)
) ENGINE=InnoDB DEFAULT CHARSET=utf8 COMMENT='ゆうちょ銀行口座' AUTO_INCREMENT=1 ;

-- --------------------------------------------------------

--
-- テーブルの構造 `news`
--

CREATE TABLE IF NOT EXISTS `news` (
  `news_id` bigint(20) NOT NULL AUTO_INCREMENT COMMENT 'ニュースID',
  `public` tinyint(4) NOT NULL DEFAULT '2' COMMENT '公開 : 0：削除(無効)、1：公開、2：非公開',
  `public_start_date` datetime DEFAULT NULL COMMENT '表示開始日時',
  `public_end_date` datetime DEFAULT NULL COMMENT '表示終了日時',
  `display_date` date NOT NULL COMMENT '表示日付',
  `region_id` tinyint(4) NOT NULL COMMENT '地域ID',
  `title` varchar(100) NOT NULL COMMENT 'タイトル',
  `image1` varchar(100) DEFAULT NULL COMMENT '画像1 : 画像ファイル名',
  `image2` varchar(100) DEFAULT NULL COMMENT '画像2 : 画像ファイル名',
  `image3` varchar(100) DEFAULT NULL COMMENT '画像3 : 画像ファイル名',
  `body` text NOT NULL COMMENT '本文',
  `regist_date` datetime NOT NULL COMMENT '登録日時',
  `update_date` datetime NOT NULL COMMENT '変更日時',
  `delete_flg` tinyint(4) NOT NULL DEFAULT '0' COMMENT '削除フラグ : 0：未削除、1：削除済み',
  PRIMARY KEY (`news_id`)
) ENGINE=InnoDB DEFAULT CHARSET=utf8 COMMENT='ニュース情報' AUTO_INCREMENT=1 ;

-- --------------------------------------------------------

--
-- テーブルの構造 `notice`
--

CREATE TABLE IF NOT EXISTS `notice` (
  `notice_id` bigint(20) NOT NULL AUTO_INCREMENT COMMENT 'お知らせID',
  `store_id` mediumint(9) DEFAULT NULL COMMENT '店舗ID',
  `public` tinyint(4) NOT NULL DEFAULT '2' COMMENT '公開 : 0：削除(無効)、1：公開、2：非公開',
  `public_start_date` datetime DEFAULT NULL COMMENT '表示開始日時',
  `public_end_date` datetime DEFAULT NULL COMMENT '表示終了日時',
  `display_date` date NOT NULL COMMENT '表示日付',
  `title` varchar(100) NOT NULL COMMENT 'タイトル',
  `image1` varchar(100) DEFAULT NULL COMMENT '画像1 : 画像ファイル名',
  `image2` varchar(100) DEFAULT NULL COMMENT '画像2 : 画像ファイル名',
  `image3` varchar(100) DEFAULT NULL COMMENT '画像3 : 画像ファイル名',
  `body` text NOT NULL COMMENT '本文',
  `regist_date` datetime NOT NULL COMMENT '登録日時',
  `update_date` datetime NOT NULL COMMENT '変更日時',
  `delete_flg` tinyint(4) NOT NULL DEFAULT '0' COMMENT '削除フラグ : 0：未削除、1：削除済み',
  PRIMARY KEY (`notice_id`)
) ENGINE=InnoDB DEFAULT CHARSET=utf8 COMMENT='お知らせ情報' AUTO_INCREMENT=1 ;

-- --------------------------------------------------------

--
-- テーブルの構造 `prefectures_master`
--

CREATE TABLE IF NOT EXISTS `prefectures_master` (
  `prefectures_id` tinyint(4) NOT NULL AUTO_INCREMENT COMMENT '都道府県ID',
  `region_id` tinyint(4) NOT NULL COMMENT '地域ID',
  `prefectures_name` varchar(50) NOT NULL COMMENT '都道府県名',
  `prefectures_code` tinyint(4) NOT NULL COMMENT '都道府県コード',
  `regist_date` datetime NOT NULL COMMENT '登録日時',
  `update_date` datetime NOT NULL COMMENT '変更日時',
  `delete_flg` tinyint(4) NOT NULL DEFAULT '0' COMMENT '削除フラグ : 0：未削除、1：削除済み',
  PRIMARY KEY (`prefectures_id`)
) ENGINE=InnoDB  DEFAULT CHARSET=utf8 COMMENT='都道府県マスター' AUTO_INCREMENT=48 ;

--
-- テーブルのデータをダンプしています `prefectures_master`
--

INSERT INTO `prefectures_master` (`prefectures_id`, `region_id`, `prefectures_name`, `prefectures_code`, `regist_date`, `update_date`, `delete_flg`) VALUES
(1, 1, '北海道', 1, '2015-05-11 13:26:45', '2015-05-11 13:26:45', 0),
(2, 2, '宮城県', 4, '2015-05-11 13:26:45', '2015-05-11 13:26:45', 0),
(3, 2, '福島県', 7, '2015-05-11 13:26:45', '2015-05-11 13:26:45', 0),
(4, 2, '岩手県', 3, '2015-05-11 13:26:45', '2015-05-11 13:26:45', 0),
(5, 2, '秋田県', 5, '2015-05-11 13:26:45', '2015-05-11 13:26:45', 0),
(6, 2, '青森県', 2, '2015-05-11 13:26:45', '2015-05-11 13:26:45', 0),
(7, 2, '山形県', 6, '2015-05-11 13:26:45', '2015-05-11 13:26:45', 0),
(8, 3, '新潟県', 15, '2015-05-11 13:26:45', '2015-05-11 13:26:45', 0),
(9, 3, '山梨県', 19, '2015-05-11 13:26:45', '2015-05-11 13:26:45', 0),
(10, 3, '長野県', 20, '2015-05-11 13:26:45', '2015-05-11 13:26:45', 0),
(11, 4, '石川県', 17, '2015-05-11 13:26:45', '2015-05-11 13:26:45', 0),
(12, 4, '富山県', 16, '2015-05-11 13:26:45', '2015-05-11 13:26:45', 0),
(13, 4, '福井県', 18, '2015-05-11 13:26:45', '2015-05-11 13:26:45', 0),
(14, 5, '茨城県', 8, '2015-05-11 13:26:45', '2015-05-11 13:26:45', 0),
(15, 5, '栃木県', 9, '2015-05-11 13:26:45', '2015-05-11 13:26:45', 0),
(16, 6, '埼玉県', 11, '2015-05-11 13:26:45', '2015-05-11 13:26:45', 0),
(17, 6, '群馬県', 10, '2015-05-11 13:26:45', '2015-05-11 13:26:45', 0),
(18, 7, '千葉県', 12, '2015-05-11 13:26:45', '2015-05-11 13:26:45', 0),
(19, 8, '東京都', 13, '2015-05-11 13:26:45', '2015-05-11 13:26:45', 0),
(20, 9, '神奈川県', 14, '2015-05-11 13:26:45', '2015-05-11 13:26:45', 0),
(21, 10, '静岡県', 22, '2015-05-11 13:26:45', '2015-05-11 13:26:45', 0),
(22, 11, '愛知県', 23, '2015-05-11 13:26:45', '2015-05-11 13:26:45', 0),
(23, 11, '岐阜県', 21, '2015-05-11 13:26:45', '2015-05-11 13:26:45', 0),
(24, 11, '三重県', 24, '2015-05-11 13:26:45', '2015-05-11 13:26:45', 0),
(25, 12, '京都府', 26, '2015-05-11 13:26:45', '2015-05-11 13:26:45', 0),
(26, 12, '滋賀県', 25, '2015-05-11 13:26:45', '2015-05-11 13:26:45', 0),
(27, 12, '和歌山県', 30, '2015-05-11 13:26:45', '2015-05-11 13:26:45', 0),
(28, 12, '奈良県', 29, '2015-05-11 13:26:45', '2015-05-11 13:26:45', 0),
(29, 13, '大阪府', 27, '2015-05-11 13:26:45', '2015-05-11 13:26:45', 0),
(30, 14, '兵庫県', 28, '2015-05-11 13:26:45', '2015-05-11 13:26:45', 0),
(31, 15, '広島県', 34, '2015-05-11 13:26:45', '2015-05-11 13:26:45', 0),
(32, 15, '岡山県', 33, '2015-05-11 13:26:45', '2015-05-11 13:26:45', 0),
(33, 15, '鳥取県', 31, '2015-05-11 13:26:45', '2015-05-11 13:26:45', 0),
(34, 15, '島根県', 32, '2015-05-11 13:26:45', '2015-05-11 13:26:45', 0),
(35, 15, '山口県', 35, '2015-05-11 13:26:45', '2015-05-11 13:26:45', 0),
(36, 16, '愛媛県', 38, '2015-05-11 13:26:45', '2015-05-11 13:26:45', 0),
(37, 16, '香川県', 37, '2015-05-11 13:26:45', '2015-05-11 13:26:45', 0),
(38, 16, '徳島県', 36, '2015-05-11 13:26:45', '2015-05-11 13:26:45', 0),
(39, 16, '高知県', 39, '2015-05-11 13:26:45', '2015-05-11 13:26:45', 0),
(40, 17, '福岡県', 40, '2015-05-11 13:26:45', '2015-05-11 13:26:45', 0),
(41, 17, '佐賀県', 41, '2015-05-11 13:26:45', '2015-05-11 13:26:45', 0),
(42, 17, '大分県', 44, '2015-05-11 13:26:45', '2015-05-11 13:26:45', 0),
(43, 17, '長崎県', 42, '2015-05-11 13:26:45', '2015-05-11 13:26:45', 0),
(44, 18, '熊本県', 43, '2015-05-11 13:26:45', '2015-05-11 13:26:45', 0),
(45, 18, '宮崎県', 45, '2015-05-11 13:26:45', '2015-05-11 13:26:45', 0),
(46, 18, '鹿児島県', 46, '2015-05-11 13:26:45', '2015-05-11 13:26:45', 0),
(47, 19, '沖縄県', 47, '2015-05-11 13:26:45', '2015-05-11 13:26:45', 0);

-- --------------------------------------------------------

--
-- テーブルの構造 `region_master`
--

CREATE TABLE IF NOT EXISTS `region_master` (
  `region_id` tinyint(4) NOT NULL AUTO_INCREMENT COMMENT '地域ID',
  `region_name` varchar(50) NOT NULL COMMENT '地域名',
  `rank` tinyint(4) DEFAULT NULL COMMENT 'ランク順',
  `regist_date` datetime NOT NULL COMMENT '登録日時',
  `update_date` datetime NOT NULL COMMENT '変更日時',
  `delete_flg` tinyint(4) NOT NULL DEFAULT '0' COMMENT '削除フラグ : 0：未削除、1：削除済み',
  PRIMARY KEY (`region_id`)
) ENGINE=InnoDB  DEFAULT CHARSET=utf8 COMMENT='地域マスター' AUTO_INCREMENT=20 ;

--
-- テーブルのデータをダンプしています `region_master`
--

INSERT INTO `region_master` (`region_id`, `region_name`, `rank`, `regist_date`, `update_date`, `delete_flg`) VALUES
(1, '北海道', 1, '2015-05-11 13:22:19', '2015-05-11 13:22:19', 0),
(2, '東北', 2, '2015-05-11 13:22:19', '2015-05-11 13:22:19', 0),
(3, '甲信越', 3, '2015-05-11 13:22:19', '2015-05-11 13:22:19', 0),
(4, '北陸', 4, '2015-05-11 13:22:19', '2015-05-11 13:22:19', 0),
(5, '北関東', 5, '2015-05-11 13:22:19', '2015-05-11 13:22:19', 0),
(6, '埼玉群馬', 6, '2015-05-11 13:22:19', '2015-05-11 13:22:19', 0),
(7, '千葉', 7, '2015-05-11 13:22:19', '2015-05-11 13:22:19', 0),
(8, '東京', 8, '2015-05-11 13:22:19', '2015-05-11 13:22:19', 0),
(9, '神奈川', 9, '2015-05-11 13:22:19', '2015-05-11 13:22:19', 0),
(10, '静岡', 10, '2015-05-11 13:22:19', '2015-05-11 13:22:19', 0),
(11, '東海', 11, '2015-05-11 13:22:19', '2015-05-11 13:22:19', 0),
(12, '関西', 12, '2015-05-11 13:22:19', '2015-05-11 13:22:19', 0),
(13, '大阪', 13, '2015-05-11 13:22:19', '2015-05-11 13:22:19', 0),
(14, '兵庫', 14, '2015-05-11 13:22:19', '2015-05-11 13:22:19', 0),
(15, '中国', 15, '2015-05-11 13:22:19', '2015-05-11 13:22:19', 0),
(16, '四国', 16, '2015-05-11 13:22:19', '2015-05-11 13:22:19', 0),
(17, '九州北', 17, '2015-05-11 13:22:19', '2015-05-11 13:22:19', 0),
(18, '九州南', 18, '2015-05-11 13:22:19', '2015-05-11 13:22:19', 0),
(19, '沖縄', 19, '2015-05-11 13:22:19', '2015-05-11 13:22:19', 0);

-- --------------------------------------------------------

--
-- テーブルの構造 `reserved`
--

CREATE TABLE IF NOT EXISTS `reserved` (
  `reserved_id` bigint(20) NOT NULL AUTO_INCREMENT COMMENT '予約ID',
  `store_id` mediumint(9) NOT NULL COMMENT '店舗ID',
  `user_id` bigint(20) NOT NULL COMMENT 'ユーザーID : 会員番号',
  `coupon_id` bigint(20) DEFAULT NULL COMMENT 'クーポンID',
  `course_id` bigint(20) DEFAULT NULL COMMENT 'コースID',
  `reserve_kind` tinyint(4) DEFAULT NULL COMMENT '予約種別 : 1：ポイント、2：イベント、3：ポイントのみ利用',
  `point_code` char(7) DEFAULT NULL COMMENT 'ポイントコード(予約No) : 上位４桁：16進数の店ID\r\n下位３桁：001?999の連番(クーポンID)',
  `status_id` tinyint(4) NOT NULL COMMENT 'ステータス : 0：無効(予約取消)、1：未処理(予約済み)、2：処理完了(予約受理)',
  `course_name` varchar(50) DEFAULT NULL COMMENT 'コース名',
  `coupon_name` varchar(50) DEFAULT NULL COMMENT 'クーポン名',
  `minutes` smallint(6) DEFAULT NULL COMMENT '分',
  `price` mediumint(9) DEFAULT NULL COMMENT '料金',
  `use_condition` text COMMENT '利用条件',
  `reserved_date` datetime DEFAULT NULL COMMENT '予約日時',
  `use_persons` tinyint(4) DEFAULT NULL COMMENT '利用人数',
  `use_date` datetime DEFAULT NULL COMMENT '利用日時 : 店舗への到着予定時刻',
  `reserved_name` varchar(50) DEFAULT NULL COMMENT '予約名',
  `telephone` varchar(15) DEFAULT NULL COMMENT '電話番号',
  `total_price` int(11) DEFAULT NULL COMMENT '支払い合計',
  `use_point` int(11) NOT NULL DEFAULT '0' COMMENT '利用ポイント',
  `get_point` int(11) NOT NULL COMMENT '取得ポイント',
  `regist_date` datetime NOT NULL COMMENT '登録日時',
  `update_date` datetime NOT NULL COMMENT '変更日時',
  `delete_flg` tinyint(4) NOT NULL DEFAULT '0' COMMENT '削除フラグ : 0：未削除、1：削除済み',
  PRIMARY KEY (`reserved_id`)
) ENGINE=InnoDB DEFAULT CHARSET=utf8 COMMENT='予約情報' AUTO_INCREMENT=1 ;

-- --------------------------------------------------------

--
-- テーブルの構造 `store`
--

CREATE TABLE IF NOT EXISTS `store` (
  `store_id` mediumint(9) NOT NULL AUTO_INCREMENT COMMENT '店舗ID',
  `store_hex_id` char(4) DEFAULT NULL COMMENT '店ID : 16進数の店ID',
  `status_id` tinyint(4) NOT NULL DEFAULT '1' COMMENT 'ステータス : 1：準備中、2：運営中、9：停止中',
  `store_name` varchar(50) NOT NULL COMMENT '店舗名',
  `new_arrival` tinyint(4) NOT NULL COMMENT '新着 : 0：既存、1：新着',
  `type_of_industry_id` tinyint(4) NOT NULL COMMENT '業種ID',
  `license` varchar(100) NOT NULL COMMENT '営業許可証',
  `account_name` varchar(50) NOT NULL COMMENT 'アカウント名',
  `login_id` varchar(20) NOT NULL COMMENT 'ログインID',
  `login_password` varchar(20) NOT NULL COMMENT 'ログインパスワード',
  `category_large_id` tinyint(4) NOT NULL COMMENT '大カテゴリーID',
  `category_midium_id` smallint(6) NOT NULL COMMENT '中カテゴリーID',
  `category_small_id` smallint(6) NOT NULL COMMENT '小カテゴリーID',
  `area_first_id` smallint(6) NOT NULL COMMENT '第１エリアID',
  `area_second_id` smallint(6) NOT NULL COMMENT '第２エリアID',
  `area_third_id` smallint(6) NOT NULL COMMENT '第３エリアID',
  `image1` varchar(100) DEFAULT NULL COMMENT '画像1 : 画像ファイル名',
  `image2` varchar(100) DEFAULT NULL COMMENT '画像2 : 画像ファイル名',
  `image3` varchar(100) DEFAULT NULL COMMENT '画像3 : 画像ファイル名',
  `image4` varchar(100) DEFAULT NULL COMMENT '画像4 : 画像ファイル名',
  `image5` varchar(100) DEFAULT NULL COMMENT '画像5 : 画像ファイル名',
  `image6` varchar(100) DEFAULT NULL COMMENT '画像6 : 画像ファイル名',
  `image7` varchar(100) DEFAULT NULL COMMENT '画像7 : 画像ファイル名',
  `image8` varchar(100) DEFAULT NULL COMMENT '画像8 : 画像ファイル名',
  `image9` varchar(100) DEFAULT NULL COMMENT '画像9 : 画像ファイル名',
  `introduction` text COMMENT '紹介文',
  `latitude` double NOT NULL COMMENT '緯度',
  `longitude` double NOT NULL COMMENT '経度',
  `zip_code` varchar(7) NOT NULL COMMENT '郵便番号 : ハイフンなし',
  `prefectures_id` tinyint(4) NOT NULL COMMENT '都道府県ID',
  `address1` varchar(100) NOT NULL COMMENT '市区町村番地',
  `address2` varchar(100) DEFAULT NULL COMMENT 'マンション／ビル名',
  `business_hours` varchar(50) NOT NULL COMMENT '営業時間 : 例．11:00?24:00',
  `telephone` varchar(15) NOT NULL COMMENT '電話番号',
  `owner_telephone` varchar(15) NOT NULL COMMENT '担当者電話番号',
  `holiday` varchar(50) DEFAULT NULL COMMENT '休日',
  `contract_zip_code` varchar(7) NOT NULL COMMENT '契約郵便番号',
  `contract_prefectures_id` tinyint(4) NOT NULL COMMENT '契約都道府県ID',
  `contract_address1` varchar(100) NOT NULL COMMENT '契約市区町村番地',
  `contract_address2` varchar(100) DEFAULT NULL COMMENT '契約マンション／ビル名',
  `contract_telephone` varchar(15) NOT NULL COMMENT '契約電話番号',
  `link_text_outside1` varchar(100) DEFAULT NULL COMMENT '外部サイト用リンクテキスト1',
  `link_text_outside2` varchar(100) DEFAULT NULL COMMENT '外部サイト用リンクテキスト2',
  `link_text_outside3` varchar(100) DEFAULT NULL COMMENT '外部サイト用リンクテキスト3',
  `link_text_outside4` varchar(100) DEFAULT NULL COMMENT '外部サイト用リンクテキスト4',
  `link_text_outside5` varchar(100) DEFAULT NULL COMMENT '外部サイト用リンクテキスト5',
  `url_outside1` varchar(256) DEFAULT NULL COMMENT '外部サイト1 : ヘブンネットURL',
  `url_outside2` varchar(256) DEFAULT NULL COMMENT '外部サイト2 : 夜遊びガイドURL',
  `url_outside3` varchar(256) DEFAULT NULL COMMENT '外部サイト3',
  `url_outside4` varchar(256) DEFAULT NULL COMMENT '外部サイト4',
  `url_outside5` varchar(256) DEFAULT NULL COMMENT '外部サイト5',
  `url_official1` varchar(256) DEFAULT NULL COMMENT '公式サイト1',
  `url_official2` varchar(256) DEFAULT NULL COMMENT '公式サイト2',
  `url_official3` varchar(256) DEFAULT NULL COMMENT '公式サイト3',
  `url_official4` varchar(256) DEFAULT NULL COMMENT '公式サイト4',
  `representative_sei` varchar(30) NOT NULL COMMENT '担当者の姓',
  `representative_mei` varchar(30) NOT NULL COMMENT '担当者の名',
  `representative_email` varchar(256) NOT NULL COMMENT '担当者メールアドレス',
  `reserved_email` varchar(256) NOT NULL COMMENT '予約受信メールアドレス',
  `point_limit` int(11) NOT NULL DEFAULT '0' COMMENT 'ポイント利用枠',
  `base_point` int(11) NOT NULL DEFAULT '20000' COMMENT '月初めに付与するポイント枠',
  `latest_login_date` datetime DEFAULT NULL COMMENT '最終ログイン日時',
  `regist_date` datetime NOT NULL COMMENT '登録日時',
  `update_date` datetime NOT NULL COMMENT '変更日時',
  `delete_flg` tinyint(4) NOT NULL DEFAULT '0' COMMENT '削除フラグ : 0：未削除、1：削除済み',
  PRIMARY KEY (`store_id`)
) ENGINE=InnoDB  DEFAULT CHARSET=utf8 COMMENT='店舗情報' AUTO_INCREMENT=2 ;

--
-- テーブルのデータをダンプしています `store`
--

INSERT INTO `store` (`store_id`, `store_hex_id`, `status_id`, `store_name`, `new_arrival`, `type_of_industry_id`, `license`, `account_name`, `login_id`, `login_password`, `category_large_id`, `category_midium_id`, `category_small_id`, `area_first_id`, `area_second_id`, `area_third_id`, `image1`, `image2`, `image3`, `image4`, `image5`, `image6`, `image7`, `image8`, `image9`, `introduction`, `latitude`, `longitude`, `zip_code`, `prefectures_id`, `address1`, `address2`, `business_hours`, `telephone`, `owner_telephone`, `holiday`, `contract_zip_code`, `contract_prefectures_id`, `contract_address1`, `contract_address2`, `contract_telephone`, `link_text_outside1`, `link_text_outside2`, `link_text_outside3`, `link_text_outside4`, `link_text_outside5`, `url_outside1`, `url_outside2`, `url_outside3`, `url_outside4`, `url_outside5`, `url_official1`, `url_official2`, `url_official3`, `url_official4`, `representative_sei`, `representative_mei`, `representative_email`, `reserved_email`, `point_limit`, `base_point`, `latest_login_date`, `regist_date`, `update_date`, `delete_flg`) VALUES
(1, '0001', 1, 'テスト店舗', 0, 0, '', 'テスト店舗', 'teststore', 'REm0ql7HNzY=', 0, 0, 0, 0, 0, 0, NULL, NULL, NULL, NULL, NULL, NULL, NULL, NULL, NULL, NULL, 0, 0, '', 0, '', NULL, '', '', '', NULL, '', 0, '', NULL, '', NULL, NULL, NULL, NULL, NULL, NULL, NULL, NULL, NULL, NULL, NULL, NULL, NULL, '', '', '', '', '', 0, 0, NULL, '0000-00-00 00:00:00', '0000-00-00 00:00:00', 0);

-- --------------------------------------------------------

--
-- テーブルの構造 `temp_image`
--

CREATE TABLE IF NOT EXISTS `temp_image` (
  `temp_image_id` bigint(20) NOT NULL AUTO_INCREMENT COMMENT '一時画像ID',
  `use_state` tinyint(4) NOT NULL DEFAULT '0' COMMENT '使用状態',
  `dir_path` varchar(100) NOT NULL COMMENT 'ディレクトリパス',
  `file_name` varchar(100) NOT NULL COMMENT 'ファイル名',
  `regist_date` datetime NOT NULL COMMENT '登録日時',
  `update_date` datetime NOT NULL COMMENT '変更日時',
  `delete_flg` tinyint(4) NOT NULL DEFAULT '0' COMMENT '削除フラグ : 0：未削除、1：削除済み',
  PRIMARY KEY (`temp_image_id`)
) ENGINE=InnoDB DEFAULT CHARSET=utf8 COMMENT='一時画像' AUTO_INCREMENT=1 ;

-- --------------------------------------------------------

--
-- テーブルの構造 `user`
--

CREATE TABLE IF NOT EXISTS `user` (
  `user_id` bigint(20) NOT NULL AUTO_INCREMENT COMMENT 'ユーザーID : 会員番号',
  `nickname` varchar(30) NOT NULL COMMENT 'ニックネーム : 重複不可',
  `email` varchar(256) NOT NULL COMMENT 'メールアドレス',
  `birthday` date NOT NULL COMMENT '生年月日',
  `gender` tinyint(1) NOT NULL COMMENT '性別 : 1：男性、2：女性',
  `prefectures_id` tinyint(4) NOT NULL COMMENT '都道府県ID',
  `password` varchar(20) NOT NULL COMMENT 'パスワード',
  `point` int(11) NOT NULL DEFAULT '0' COMMENT '保持ポイント数',
  `status_id` tinyint(4) NOT NULL DEFAULT '1' COMMENT 'ステータス : 1：有効、9：利用不可',
  `latest_login_date` datetime DEFAULT NULL COMMENT '最終ログイン日時',
  `regist_date` datetime NOT NULL COMMENT '登録日時',
  `update_date` datetime NOT NULL COMMENT '変更日時',
  `delete_flg` tinyint(4) NOT NULL DEFAULT '0' COMMENT '削除フラグ : 0：未削除、1：削除済み',
  PRIMARY KEY (`user_id`)
) ENGINE=InnoDB DEFAULT CHARSET=utf8 COMMENT='ユーザー情報' AUTO_INCREMENT=1 ;

-- --------------------------------------------------------

--
-- テーブルの構造 `user_favorite_store`
--

CREATE TABLE IF NOT EXISTS `user_favorite_store` (
  `favorite_id` bigint(20) NOT NULL AUTO_INCREMENT COMMENT 'ユーザーお気に入りID',
  `user_id` bigint(20) NOT NULL COMMENT 'ユーザーID : 会員番号',
  `store_id` mediumint(9) NOT NULL COMMENT '店舗ID',
  `regist_date` datetime NOT NULL COMMENT '登録日時',
  `update_date` datetime NOT NULL COMMENT '変更日時',
  `delete_flg` tinyint(4) NOT NULL DEFAULT '0' COMMENT '削除フラグ : 0：未削除、1：削除済み',
  PRIMARY KEY (`favorite_id`)
) ENGINE=InnoDB DEFAULT CHARSET=utf8 COMMENT='ユーザーお気に入り店舗' AUTO_INCREMENT=1 ;

-- --------------------------------------------------------

--
-- テーブルの構造 `user_hash`
--

CREATE TABLE IF NOT EXISTS `user_hash` (
  `user_hash_id` bigint(20) NOT NULL AUTO_INCREMENT COMMENT 'ユーザーハッシュID',
  `hash` varchar(256) NOT NULL COMMENT 'ハッシュ',
  `hash_type` tinyint(4) NOT NULL COMMENT 'ハッシュタイプ : 1：新規登録、2：リマインダー',
  `user_id` bigint(20) NOT NULL COMMENT 'ユーザーID : 会員番号',
  `limit_date` datetime DEFAULT NULL COMMENT '期限日時',
  `regist_date` datetime NOT NULL COMMENT '登録日時',
  `update_date` datetime NOT NULL COMMENT '変更日時',
  `delete_flg` tinyint(4) NOT NULL DEFAULT '0' COMMENT '削除フラグ : 0：未削除、1：削除済み',
  PRIMARY KEY (`user_hash_id`)
) ENGINE=InnoDB DEFAULT CHARSET=utf8 COMMENT='ユーザーハッシュ' AUTO_INCREMENT=1 ;
